rank,stage_reached,status,written_phrase,intended_pronunciation,approx_phonemes,syllables,stress,category,form,base,identity_flag,pronunciation_ambiguity,pronunciation_ambiguity_note,senior_speakability,memorability,dignity_naturalness,dignity_notes,brand_suitability,common_speech_collision_risk,similar_name_collision_risk,similar_names,tv_background_speech_risk,predicted_acoustic_distinctiveness,predicted_catch_rate_prior,nearest_collisions,trademark_review_flag,gates_failed,mechanical_score,total_preliminary_score,pass_fail,rejection_reason
1,review list (top 100),FOR MICHAEL'S REVIEW,okay verona,okay verona,OW2 K EY1 V ER0 OW1 N AH0,5,2-1-0-1-0,word_name,prefix-required,verona,NEW ASSISTANT IDENTITY - would replace or sit beside ARIA; Michael's decision,0,written form reads as intended,9,9,7,,6,0.0,0,,0.0,5.4,0.54,pay her own (0.25),preliminary trademark / naming review required,,8.88,8.56,pass,
2,review list (top 100),FOR MICHAEL'S REVIEW,okay oriole,okay oriole,OW2 K EY1 AO1 R IY0 OW2 L,5,2-1-1-0-2,word_name,prefix-required,oriole,NEW ASSISTANT IDENTITY - would replace or sit beside ARIA; Michael's decision,0,written form reads as intended,9,8,7,,6,0.0,0,,0.0,5.4,0.54,,preliminary trademark / naming review required,,8.88,8.46,pass,
3,review list (top 100),FOR MICHAEL'S REVIEW,okay verity,okay verity,OW2 K EY1 V EH1 R AH0 T IY0,5,2-1-1-0-0,word_name,prefix-required,verity,NEW ASSISTANT IDENTITY - would replace or sit beside ARIA; Michael's decision,2,written form reads as intended; 2 dictionary pronunciations,9,9,7,,6,0.5,0,,0.0,5.5,0.553,ok there (0.225); temerity (0.2275); severity (0.2313); psychotherapy (0.2356),preliminary trademark / naming review required,,8.8,8.375,pass,
4,generated,REJECTED (mechanical),hey edythe,hey edythe,HH EY1 EH1 D AY0 DH,3,1-1-0,given_name,prefix-required,edythe,NEW ASSISTANT IDENTITY - would replace or sit beside ARIA; Michael's decision,0,written form reads as intended,10.0,9,8,,7,2.0,0,edythe,0.5,4.9,0.486,head of (0.2); the head of (0.2); head of the (0.2); ahead of us (0.2),preliminary trademark / naming review required; personal name,G7_accent_casual_variant,8.48,8.335,fail,text collision gates failed: G7_accent_casual_variant
5,review list (top 100),FOR MICHAEL'S REVIEW,okay evergreen,okay evergreen,OW2 K EY1 EH1 V ER0 G R IY2 N,5,2-1-1-0-2,word_name,prefix-required,evergreen,NEW ASSISTANT IDENTITY - would replace or sit beside ARIA; Michael's decision,0,written form reads as intended,8,9,7,,6,0.6,0,,0.0,5.7,0.571,evergreen (0.2222); an evergreen (0.2222); are evergreen (0.2222); prefer green (0.2333),preliminary trademark / naming review required,,8.62,8.335,pass,
6,review list (top 100),FOR MICHAEL'S REVIEW,hello home helper,hello home helper,HH AH0 L OW1 HH OW1 M HH EH1 L P ER0,5,0-1-1-1-0,role,prefix-required,home helper,no new identity (functional),0,written form reads as intended,9,7,7,,3,0.0,0,,0.0,6.1,0.614,,preliminary trademark / naming review required,,9.02,8.315,pass,
7,review list (top 100),FOR MICHAEL'S REVIEW,hello room helper,hello room helper,HH AH0 L OW1 R UW1 M HH EH1 L P ER0,5,0-1-1-1-0,role,prefix-required,room helper,no new identity (functional),0,written form reads as intended,9,7,7,,3,0.0,0,,0.0,6.1,0.614,,preliminary trademark / naming review required,,9.02,8.315,pass,
8,review list (top 100),FOR MICHAEL'S REVIEW,okay lumina,okay lumina,OW2 K EY1 L UW1 M IH0 N AH0,5,2-1-1-0-0,word_name,prefix-required,lumina,NEW ASSISTANT IDENTITY - would replace or sit beside ARIA; Michael's decision,0,written form reads as intended,9,8,7,,6,0.6,0,,0.6,5.5,0.552,no criminal (0.2222); hotel manager (0.2333); the hotel manager (0.2333); came in a (0.25),preliminary trademark / naming review required,,8.66,8.295,pass,
9,review list (top 100),FOR MICHAEL'S REVIEW,okay azalea,okay azalea,OW2 K EY1 AH0 Z EY1 L Y AH0,5,2-1-0-1-0,word_name,prefix-required,azalea,NEW ASSISTANT IDENTITY - would replace or sit beside ARIA; Michael's decision,0,written form reads as intended,7,9,7,,6,0.0,0,,0.0,5.6,0.559,azalea (0.25),preliminary trademark / naming review required,,8.52,8.29,pass,
10,review list (top 100),FOR MICHAEL'S REVIEW,hello good helper,hello good helper,HH AH0 L OW1 G UH1 D HH EH1 L P ER0,5,0-1-1-1-0,role,prefix-required,good helper,no new identity (functional),0,written form reads as intended,9,7,7,,3,0.2,0,,0.0,6.1,0.611,who could help (0.2364); else could help (0.25),preliminary trademark / naming review required,,8.98,8.275,pass,
11,review list (top 100),FOR MICHAEL'S REVIEW,okay magnolia,okay magnolia,OW2 K EY1 M AE0 G N OW1 L Y AH0,5,2-1-0-1-0,word_name,prefix-required,magnolia,NEW ASSISTANT IDENTITY - would replace or sit beside ARIA; Michael's decision,0,written form reads as intended,8,9,7,,6,1.0,0,,0.0,5.8,0.584,magnolia (0.2),preliminary trademark / naming review required,,8.56,8.27,pass,
12,review list (top 100),FOR MICHAEL'S REVIEW,okay sequoia,okay sequoia,OW2 K EY1 S IH0 K W OY1 AH0,5,2-1-0-1-0,word_name,prefix-required,sequoia,NEW ASSISTANT IDENTITY - would replace or sit beside ARIA; Michael's decision,0,written form reads as intended,7,9,7,,6,0.1,0,,0.0,5.6,0.558,soaks up water (0.2444); sequoia (0.25),preliminary trademark / naming review required,,8.5,8.27,pass,
13,review list (top 100),FOR MICHAEL'S REVIEW,okay melody,okay melody,OW2 K EY1 M EH1 L AH0 D IY0,5,2-1-1-0-0,word_name,prefix-required,melody,NEW ASSISTANT IDENTITY - would replace or sit beside ARIA; Michael's decision,0,written form reads as intended,9,9,7,,6,0.9,0,,1.3,5.5,0.549,the melody (0.2062); a melody (0.2062); catchy melody (0.2211); became eligible (0.2244),preliminary trademark / naming review required,,8.46,8.265,pass,
14,review list (top 100),FOR MICHAEL'S REVIEW,okay daylight,okay daylight,OW2 K EY1 D EY1 L AY2 T,4,2-1-1-2,word_name,prefix-required,daylight,NEW ASSISTANT IDENTITY - would replace or sit beside ARIA; Michael's decision,0,written form reads as intended,9,9,7,,6,1.2,0,,0.3,5.2,0.524,today like (0.1929); today right (0.2); paid a lot (0.2071); the daylight (0.2357),preliminary trademark / naming review required,,8.54,8.26,pass,
15,review list (top 100),FOR MICHAEL'S REVIEW,okay juniper,okay juniper,OW2 K EY1 JH UW1 N AH0 P ER0,5,2-1-1-0-0,word_name,prefix-required,juniper,NEW ASSISTANT IDENTITY - would replace or sit beside ARIA; Michael's decision,0,written form reads as intended,8,9,7,,6,0.9,0,,0.0,5.5,0.549,the juniper (0.2062); juniper (0.25),preliminary trademark / naming review required,,8.52,8.245,pass,
16,review list (top 100),FOR MICHAEL'S REVIEW,okay tahoe,okay tahoe,OW2 K EY1 T AE1 HH OW0,4,2-1-1-0,word_name,prefix-required,tahoe,NEW ASSISTANT IDENTITY - would replace or sit beside ARIA; Michael's decision,0,written form reads as intended,9,9,7,,6,1.3,0,,0.0,5.0,0.504,located a (0.1857); located about (0.1857); located along (0.1857); located along the (0.1857),preliminary trademark / naming review required,,8.54,8.24,pass,
17,qualified (top 250),REJECTED (human suitability),hey fovida,hey fovida,HH EY1 F OW0 V IY1 D AH0,4,1-0-1-0,constructed,prefix-required,fovida,NEW ASSISTANT IDENTITY - would replace or sit beside ARIA; Michael's decision,0,written form reads as intended,10.0,7,5,invented word looks less name-like than 87% of real first names,8,0.8,0,,0.0,5.3,0.529,have a visa (0.2125); have a needle (0.2425); safety deposit (0.2437); safety deposit box (0.2437),preliminary trademark / naming review required; invented word: clearance search needed,,8.9,8.235,fail,dignity naturalness 5 < 7
18,review list (top 100),FOR MICHAEL'S REVIEW,okay meadow,okay meadow,OW2 K EY1 M EH1 D OW2,4,2-1-1-2,word_name,prefix-required,meadow,NEW ASSISTANT IDENTITY - would replace or sit beside ARIA; Michael's decision,0,written form reads as intended,9,9,7,,6,0.8,0,,1.4,5.1,0.509,ok when (0.2083); okay when (0.2083); pokemon on (0.2143); a cocaine addict (0.2214),preliminary trademark / naming review required,,8.38,8.215,pass,
19,qualified (top 250),REJECTED (human suitability),hey bovila,hey bovila,HH EY1 B OW0 V IY1 L AH0,4,1-0-1-0,constructed,prefix-required,bovila,NEW ASSISTANT IDENTITY - would replace or sit beside ARIA; Michael's decision,0,written form reads as intended,10.0,7,5,invented word looks less name-like than 88% of real first names,8,1.0,0,,0.0,5.3,0.526,novella (0.2); made available (0.2071); made available to (0.2071); be made available (0.2071),preliminary trademark / naming review required; invented word: clearance search needed,,8.86,8.195,fail,dignity naturalness 5 < 7
20,generated,REJECTED (mechanical),hello care companion,hello care companion,HH AH0 L OW1 K EH1 R K AH0 M P AE1 N Y AH0 N,6,0-1-1-0-1-0,role,prefix-required,care companion,no new identity (functional),0,written form reads as intended,9,6,7,,3,0.6,0,,0.1,6.8,0.684,your companion (0.2207); and his companion (0.228); a good companion (0.25); traveling companion (0.25),preliminary trademark / naming review required; common word: weak distinctiveness,G8_speakability,9.02,8.19,fail,text collision gates failed: G8_speakability; too long for the 1.5 s detection window (est. 1.36 s)
21,generated,REJECTED (mechanical),okay cordelia,okay cordelia,OW2 K EY1 K AO2 R D IY1 L IY2 AH0,6,2-1-2-1-2-0,word_name,prefix-required,cordelia,NEW ASSISTANT IDENTITY - would replace or sit beside ARIA; Michael's decision,0,written form reads as intended,8,8,7,,6,1.0,0,,0.0,5.9,0.587,cordelia (0.2),preliminary trademark / naming review required,G8_speakability,8.58,8.185,fail,text collision gates failed: G8_speakability
22,generated,REJECTED (mechanical),okay felicity,okay felicity,OW2 K EY1 F IH0 L IH1 S AH0 T IY0,6,2-1-0-1-0-0,word_name,prefix-required,felicity,NEW ASSISTANT IDENTITY - would replace or sit beside ARIA; Michael's decision,0,written form reads as intended,8,8,7,,6,1.0,0,,0.0,5.9,0.587,felicity (0.2); lead vocalist isn't (0.25); vocalist isn't (0.25),preliminary trademark / naming review required,G8_speakability,8.58,8.185,fail,text collision gates failed: G8_speakability
23,review list (top 100),FOR MICHAEL'S REVIEW,okay primrose,okay primrose,OW2 K EY1 P R IH1 M R OW2 Z,4,2-1-1-2,word_name,prefix-required,primrose,NEW ASSISTANT IDENTITY - would replace or sit beside ARIA; Michael's decision,0,written form reads as intended,7,9,7,,6,0.6,0,,0.0,5.7,0.568,primrose (0.2222),preliminary trademark / naming review required,,8.42,8.185,pass,
24,qualified (top 250),REJECTED (human suitability),hey domala,hey domala,HH EY1 D OW0 M AA1 L AH0,4,1-0-1-0,constructed,prefix-required,domala,NEW ASSISTANT IDENTITY - would replace or sit beside ARIA; Michael's decision,0,written form reads as intended,10.0,7,6,invented word looks less name-like than 62% of real first names,8,1.3,0,,0.4,5.2,0.522,they don't love (0.1857); made a model (0.1929); had a marvelous (0.1938); had a solid (0.1938),preliminary trademark / naming review required; invented word: clearance search needed,,8.7,8.18,fail,dignity naturalness 6 < 7
25,generated,REJECTED (mechanical),okay camellia,okay camellia,OW2 K EY1 K AH0 M IY1 L IY0 AH0,6,2-1-0-1-0-0,word_name,prefix-required,camellia,NEW ASSISTANT IDENTITY - would replace or sit beside ARIA; Michael's decision,0,written form reads as intended,9,8,7,,6,1.3,0,,0.5,5.6,0.565,get amelia (0.1833); look at amelia (0.185); kill amelia (0.2056); cake mary (0.2111),preliminary trademark / naming review required,G8_speakability,8.56,8.18,fail,text collision gates failed: G8_speakability
26,review list (top 100),FOR MICHAEL'S REVIEW,okay gardenia,okay gardenia,OW2 K EY1 G AA0 R D IY1 N Y AH0,5,2-1-0-1-0,word_name,prefix-required,gardenia,NEW ASSISTANT IDENTITY - would replace or sit beside ARIA; Michael's decision,0,written form reads as intended,8,8,7,,6,1.0,0,,0.0,5.8,0.584,gardenia (0.2); located in the (0.235),preliminary trademark / naming review required,,8.56,8.17,pass,
27,review list (top 100),FOR MICHAEL'S REVIEW,hello house helper,hello house helper,HH AH0 L OW1 HH AW1 S HH EH1 L P ER0,5,0-1-1-1-0,role,prefix-required,house helper,no new identity (functional),0,written form reads as intended,8,7,7,,3,0.0,0,,0.0,6.1,0.614,,preliminary trademark / naming review required,,8.82,8.165,pass,
28,review list (top 100),FOR MICHAEL'S REVIEW,okay home helper,okay home helper,OW2 K EY1 HH OW1 M HH EH1 L P ER0,5,2-1-1-1-0,role,prefix-required,home helper,no new identity (functional),0,written form reads as intended,8,7,7,,3,0.0,0,,0.0,6.0,0.596,,preliminary trademark / naming review required,,8.8,8.15,pass,
29,review list (top 100),FOR MICHAEL'S REVIEW,okay room helper,okay room helper,OW2 K EY1 R UW1 M HH EH1 L P ER0,5,2-1-1-1-0,role,prefix-required,room helper,no new identity (functional),0,written form reads as intended,8,7,7,,3,0.0,0,,0.0,6.0,0.596,,preliminary trademark / naming review required,,8.8,8.15,pass,
30,review list (top 100),FOR MICHAEL'S REVIEW,hello my helper,hello my helper,HH AH0 L OW1 M AY1 HH EH1 L P ER0,5,0-1-1-1-0,role,prefix-required,my helper,no new identity (functional),0,written form reads as intended,9,7,7,,3,0.7,0,,0.0,5.9,0.587,for my help (0.215); help myself (0.247); held myself (0.247),preliminary trademark / naming review required,,8.84,8.145,pass,
31,qualified (top 250),REJECTED (human suitability),hey potava,hey potava,HH EY1 P OW0 T AA1 V AH0,4,1-0-1-0,constructed,prefix-required,potava,NEW ASSISTANT IDENTITY - would replace or sit beside ARIA; Michael's decision,0,written form reads as intended,10.0,7,4,invented word looks less name-like than 99% of real first names,8,0.8,0,,0.0,5.3,0.529,a hippopotamus (0.2125); the hippopotamus (0.2125); hippopotamuses are (0.2125); hippopotamus (0.2125),preliminary trademark / naming review required; invented word: clearance search needed,,8.9,8.135,fail,dignity naturalness 4 < 7
32,generated,REJECTED (mechanical),okay acacia,okay acacia,OW2 K EY1 AH0 K EY1 SH AH0,5,2-1-0-1-0,word_name,prefix-required,acacia,NEW ASSISTANT IDENTITY - would replace or sit beside ARIA; Michael's decision,0,written form reads as intended,8,9,7,,6,0.9,0,,0.9,5.3,0.53,intoxication (0.2062); cake is a (0.2171); okay okay (0.2357); the acacia (0.2357),preliminary trademark / naming review required,G3_embedded_or_contains; G4_domain_names_commands,8.3,8.125,fail,"text collision gates failed: G3_embedded_or_contains, G4_domain_names_commands"
33,review list (top 100),FOR MICHAEL'S REVIEW,okay prudence,okay prudence,OW2 K EY1 P R UW1 D AH0 N S,4,2-1-1-0,word_name,prefix-required,prudence,NEW ASSISTANT IDENTITY - would replace or sit beside ARIA; Michael's decision,0,written form reads as intended,7,9,7,,6,0.7,0,,0.4,5.7,0.566,be prudent (0.2167); prudence (0.2222); of prudence (0.2222); to be prudent (0.25),preliminary trademark / naming review required,,8.32,8.125,pass,
34,review list (top 100),FOR MICHAEL'S REVIEW,okay good helper,okay good helper,OW2 K EY1 G UH1 D HH EH1 L P ER0,5,2-1-1-1-0,role,prefix-required,good helper,no new identity (functional),0,written form reads as intended,8,7,7,,3,0.1,0,,0.0,5.9,0.594,they could help (0.245),preliminary trademark / naming review required,,8.76,8.115,pass,
35,review list (top 100),FOR MICHAEL'S REVIEW,hey arnulfo,hey arnulfo,HH EY1 AA0 R N AH1 L F OW0,4,1-0-1-0,given_name,prefix-required,arnulfo,NEW ASSISTANT IDENTITY - would replace or sit beside ARIA; Michael's decision,0,written form reads as intended,9,9,8,,7,1.6,3,"arnulfo 0.007%, arnulfo",0.0,5.5,0.549,arnulfo (0.2222); are also (0.2343); are not so (0.2343); are all so (0.2343),preliminary trademark / naming review required; personal name,G4_domain_names_commands,7.98,8.105,pass,
36,review list (top 100),FOR MICHAEL'S REVIEW,okay indigo,okay indigo,OW2 K EY1 IH1 N D AH0 G OW2,5,2-1-1-0-2,word_name,prefix-required,indigo,NEW ASSISTANT IDENTITY - would replace or sit beside ARIA; Michael's decision,2,written form reads as intended; 2 dictionary pronunciations,8,9,7,,6,0.9,0,,0.4,5.5,0.549,the indigo (0.2062); indigo (0.25); a second ago (0.25),preliminary trademark / naming review required,,8.44,8.105,pass,
37,generated,REJECTED (mechanical),okay care companion,okay care companion,OW2 K EY1 K EH1 R K AH0 M P AE1 N Y AH0 N,6,2-1-1-0-1-0,role,prefix-required,care companion,no new identity (functional),0,written form reads as intended,8,6,7,,3,0.3,0,,0.0,6.7,0.669,only companion (0.2357); a good companion (0.25),preliminary trademark / naming review required; common word: weak distinctiveness,G8_speakability,8.88,8.095,fail,text collision gates failed: G8_speakability
38,review list (top 100),FOR MICHAEL'S REVIEW,okay cascade,okay cascade,OW2 K EY1 K AE0 S K EY1 D,4,2-1-0-1,word_name,prefix-required,cascade,NEW ASSISTANT IDENTITY - would replace or sit beside ARIA; Michael's decision,0,written form reads as intended,7,9,7,,6,0.9,0,,0.0,5.5,0.545,the cascade (0.2062); cascade (0.25),preliminary trademark / naming review required,,8.32,8.095,pass,
39,review list (top 100),FOR MICHAEL'S REVIEW,okay starling,okay starling,OW2 K EY1 S T AA1 R L IH0 NG,4,2-1-1-0,word_name,prefix-required,starling,NEW ASSISTANT IDENTITY - would replace or sit beside ARIA; Michael's decision,0,written form reads as intended,7,9,7,,6,1.0,0,,0.0,5.6,0.562,day starting (0.2); scottish parliament (0.217); starling (0.2222); focused on learning (0.23),preliminary trademark / naming review required,,8.32,8.09,pass,
40,review list (top 100),FOR MICHAEL'S REVIEW,okay lantern,okay lantern,OW2 K EY1 L AE1 N T ER0 N,4,2-1-1-0,word_name,prefix-required,lantern,NEW ASSISTANT IDENTITY - would replace or sit beside ARIA; Michael's decision,0,written form reads as intended,8,9,7,,6,1.0,0,,1.4,5.4,0.544,clanton (0.2); tokyo international (0.2056); tokyo international airport (0.2056); the lantern (0.2062),preliminary trademark / naming review required,,8.2,8.07,pass,
41,review list (top 100),FOR MICHAEL'S REVIEW,hey room helper,hey room helper,HH EY1 R UW1 M HH EH1 L P ER0,4,1-1-1-0,role,prefix-required,room helper,no new identity (functional),0,written form reads as intended,9,7,7,,3,0.9,0,,0.0,5.6,0.564,room heater (0.2062); rima helped (0.2333); here and help (0.245); he would help (0.25),preliminary trademark / naming review required,,8.74,8.06,pass,
42,review list (top 100),FOR MICHAEL'S REVIEW,hey thomasina,hey thomasina,HH EY1 TH OW0 M AA0 S IY1 N AH0,5,1-0-0-1-0,given_name,prefix-required,thomasina,NEW ASSISTANT IDENTITY - would replace or sit beside ARIA; Michael's decision,2,written form reads as intended; 2 dictionary pronunciations,9,9,8,,7,1.4,3,"thomasina 0.003%, thomasina",0.0,5.6,0.56,thomasine (0.1778); thomasina (0.2); thomasena (0.2022); his machine (0.224),preliminary trademark / naming review required; personal name,G4_domain_names_commands,8.04,8.06,pass,
43,review list (top 100),FOR MICHAEL'S REVIEW,okay florence,okay florence,OW2 K EY1 F L AO1 R AH0 N S,4,2-1-1-0,word_name,prefix-required,florence,NEW ASSISTANT IDENTITY - would replace or sit beside ARIA; Michael's decision,0,written form reads as intended,7,9,7,,6,1.2,0,,0.0,5.6,0.56,h lawrence (0.1889); florence (0.2222); in florence (0.2222); of florence (0.2222),preliminary trademark / naming review required,,8.28,8.05,pass,
44,review list (top 100),FOR MICHAEL'S REVIEW,okay lavender,okay lavender,OW2 K EY1 L AE1 V AH0 N D ER0,5,2-1-1-0-0,word_name,prefix-required,lavender,NEW ASSISTANT IDENTITY - would replace or sit beside ARIA; Michael's decision,0,written form reads as intended,8,9,7,,6,1.3,0,,1.3,5.6,0.562,a lavender (0.1833); to live under (0.2056); key was under (0.2156); lavender (0.2222),preliminary trademark / naming review required,,8.2,8.05,pass,
45,review list (top 100),FOR MICHAEL'S REVIEW,okay jade,okay jade,OW2 K EY1 JH EY1 D,3,2-1-1,word_name,prefix-required,jade,NEW ASSISTANT IDENTITY - would replace or sit beside ARIA; Michael's decision,0,written form reads as intended,8,9,7,,6,1.0,0,,0.9,4.9,0.486,caged (0.2); cage at (0.2); cages (0.21); cage is (0.21),preliminary trademark / naming review required,,8.2,8.045,pass,
46,review list (top 100),FOR MICHAEL'S REVIEW,okay sparrow,okay sparrow,OW2 K EY1 S P EH1 R OW0,4,2-1-1-0,word_name,prefix-required,sparrow,NEW ASSISTANT IDENTITY - would replace or sit beside ARIA; Michael's decision,0,written form reads as intended,7,9,7,,6,1.0,0,,0.0,5.3,0.526,hate asparagus (0.2); castello (0.2); know his parents (0.2025); though his parents (0.2025),preliminary trademark / naming review required,,8.26,8.045,pass,
47,qualified (top 250),REJECTED (human suitability),hey lonela,hey lonela,HH EY1 L OW0 N EH1 L AH0,4,1-0-1-0,constructed,prefix-required,lonela,NEW ASSISTANT IDENTITY - would replace or sit beside ARIA; Michael's decision,3,vowels may be read differently (HH EY1 L OW1 N AH0 L AH0),10.0,7,6,invented word looks less name-like than 58% of real first names,8,1.3,0,,0.3,5.2,0.522,rosella (0.1833); still in elementary (0.1857); fail unless you (0.2063); conversationalist (0.2063),preliminary trademark / naming review required; invented word: clearance search needed,,8.72,8.04,fail,dignity naturalness 6 < 7
48,review list (top 100),FOR MICHAEL'S REVIEW,okay hazel,okay hazel,OW2 K EY1 HH EY1 Z AH0 L,4,2-1-1-0,word_name,prefix-required,hazel,NEW ASSISTANT IDENTITY - would replace or sit beside ARIA; Michael's decision,0,written form reads as intended,8,9,7,,6,0.8,0,,2.0,5.3,0.529,vocational (0.2125); broke his leg (0.2438); broke his left (0.2438); obey his (0.25),preliminary trademark / naming review required,,8.1,8.035,pass,
49,review list (top 100),FOR MICHAEL'S REVIEW,hello nurse call,hello nurse call,HH AH0 L OW1 N ER1 S K AO1 L,4,0-1-1-1,role,prefix-required,nurse call,no new identity (functional),0,written form reads as intended,8,7,7,,3,0.4,0,,0.0,5.7,0.569,the lunar calendar (0.2278),preliminary trademark / naming review required; common word: weak distinctiveness,,8.66,8.025,pass,
50,qualified (top 250),REJECTED (human suitability),hey conela,hey conela,HH EY1 K OW0 N EH1 L AH0,4,1-0-1-0,constructed,prefix-required,conela,NEW ASSISTANT IDENTITY - would replace or sit beside ARIA; Michael's decision,3,vowels may be read differently (HH EY1 K OW1 N L AH0),10.0,7,6,invented word looks less name-like than 62% of real first names,8,1.4,0,,0.3,5.2,0.521,atonal (0.1786); african elephants (0.1857); draconian (0.1857); african elephant (0.1857),preliminary trademark / naming review required; invented word: clearance search needed,,8.7,8.02,fail,dignity naturalness 6 < 7
51,qualified (top 250),REJECTED (human suitability),hey nodula,hey nodula,HH EY1 N OW0 D UW1 L AH0,4,1-0-1-0,constructed,prefix-required,nodula,NEW ASSISTANT IDENTITY - would replace or sit beside ARIA; Michael's decision,0,written form reads as intended,10.0,7,4,invented word looks less name-like than 94% of real first names,8,1.3,0,,0.0,5.2,0.522,no deal (0.1833); hindus and (0.2062); train to london (0.2071); no delay (0.2083),preliminary trademark / naming review required; invented word: clearance search needed,,8.78,8.02,fail,dignity naturalness 4 < 7
52,qualified (top 250),REJECTED (human suitability),hey pomuda,hey pomuda,HH EY1 P OW0 M UW1 D AH0,4,1-0-1-0,constructed,prefix-required,pomuda,NEW ASSISTANT IDENTITY - would replace or sit beside ARIA; Michael's decision,0,written form reads as intended,10.0,7,4,invented word looks less name-like than 100% of real first names,8,1.3,0,,0.0,5.2,0.522,pomona (0.1833); happy mood (0.2188); diego needed (0.2286); happened a (0.2313),preliminary trademark / naming review required; invented word: clearance search needed,,8.78,8.02,fail,dignity naturalness 4 < 7
53,review list (top 100),FOR MICHAEL'S REVIEW,hey home helper,hey home helper,HH EY1 HH OW1 M HH EH1 L P ER0,4,1-1-1-0,role,prefix-required,home helper,no new identity (functional),0,written form reads as intended,9,7,7,,3,1.2,0,,0.0,5.7,0.571,he should help (0.2389); him help (0.2438); some help (0.25); say he'd help (0.25),preliminary trademark / naming review required,,8.7,8.015,pass,
54,review list (top 100),FOR MICHAEL'S REVIEW,hello care desk,hello care desk,HH AH0 L OW1 K EH1 R D EH1 S K,4,0-1-1-1,role,prefix-required,care desk,no new identity (functional),0,written form reads as intended,8,7,7,,3,0.4,0,,0.5,5.9,0.588,the local mosque (0.23); a local mosque (0.23); local restaurant (0.235); envelope addressed (0.24),preliminary trademark / naming review required; common word: weak distinctiveness,,8.6,8.005,pass,
55,qualified (top 250),REJECTED (human suitability),hey fevida,hey fevida,HH EY1 F EH0 V IY1 D AH0,4,1-0-1-0,constructed,prefix-required,fevida,NEW ASSISTANT IDENTITY - would replace or sit beside ARIA; Michael's decision,0,written form reads as intended,10.0,7,6,invented word looks less name-like than 70% of real first names,8,1.6,0,,1.6,5.2,0.519,this evidence (0.17); enough evidence (0.1786); enough evidence to (0.1786); have enough evidence (0.1786),preliminary trademark / naming review required; invented word: clearance search needed,,8.4,8.0,fail,dignity naturalness 6 < 7
56,qualified (top 250),REJECTED (human suitability),hey lanula,hey lanula,HH EY1 L AH0 N UW1 L AH0,4,1-0-1-0,constructed,prefix-required,lanula,NEW ASSISTANT IDENTITY - would replace or sit beside ARIA; Michael's decision,0,written form reads as intended,10.0,7,6,invented word looks less name-like than 70% of real first names,8,1.4,0,,2.0,5.2,0.521,eleanora (0.1786); elenora (0.1786); fail unless (0.1857); whole new level (0.1875),preliminary trademark / naming review required; invented word: clearance search needed,,8.36,8.0,fail,dignity naturalness 6 < 7
57,review list (top 100),FOR MICHAEL'S REVIEW,okay house helper,okay house helper,OW2 K EY1 HH AW1 S HH EH1 L P ER0,5,2-1-1-1-0,role,prefix-required,house helper,no new identity (functional),0,written form reads as intended,7,7,7,,3,0.0,0,,0.0,6.0,0.596,,preliminary trademark / naming review required,,8.6,8.0,pass,
58,review list (top 100),FOR MICHAEL'S REVIEW,okay opal,okay opal,OW2 K EY1 OW1 P AH0 L,4,2-1-1-0,word_name,prefix-required,opal,NEW ASSISTANT IDENTITY - would replace or sit beside ARIA; Michael's decision,0,written form reads as intended,9,9,7,,6,1.7,0,,1.6,5.0,0.5,okay okay (0.1667); capel (0.1667); paypal (0.225); papal (0.225),preliminary trademark / naming review required,,8.14,8.0,pass,
59,review list (top 100),FOR MICHAEL'S REVIEW,hey albertina,hey albertina,HH EY1 AA0 L B ER0 T IY1 N AH0,5,1-0-0-1-0,given_name,prefix-required,albertina,NEW ASSISTANT IDENTITY - would replace or sit beside ARIA; Michael's decision,0,written form reads as intended,9,9,8,,7,2.2,3,"albertina 0.002%, albertina",0.0,5.5,0.551,albertine (0.1375); albertina (0.2); of burkina (0.2112); altadena (0.2312),preliminary trademark / naming review required; personal name,G4_domain_names_commands,7.86,7.985,pass,
60,qualified (top 250),REJECTED (human suitability),hey tovita,hey tovita,HH EY1 T OW0 V IY1 T AH0,4,1-0-1-0,constructed,prefix-required,tovita,NEW ASSISTANT IDENTITY - would replace or sit beside ARIA; Michael's decision,0,written form reads as intended,10.0,7,6,invented word looks less name-like than 72% of real first names,8,2.2,0,,0.4,5.1,0.511,tomita (0.1367); hated each other (0.1762); might've eaten (0.1786); might've eaten on (0.1786),preliminary trademark / naming review required; invented word: clearance search needed,,8.5,7.985,fail,dignity naturalness 6 < 7
61,review list (top 100),FOR MICHAEL'S REVIEW,okay helper,okay helper,OW2 K EY1 HH EH1 L P ER0,4,2-1-1-0,role,prefix-required,helper,no new identity (functional),0,written form reads as intended,8,7,7,,3,0.3,0,,0.0,5.3,0.534,a helper (0.2357); ok here (0.2429),preliminary trademark / naming review required,,8.6,7.985,pass,
62,qualified (top 250),REJECTED (human suitability),hey fevana,hey fevana,HH EY1 F EH0 V AA1 N AH0,4,1-0-1-0,constructed,prefix-required,fevana,NEW ASSISTANT IDENTITY - would replace or sit beside ARIA; Michael's decision,0,written form reads as intended,10.0,7,6,invented word looks less name-like than 64% of real first names,8,1.8,0,,1.5,5.2,0.516,fell on a (0.1567); the seven o'clock (0.1843); high heaven (0.1929); he fell on (0.1986),preliminary trademark / naming review required; invented word: clearance search needed,,8.38,7.97,fail,dignity naturalness 6 < 7
63,review list (top 100),FOR MICHAEL'S REVIEW,hey alvina,hey alvina,HH EY1 AE0 L V AY1 N AH0,4,1-0-1-0,given_name,prefix-required,alvina,NEW ASSISTANT IDENTITY - would replace or sit beside ARIA; Michael's decision,0,written form reads as intended,9,9,8,,7,2.0,3,"alvina 0.006%, alvina",0.0,5.1,0.514,elvira (0.15); gabriel finally (0.1714); calvinist (0.2071); day i'll find (0.2286),preliminary trademark / naming review required; personal name,G4_domain_names_commands,7.82,7.965,pass,
64,review list (top 100),FOR MICHAEL'S REVIEW,okay harmony,okay harmony,OW2 K EY1 HH AA1 R M AH0 N IY0,5,2-1-1-0-0,word_name,prefix-required,harmony,NEW ASSISTANT IDENTITY - would replace or sit beside ARIA; Michael's decision,0,written form reads as intended,8,9,7,,3,1.3,0,,0.8,5.6,0.562,the harmony (0.1833); a harmony (0.1833); before money (0.1889); yokohama is (0.2),preliminary trademark / naming review required; common word: weak distinctiveness,,8.3,7.95,pass,
65,qualified (top 250),REJECTED (human suitability),hey govola,hey govola,HH EY1 G OW0 V OW1 L AH0,4,1-0-1-0,constructed,prefix-required,govola,NEW ASSISTANT IDENTITY - would replace or sit beside ARIA; Michael's decision,3,vowels may be read differently (HH EY1 G AH0 V OW1 L AH0),10.0,7,4,invented word looks less name-like than 99% of real first names,8,0.8,0,,0.4,5.3,0.529,galapagos islands (0.2129); the galapagos islands (0.2129); he gave all (0.2143); he goes along (0.2175),preliminary trademark / naming review required; invented word: clearance search needed,,8.82,7.945,fail,dignity naturalness 4 < 7
66,qualified (top 250),REJECTED (human suitability),hey tolura,hey tolura,HH EY1 T OW0 L UW1 R AH0,4,1-0-1-0,constructed,prefix-required,tolura,NEW ASSISTANT IDENTITY - would replace or sit beside ARIA; Michael's decision,3,vowels may be read differently (HH EY1 T AH0 L UW1 R AH0),10.0,7,4,invented word looks less name-like than 96% of real first names,8,1.0,0,,0.0,5.3,0.526,tomatoes are a (0.2); fatalism (0.2062); to lose a (0.2083); tallulah (0.225),preliminary trademark / naming review required; invented word: clearance search needed,,8.86,7.945,fail,dignity naturalness 4 < 7
67,review list (top 100),FOR MICHAEL'S REVIEW,okay jasmine,okay jasmine,OW2 K EY1 JH AE1 Z M AH0 N,4,2-1-1-0,word_name,prefix-required,jasmine,NEW ASSISTANT IDENTITY - would replace or sit beside ARIA; Michael's decision,2,written form reads as intended; 2 dictionary pronunciations,6,9,7,,6,0.4,0,,0.0,5.5,0.55,paid as much (0.2275); jasmine (0.25); of jasmine (0.25),preliminary trademark / naming review required,,8.22,7.945,pass,
68,qualified (top 250),REJECTED (human suitability),hey romuva,hey romuva,HH EY1 R OW0 M UW1 V AH0,4,1-0-1-0,constructed,prefix-required,romuva,NEW ASSISTANT IDENTITY - would replace or sit beside ARIA; Michael's decision,0,written form reads as intended,10.0,7,4,invented word looks less name-like than 97% of real first names,8,1.7,0,,0.0,5.2,0.518,remove a (0.1667); roamed the (0.2); roam the (0.2); rome the (0.2),preliminary trademark / naming review required; invented word: clearance search needed,,8.7,7.94,fail,dignity naturalness 4 < 7
69,review list (top 100),FOR MICHAEL'S REVIEW,okay nurse call,okay nurse call,OW2 K EY1 N ER1 S K AO1 L,4,2-1-1-1,role,prefix-required,nurse call,no new identity (functional),0,written form reads as intended,7,7,7,,3,0.0,0,,0.0,5.6,0.556,,preliminary trademark / naming review required; common word: weak distinctiveness,,8.52,7.94,pass,
70,review list (top 100),FOR MICHAEL'S REVIEW,okay ember,okay ember,OW2 K EY1 EH1 M B ER0,4,2-1-1-0,word_name,prefix-required,ember,NEW ASSISTANT IDENTITY - would replace or sit beside ARIA; Michael's decision,0,written form reads as intended,8,9,7,,6,1.0,0,,2.3,5.1,0.507,camber (0.2); kimber (0.2); clamber (0.2); spoke in berber (0.2143),preliminary trademark / naming review required,,7.96,7.935,pass,
71,review list (top 100),FOR MICHAEL'S REVIEW,okay sierra,okay sierra,OW2 K EY1 S IY0 EH1 R AH0,5,2-1-0-1-0,word_name,prefix-required,sierra,NEW ASSISTANT IDENTITY - would replace or sit beside ARIA; Michael's decision,0,written form reads as intended,8,9,7,,3,1.2,0,,0.7,5.3,0.527,ok here (0.1929); ok there (0.2243); case there (0.2286); case where (0.2286),preliminary trademark / naming review required; common word: weak distinctiveness,,8.28,7.935,pass,
72,qualified (top 250),REJECTED (human suitability),hey pavota,hey pavota,HH EY1 P AH0 V OW1 T AH0,4,1-0-1-0,constructed,prefix-required,pavota,NEW ASSISTANT IDENTITY - would replace or sit beside ARIA; Michael's decision,0,written form reads as intended,10.0,7,4,invented word looks less name-like than 92% of real first names,8,1.2,0,,1.1,5.2,0.524,take a vote (0.1929); provoke a (0.1929); take a photo (0.2); episode of (0.2129),preliminary trademark / naming review required; invented word: clearance search needed,,8.58,7.93,fail,dignity naturalness 4 < 7
73,review list (top 100),FOR MICHAEL'S REVIEW,okay ivory,okay ivory,OW2 K EY1 AY1 V ER0 IY0,5,2-1-1-0-0,word_name,prefix-required,ivory,NEW ASSISTANT IDENTITY - would replace or sit beside ARIA; Michael's decision,2,written form reads as intended; 2 dictionary pronunciations,9,9,7,,6,1.7,0,,1.3,5.0,0.503,ok i've (0.1667); broke every (0.1929); broke every rule (0.1929); horoscope every (0.2429),preliminary trademark / naming review required,,8.2,7.93,pass,
74,generated,REJECTED (mechanical),hey somara,hey somara,HH EY1 S OW0 M AA1 R AH0,4,1-0-1-0,constructed,prefix-required,somara,NEW ASSISTANT IDENTITY - would replace or sit beside ARIA; Michael's decision,0,written form reads as intended,9,7,7,,8,2.0,0,,0.9,5.1,0.514,sonar (0.15); home are (0.1583); o'meara (0.1667); o'mara (0.1667),preliminary trademark / naming review required; invented word: clearance search needed,G7_accent_casual_variant,8.24,7.925,fail,text collision gates failed: G7_accent_casual_variant
75,review list (top 100),FOR MICHAEL'S REVIEW,okay laurel,okay laurel,OW2 K EY1 L AO1 R AH0 L,4,2-1-1-0,word_name,prefix-required,laurel,NEW ASSISTANT IDENTITY - would replace or sit beside ARIA; Michael's decision,0,written form reads as intended,9,9,7,,6,2.2,0,,1.5,5.1,0.512,ok for a (0.1429); folklore and (0.2125); no quarrel with (0.2188); have no quarrel (0.2188),preliminary trademark / naming review required,,8.08,7.925,pass,
76,review list (top 100),FOR MICHAEL'S REVIEW,okay my helper,okay my helper,OW2 K EY1 M AY1 HH EH1 L P ER0,5,2-1-1-1-0,role,prefix-required,my helper,no new identity (functional),0,written form reads as intended,8,7,7,,3,0.9,0,,0.0,5.7,0.567,can i help (0.2056),preliminary trademark / naming review required,,8.56,7.925,pass,
77,qualified (top 250),REJECTED (human suitability),okay caos care,okay caos care,OW2 K EY1 K EY1 AA2 S K EH1 R,5,2-1-1-2-1,brand,prefix-required,caos,no new identity (product name),7,spelling suggests a different pronunciation (OW2 K EY1 K AA1 Z K EH1 R),7,7,7,,9,0.0,0,,0.0,5.8,0.577,,preliminary trademark / naming review required,,8.56,7.92,fail,pronunciation ambiguity 7 > 4
78,review list (top 100),FOR MICHAEL'S REVIEW,okay everly,okay everly,OW2 K EY1 EH1 V ER0 L IY0,5,2-1-1-0-0,word_name,prefix-required,everly,NEW ASSISTANT IDENTITY - would replace or sit beside ARIA; Michael's decision,0,written form reads as intended,9,9,7,,6,2.2,0,,1.7,5.2,0.516,cleverly (0.1429); a clever little (0.225); cape verde (0.2429); don't ever leave (0.25),preliminary trademark / naming review required,,8.06,7.92,pass,
79,review list (top 100),FOR MICHAEL'S REVIEW,okay liberty,okay liberty,OW2 K EY1 L IH1 B ER0 T IY2,5,2-1-1-0-2,word_name,prefix-required,liberty,NEW ASSISTANT IDENTITY - would replace or sit beside ARIA; Michael's decision,0,written form reads as intended,9,9,7,,3,1.8,0,,1.3,5.4,0.539,to liberty (0.1625); me liberty (0.1812); my liberty (0.2); no liberty (0.2),preliminary trademark / naming review required; common word: weak distinctiveness,,8.26,7.92,pass,
80,review list (top 100),FOR MICHAEL'S REVIEW,okay coral,okay coral,OW2 K EY1 K AO1 R AH0 L,4,2-1-1-0,word_name,prefix-required,coral,NEW ASSISTANT IDENTITY - would replace or sit beside ARIA; Michael's decision,0,written form reads as intended,9,9,7,,6,2.2,0,,1.6,5.1,0.512,ok for a (0.1429); located along (0.1812); located along the (0.1812); to coral (0.1857),preliminary trademark / naming review required,,8.06,7.915,pass,
81,review list (top 100),FOR MICHAEL'S REVIEW,okay harbor,okay harbor,OW2 K EY1 HH AA1 R B ER0,4,2-1-1-0,word_name,prefix-required,harbor,NEW ASSISTANT IDENTITY - would replace or sit beside ARIA; Michael's decision,0,written form reads as intended,8,9,7,,3,1.1,0,,1.0,5.2,0.524,ok for her (0.1938); ok for (0.2214); okay for (0.2214); ok for a (0.2214),preliminary trademark / naming review required; common word: weak distinctiveness,,8.22,7.91,pass,
82,qualified (top 250),REJECTED (human suitability),hey tovoda,hey tovoda,HH EY1 T OW0 V OW1 D AH0,4,1-0-1-0,constructed,prefix-required,tovoda,NEW ASSISTANT IDENTITY - would replace or sit beside ARIA; Michael's decision,0,written form reads as intended,10.0,7,4,invented word looks less name-like than 98% of real first names,8,1.7,0,,0.4,5.2,0.518,toyoda (0.1667); to avoid a (0.1929); potatoes but (0.2271); tomatoes are a (0.2271),preliminary trademark / naming review required; invented word: clearance search needed,,8.62,7.9,fail,dignity naturalness 4 < 7
83,qualified (top 250),REJECTED (human suitability),hey somola,hey somola,HH EY1 S OW0 M OW1 L AH0,4,1-0-1-0,constructed,prefix-required,somola,NEW ASSISTANT IDENTITY - would replace or sit beside ARIA; Michael's decision,3,vowels may be read differently (HH EY1 S AH0 M OW1 L AH0),9,7,5,invented word looks less name-like than 85% of real first names,8,1.0,0,,0.0,5.3,0.526,stay home all (0.2); has a mole (0.2); somoza (0.225); stay home alone (0.2286),preliminary trademark / naming review required; invented word: clearance search needed,,8.66,7.895,fail,dignity naturalness 5 < 7
84,review list (top 100),FOR MICHAEL'S REVIEW,hello care team,hello care team,HH AH0 L OW1 K EH1 R T IY1 M,4,0-1-1-1,role,prefix-required,care team,no new identity (functional),0,written form reads as intended,9,7,7,,3,1.6,0,,0.3,5.6,0.555,a local tv (0.1689); the local community (0.1833); the local time (0.1889); the locality (0.2),preliminary trademark / naming review required; common word: weak distinctiveness,,8.54,7.89,pass,
85,review list (top 100),FOR MICHAEL'S REVIEW,okay robin,okay robin,OW2 K EY1 R AA1 B AH0 N,4,2-1-1-0,word_name,prefix-required,robin,NEW ASSISTANT IDENTITY - would replace or sit beside ARIA; Michael's decision,2,written form reads as intended; 2 dictionary pronunciations,9,9,7,,3,1.4,0,,1.1,5.2,0.521,so terrible (0.1812); is so terrible (0.1812); karajan (0.2071); so arrogant (0.2188),preliminary trademark / naming review required; common word: weak distinctiveness,,8.34,7.89,pass,
86,qualified (top 250),REJECTED (human suitability),hey lomuna,hey lomuna,HH EY1 L OW0 M UW1 N AH0,4,1-0-1-0,constructed,prefix-required,lomuna,NEW ASSISTANT IDENTITY - would replace or sit beside ARIA; Michael's decision,0,written form reads as intended,10.0,7,5,invented word looks less name-like than 84% of real first names,8,2.0,0,,0.8,5.1,0.514,philomena (0.15); filomena (0.15); here a minute (0.1813); lo mein (0.1833),preliminary trademark / naming review required; invented word: clearance search needed,,8.46,7.885,fail,dignity naturalness 5 < 7
87,qualified (top 250),REJECTED (human suitability),hey nomata,hey nomata,HH EY1 N OW0 M AA1 T AH0,4,1-0-1-0,constructed,prefix-required,nomata,NEW ASSISTANT IDENTITY - would replace or sit beside ARIA; Michael's decision,0,written form reads as intended,10.0,7,5,invented word looks less name-like than 84% of real first names,8,2.2,0,,0.4,5.1,0.511,cinema tonight (0.1375); the cinema tonight (0.1375); cinema tomorrow (0.1375); the cinema tomorrow (0.1375),preliminary trademark / naming review required; invented word: clearance search needed,,8.5,7.885,fail,dignity naturalness 5 < 7
88,review list (top 100),FOR MICHAEL'S REVIEW,okay cardinal,okay cardinal,OW2 K EY1 K AA1 R D AH0 N AH0 L,5,2-1-1-0-0,word_name,prefix-required,cardinal,NEW ASSISTANT IDENTITY - would replace or sit beside ARIA; Michael's decision,2,written form reads as intended; 2 dictionary pronunciations,8,9,7,,6,1.9,0,,0.9,5.7,0.574,located in algiers (0.155); located in algeria (0.155); the cardinal (0.165); a cardinal (0.165),preliminary trademark / naming review required,,8.18,7.885,pass,
89,qualified (top 250),REJECTED (human suitability),hey fodela,hey fodela,HH EY1 F OW0 D EH1 L AH0,4,1-0-1-0,constructed,prefix-required,fodela,NEW ASSISTANT IDENTITY - would replace or sit beside ARIA; Michael's decision,0,written form reads as intended,10.0,7,5,invented word looks less name-like than 87% of real first names,8,2.3,0,,0.3,5.1,0.51,hotel a (0.1333); be so jealous (0.1657); so delicate (0.1771); methodologies (0.1786),preliminary trademark / naming review required; invented word: clearance search needed,,8.5,7.875,fail,dignity naturalness 5 < 7
90,review list (top 100),FOR MICHAEL'S REVIEW,hey nevina,hey nevina,HH EY1 N EH0 V IY1 N AH0,4,1-0-1-0,constructed,prefix-required,nevina,NEW ASSISTANT IDENTITY - would replace or sit beside ARIA; Michael's decision,3,vowels may be read differently (HH EY1 N EY0 V IY1 N AH0),10.0,7,7,,8,2.5,0,,0.4,5.1,0.508,nevin (0.125); never in a (0.1643); nevins (0.1917); vezina (0.1967),preliminary trademark / naming review required; invented word: clearance search needed,,8.44,7.875,pass,
91,review list (top 100),FOR MICHAEL'S REVIEW,hey house helper,hey house helper,HH EY1 HH AW1 S HH EH1 L P ER0,4,1-1-1-0,role,prefix-required,house helper,no new identity (functional),0,written form reads as intended,8,7,7,,3,1.1,0,,0.0,5.6,0.561,householder (0.1938),preliminary trademark / naming review required,,8.5,7.87,pass,
92,qualified (top 250),REJECTED (human suitability),hey fodova,hey fodova,HH EY1 F OW0 D OW1 V AH0,4,1-0-1-0,constructed,prefix-required,fodova,NEW ASSISTANT IDENTITY - would replace or sit beside ARIA; Michael's decision,0,written form reads as intended,10.0,7,4,invented word looks less name-like than 99% of real first names,8,2.0,0,,0.0,5.1,0.514,photo of a (0.15); many photos of (0.1629); half a dozen (0.18); holiday photos (0.1843),preliminary trademark / naming review required; invented word: clearance search needed,,8.62,7.865,fail,dignity naturalness 4 < 7
93,qualified (top 250),REJECTED (human suitability),hey neduta,hey neduta,HH EY1 N EH0 D UW1 T AH0,4,1-0-1-0,constructed,prefix-required,neduta,NEW ASSISTANT IDENTITY - would replace or sit beside ARIA; Michael's decision,3,vowels may be read differently (HH EY1 N IH0 D UW1 T AH0),10.0,7,4,invented word looks less name-like than 99% of real first names,8,1.2,0,,0.3,5.2,0.524,money do tom (0.1929); narita (0.2); they needed a (0.2071); can do today (0.2214),preliminary trademark / naming review required; invented word: clearance search needed,,8.74,7.86,fail,dignity naturalness 4 < 7
94,review list (top 100),FOR MICHAEL'S REVIEW,okay beacon,okay beacon,OW2 K EY1 B IY1 K AH0 N,4,2-1-1-0,word_name,prefix-required,beacon,NEW ASSISTANT IDENTITY - would replace or sit beside ARIA; Michael's decision,0,written form reads as intended,9,9,7,,6,1.8,0,,3.1,5.2,0.516,baby can (0.1571); day become (0.1786); ok people (0.1875); may become (0.2071),preliminary trademark / naming review required,,7.86,7.86,pass,
95,qualified (top 250),REJECTED (human suitability),hey romisa,hey romisa,HH EY1 R OW0 M IY1 S AH0,4,1-0-1-0,constructed,prefix-required,romisa,NEW ASSISTANT IDENTITY - would replace or sit beside ARIA; Michael's decision,3,vowels may be read differently (HH EY1 R AH0 M IY1 S AH0),9,7,6,invented word looks less name-like than 61% of real first names,8,1.5,0,,0.3,5.2,0.52,had a misunderstanding (0.175); naomi said (0.1857); naomi said to (0.1857); has a message (0.1938),preliminary trademark / naming review required; invented word: clearance search needed,,8.48,7.85,fail,dignity naturalness 6 < 7
96,review list (top 100),FOR MICHAEL'S REVIEW,okay briar,okay briar,OW2 K EY1 B R AY1 ER0,4,2-1-1-0,word_name,prefix-required,briar,NEW ASSISTANT IDENTITY - would replace or sit beside ARIA; Michael's decision,0,written form reads as intended,8,9,7,,6,2.3,0,,0.3,4.9,0.492,okay try (0.1333); ok by (0.1667); kobe bryant (0.2),preliminary trademark / naming review required,,8.06,7.845,pass,
97,review list (top 100),FOR MICHAEL'S REVIEW,hey dorana,hey dorana,HH EY1 D OW0 R AA1 N AH0,4,1-0-1-0,constructed,prefix-required,dorana,NEW ASSISTANT IDENTITY - would replace or sit beside ARIA; Michael's decision,3,vowels may be read differently (HH EY1 D AO0 R AA1 N AH0),10.0,7,7,,8,1.5,0,,2.9,5.2,0.52,door on (0.175); goes on a (0.175); they'd promised (0.1857); made promises (0.1857),preliminary trademark / naming review required; invented word: clearance search needed,,8.16,7.84,pass,
98,qualified (top 250),REJECTED (human suitability),hey ralosa,hey ralosa,HH EY1 R AH0 L OW1 S AH0,4,1-0-1-0,constructed,prefix-required,ralosa,NEW ASSISTANT IDENTITY - would replace or sit beside ARIA; Michael's decision,0,written form reads as intended,9,7,5,invented word looks less name-like than 87% of real first names,8,1.2,0,,1.5,5.2,0.524,temporarily suspended (0.1929); hair loss (0.2); mira lost (0.2); their losses (0.2),preliminary trademark / naming review required; invented word: clearance search needed,,8.3,7.84,fail,dignity naturalness 5 < 7
99,qualified (top 250),REJECTED (human suitability),hey todola,hey todola,HH EY1 T OW0 D OW1 L AH0,4,1-0-1-0,constructed,prefix-required,todola,NEW ASSISTANT IDENTITY - would replace or sit beside ARIA; Michael's decision,3,vowels may be read differently (HH EY1 T AH0 D OW1 L AH0),10.0,7,5,invented word looks less name-like than 77% of real first names,8,1.8,0,,0.3,5.2,0.516,hated all (0.1571); atenolol (0.1714); isolated island (0.1786); hated lying (0.1812),preliminary trademark / naming review required; invented word: clearance search needed,,8.62,7.84,fail,dignity naturalness 5 < 7
100,review list (top 100),FOR MICHAEL'S REVIEW,okay caretaker,okay caretaker,OW2 K EY1 K EH1 R T EY2 K ER0,5,2-1-1-2-0,role,prefix-required,caretaker,no new identity (functional),0,written form reads as intended,8,7,7,,3,1.3,0,,0.0,5.6,0.562,a caretaker (0.1833); the caretaker (0.1833); caretaker (0.2222); ok to take (0.2389),preliminary trademark / naming review required,,8.46,7.83,pass,
101,review list (top 100),FOR MICHAEL'S REVIEW,okay rowan,okay rowan,OW2 K EY1 R OW1 AH0 N,4,2-1-1-0,word_name,prefix-required,rowan,NEW ASSISTANT IDENTITY - would replace or sit beside ARIA; Michael's decision,0,written form reads as intended,9,9,7,,6,1.7,0,,3.3,5.0,0.499,to cairo and (0.1643); cairo in (0.1833); ok don't worry (0.1857); it's ok don't (0.1857),preliminary trademark / naming review required,,7.8,7.83,pass,
102,qualified (top 250),REJECTED (human suitability),hey gomuna,hey gomuna,HH EY1 G OW0 M UW1 N AH0,4,1-0-1-0,constructed,prefix-required,gomuna,NEW ASSISTANT IDENTITY - would replace or sit beside ARIA; Michael's decision,0,written form reads as intended,10.0,7,4,invented word looks less name-like than 98% of real first names,8,2.2,0,,0.0,5.1,0.512,domina (0.1417); diego needed (0.1929); hegemonic (0.1938); rodrigo managed (0.2071),preliminary trademark / naming review required; invented word: clearance search needed,,8.58,7.825,fail,dignity naturalness 4 < 7
103,review list (top 100),FOR MICHAEL'S REVIEW,hello caretaker,hello caretaker,HH AH0 L OW1 K EH1 R T EY2 K ER0,5,0-1-1-2-0,role,prefix-required,caretaker,no new identity (functional),0,written form reads as intended,9,7,7,,3,2.2,0,,0.0,5.7,0.57,the local paper (0.14); local paper (0.1556); school caretaker (0.16); the caretaker (0.1633),preliminary trademark / naming review required,,8.5,7.815,pass,
104,qualified (top 250),REJECTED (human suitability),hey coneva,hey coneva,HH EY1 K OW0 N EH1 V AH0,4,1-0-1-0,constructed,prefix-required,coneva,NEW ASSISTANT IDENTITY - would replace or sit beside ARIA; Michael's decision,3,vowels may be read differently (HH EY1 K AH0 N IY1 V AH0),10.0,7,5,invented word looks less name-like than 78% of real first names,8,2.0,0,,0.0,5.1,0.514,diego never (0.15); taken as a (0.1557); bacon is a (0.1557); mistaken isn't (0.1557),preliminary trademark / naming review required; invented word: clearance search needed,,8.62,7.815,fail,dignity naturalness 5 < 7
105,review list (top 100),FOR MICHAEL'S REVIEW,okay marigold,okay marigold,OW2 K EY1 M EH1 R AH0 G OW2 L D,5,2-1-1-0-2,word_name,prefix-required,marigold,NEW ASSISTANT IDENTITY - would replace or sit beside ARIA; Michael's decision,0,written form reads as intended,8,9,7,,6,2.1,0,,2.2,5.7,0.571,likes marigolds (0.1455); he likes marigolds (0.1455); like marigolds (0.1455); she likes marigolds (0.1455),preliminary trademark / naming review required,,7.88,7.815,pass,
106,generated,REJECTED (mechanical),hello operator,hello operator,HH AH0 L OW1 AA1 P ER0 EY2 T ER0,6,0-1-1-0-2-0,role,prefix-required,operator,no new identity (functional),0,written form reads as intended,10.0,6,5,servant/switchboard connotation,3,1.4,0,,0.0,5.6,0.564,radio operator (0.1778); the operator (0.1837); a cooperative (0.2111); collaborators (0.2167),preliminary trademark / naming review required; common word: weak distinctiveness,G8_speakability,8.84,7.81,fail,text collision gates failed: G8_speakability
107,qualified (top 250),REJECTED (human suitability),hey vetada,hey vetada,HH EY1 V EH0 T AA1 D AH0,4,1-0-1-0,constructed,prefix-required,vetada,NEW ASSISTANT IDENTITY - would replace or sit beside ARIA; Michael's decision,3,vowels may be read differently (HH EY1 V EY0 T AA1 D AH0),10.0,7,5,invented word looks less name-like than 87% of real first names,8,1.4,0,,1.5,5.2,0.521,have a title (0.1812); have it on (0.1857); have apologized (0.2); have apologized to (0.2),preliminary trademark / naming review required; invented word: clearance search needed,,8.46,7.8,fail,dignity naturalness 5 < 7
108,review list (top 100),FOR MICHAEL'S REVIEW,okay anchor,okay anchor,OW2 K EY1 AE1 NG K ER0,4,2-1-1-0,word_name,prefix-required,anchor,NEW ASSISTANT IDENTITY - would replace or sit beside ARIA; Michael's decision,0,written form reads as intended,8,9,7,,3,1.7,0,,0.6,5.0,0.5,canker (0.1667); ok after (0.1929); to anchor (0.2167); clunker (0.2167),preliminary trademark / naming review required; common word: weak distinctiveness,,8.14,7.8,pass,
109,review list (top 100),FOR MICHAEL'S REVIEW,okay birch,okay birch,OW2 K EY1 B ER1 CH,3,2-1-1,word_name,prefix-required,birch,NEW ASSISTANT IDENTITY - would replace or sit beside ARIA; Michael's decision,0,written form reads as intended,8,9,7,,6,1.4,0,,2.4,4.8,0.481,ok but (0.1783); okay but (0.1783); is ok but (0.1783); ok but mary (0.1783),preliminary trademark / naming review required,,7.8,7.8,pass,
110,review list (top 100),FOR MICHAEL'S REVIEW,okay dahlia,okay dahlia,OW2 K EY1 D AE1 L Y AH0,4,2-1-1-0,word_name,prefix-required,dahlia,NEW ASSISTANT IDENTITY - would replace or sit beside ARIA; Michael's decision,0,written form reads as intended,8,9,7,,6,1.5,0,,2.8,5.2,0.52,like italian (0.175); like italian food (0.175); you like italian (0.175); like italians (0.175),preliminary trademark / naming review required,,7.78,7.8,pass,
111,generated,BENCHMARK - acoustic reference only,hey kookaburra,hey kookaburra,HH EY1 K UW2 K AH0 B UH1 R AH0,5,1-2-0-1-0,benchmark,prefix-required,kookaburra,benchmark only,0,written form reads as intended,10.0,9,0.0,childish / novelty word,2,0.3,0,,0.0,5.7,0.573,psychic abilities (0.2333); has psychic abilities (0.2333),preliminary trademark / naming review required,,9.08,7.795,fail,acoustic benchmark only - not a product candidate
112,review list (top 100),FOR MICHAEL'S REVIEW,hey primrose,hey primrose,HH EY1 P R IH1 M R OW2 Z,3,1-1-2,word_name,prefix-required,primrose,NEW ASSISTANT IDENTITY - would replace or sit beside ARIA; Michael's decision,0,written form reads as intended,8,9,7,,6,2.5,0,,0.9,5.2,0.523,primrose (0.125); ring road (0.175); red rose (0.1833); rima knows (0.2071),preliminary trademark / naming review required,,7.96,7.79,pass,
113,review list (top 100),FOR MICHAEL'S REVIEW,okay cedar,okay cedar,OW2 K EY1 S IY1 D ER0,4,2-1-1-0,word_name,prefix-required,cedar,NEW ASSISTANT IDENTITY - would replace or sit beside ARIA; Michael's decision,0,written form reads as intended,8,9,7,,6,1.7,0,,2.2,5.0,0.499,smoke a cigarette (0.1643); ok see (0.1667); ok here (0.175); smoke cigarettes (0.2143),preliminary trademark / naming review required,,7.82,7.79,pass,
114,mechanical pass,below top-250 cut,hey dorthea,hey dorthea,HH EY1 D AO1 R DH IY0 AH0,4,1-1-0-0,given_name,prefix-required,dorthea,NEW ASSISTANT IDENTITY - would replace or sit beside ARIA; Michael's decision,0,written form reads as intended,9,9,8,,7,2.0,3,"dorthea 0.003%, dorthea",1.8,5.1,0.514,dorothea (0.15); door the (0.1667); doria (0.1667); dorothy (0.175),preliminary trademark / naming review required; personal name,G4_domain_names_commands,7.46,7.785,fail,mechanical score 7.46 below the 250th survivor
115,generated,REJECTED (mechanical),hey fonuda,hey fonuda,HH EY1 F OW0 N UW1 D AH0,4,1-0-1-0,constructed,prefix-required,fonuda,NEW ASSISTANT IDENTITY - would replace or sit beside ARIA; Michael's decision,0,written form reads as intended,10.0,7,4,invented word looks less name-like than 100% of real first names,8,1.2,0,,2.6,5.2,0.523,have a needle (0.1875); face and a (0.1987); he phoned (0.2071); if i needed (0.2071),preliminary trademark / naming review required; invented word: clearance search needed,G2_near_high_frequency; G7_accent_casual_variant,8.28,7.78,fail,"text collision gates failed: G2_near_high_frequency, G7_accent_casual_variant"
116,qualified (top 250),REJECTED (human suitability),hey radura,hey radura,HH EY1 R AH0 D UW1 R AH0,4,1-0-1-0,constructed,prefix-required,radura,NEW ASSISTANT IDENTITY - would replace or sit beside ARIA; Michael's decision,3,vowels may be read differently (HH EY1 R AH0 D UH1 R AH0),10.0,7,4,invented word looks less name-like than 97% of real first names,8,1.2,0,,1.1,5.2,0.524,there a drugstore (0.1929); you're adorable (0.1929); very durable (0.1938); nowhere to run (0.2),preliminary trademark / naming review required; invented word: clearance search needed,,8.58,7.78,fail,dignity naturalness 4 < 7
117,review list (top 100),FOR MICHAEL'S REVIEW,okay amber,okay amber,OW2 K EY1 AE1 M B ER0,4,2-1-1-0,word_name,prefix-required,amber,NEW ASSISTANT IDENTITY - would replace or sit beside ARIA; Michael's decision,0,written form reads as intended,8,9,7,,6,1.7,0,,2.3,5.0,0.5,camber (0.1667); clamber (0.1667); kimber (0.225); echo chamber (0.2271),preliminary trademark / naming review required,,7.8,7.78,pass,
118,qualified (top 250),REJECTED (human suitability),hey lamura,hey lamura,HH EY1 L AH0 M UW1 R AH0,4,1-0-1-0,constructed,prefix-required,lamura,NEW ASSISTANT IDENTITY - would replace or sit beside ARIA; Michael's decision,3,vowels may be read differently (HH EY1 L AA0 M UH1 R AH0),10.0,7,5,invented word looks less name-like than 83% of real first names,8,1.7,0,,1.2,5.2,0.517,eleanora (0.1643); elenora (0.1643); zamora (0.2); central america (0.2071),preliminary trademark / naming review required; invented word: clearance search needed,,8.46,7.77,fail,dignity naturalness 5 < 7
119,review list (top 100),FOR MICHAEL'S REVIEW,okay haven,okay haven,OW2 K EY1 HH EY1 V AH0 N,4,2-1-1-0,word_name,prefix-required,haven,NEW ASSISTANT IDENTITY - would replace or sit beside ARIA; Michael's decision,0,written form reads as intended,9,9,7,,3,1.4,0,,3.3,5.2,0.521,brookhaven (0.1812); case of an (0.1857); hope i haven't (0.1875); ok isn't she (0.1988),preliminary trademark / naming review required; common word: weak distinctiveness,,7.9,7.77,pass,
120,review list (top 100),FOR MICHAEL'S REVIEW,hey care companion,hey care companion,HH EY1 K EH1 R K AH0 M P AE1 N Y AH0 N,5,1-1-0-1-0,role,prefix-required,care companion,no new identity (functional),0,written form reads as intended,9,7,7,,3,2.2,0,,1.4,6.3,0.626,your companion (0.1417); his companion (0.1433); good companion (0.1542); female companionship (0.1821),preliminary trademark / naming review required; common word: weak distinctiveness,,8.34,7.765,pass,
121,qualified (top 250),REJECTED (human suitability),hey leveta,hey leveta,HH EY1 L EH0 V EH1 T AH0,4,1-0-1-0,constructed,prefix-required,leveta,NEW ASSISTANT IDENTITY - would replace or sit beside ARIA; Michael's decision,0,written form reads as intended,10.0,7,6,invented word looks less name-like than 70% of real first names,8,2.5,0,,2.0,5.1,0.507,hell of it (0.1214); believe it'll (0.1214); levitt (0.1333); leavitt (0.1333),preliminary trademark / naming review required; invented word: clearance search needed,,8.12,7.765,fail,dignity naturalness 6 < 7
122,review list (top 100),FOR MICHAEL'S REVIEW,okay care desk,okay care desk,OW2 K EY1 K EH1 R D EH1 S K,4,2-1-1-1,role,prefix-required,care desk,no new identity (functional),0,written form reads as intended,7,7,7,,3,0.9,0,,0.0,5.6,0.564,take a risk (0.2056); take a rest (0.2222); picaresque (0.2222),preliminary trademark / naming review required; common word: weak distinctiveness,,8.34,7.76,pass,
123,qualified (top 250),REJECTED (human suitability),okay caos,okay caos,OW2 K EY1 K EY1 AA2 S,4,2-1-1-2,brand,prefix-required,caos,no new identity (product name),7,spelling suggests a different pronunciation (OW2 K EY1 K AA1 Z),8,7,7,,9,0.8,0,,0.5,5.1,0.509,be chaos (0.2083); to chaos (0.2167); cake it's (0.225); cake was (0.2417),preliminary trademark / naming review required,,8.36,7.755,fail,pronunciation ambiguity 7 > 4
124,qualified (top 250),REJECTED (human suitability),hey godera,hey godera,HH EY1 G OW0 D EH1 R AH0,4,1-0-1-0,constructed,prefix-required,godera,NEW ASSISTANT IDENTITY - would replace or sit beside ARIA; Michael's decision,0,written form reads as intended,10.0,7,4,invented word looks less name-like than 93% of real first names,8,1.3,0,,2.7,5.2,0.521,he go there (0.1814); may go wherever (0.1857); rodrigo didn't (0.1929); made a terrible (0.2071),preliminary trademark / naming review required; invented word: clearance search needed,,8.24,7.75,fail,dignity naturalness 4 < 7
125,review list (top 100),FOR MICHAEL'S REVIEW,okay sapphire,okay sapphire,OW2 K EY1 S AE1 F AY0 ER0,5,2-1-1-0-0,word_name,prefix-required,sapphire,NEW ASSISTANT IDENTITY - would replace or sit beside ARIA; Michael's decision,0,written form reads as intended,8,9,7,,6,2.8,0,,0.7,5.2,0.52,case of fire (0.1625); pacifier (0.1714); ok if i (0.2); okay if i (0.2),preliminary trademark / naming review required,,7.94,7.75,pass,
126,review list (top 100),FOR MICHAEL'S REVIEW,hey carma,hey carma,HH EY1 K AA1 R M AA0,3,1-1-0,given_name,prefix-required,carma,NEW ASSISTANT IDENTITY - would replace or sit beside ARIA; Michael's decision,0,written form reads as intended,9,9,8,,7,3.7,0,carma,1.2,4.7,0.473,hey come on (0.0667); karma (0.08); car my (0.09); methocarbamol (0.1429),preliminary trademark / naming review required; personal name,,7.76,7.745,pass,
127,review list (top 100),FOR MICHAEL'S REVIEW,hey alena,hey alena,HH EY1 AA0 L EY1 N AH0,4,1-0-1-0,given_name,prefix-required,alena,NEW ASSISTANT IDENTITY - would replace or sit beside ARIA; Michael's decision,0,written form reads as intended,10.0,9,8,,7,5.0,0,alena,0.0,4.6,0.461,alena (0.0); all in a (0.11); alana (0.11); are in a (0.15),preliminary trademark / naming review required; personal name,,7.92,7.74,pass,
128,review list (top 100),FOR MICHAEL'S REVIEW,hey elinor,hey elinor,HH EY1 EH1 L IH0 N ER0,4,1-1-0-0,given_name,prefix-required,elinor,NEW ASSISTANT IDENTITY - would replace or sit beside ARIA; Michael's decision,0,written form reads as intended,10.0,9,8,,7,5.0,0,elinor,0.0,4.6,0.461,elinor (0.0); eleanor (0.1); hell in (0.1667); elenore (0.1667),preliminary trademark / naming review required; personal name,,7.92,7.74,pass,
129,qualified (top 250),REJECTED (human suitability),hey lemova,hey lemova,HH EY1 L EH0 M OW1 V AH0,4,1-0-1-0,constructed,prefix-required,lemova,NEW ASSISTANT IDENTITY - would replace or sit beside ARIA; Michael's decision,0,written form reads as intended,10.0,7,4,invented word looks less name-like than 93% of real first names,8,2.3,0,,0.7,5.1,0.511,villanova (0.1357); genova (0.1867); here a moment (0.2087); will inevitably (0.2286),preliminary trademark / naming review required; invented word: clearance search needed,,8.42,7.735,fail,dignity naturalness 4 < 7
130,qualified (top 250),REJECTED (human suitability),hey folina,hey folina,HH EY1 F OW0 L IY1 N AH0,4,1-0-1-0,constructed,prefix-required,folina,NEW ASSISTANT IDENTITY - would replace or sit beside ARIA; Michael's decision,0,written form reads as intended,10.0,7,6,invented word looks less name-like than 73% of real first names,8,3.3,0,,0.6,5.0,0.499,hole in a (0.0833); solana (0.1233); selena (0.1483); selina (0.1483),preliminary trademark / naming review required; invented word: clearance search needed,,8.22,7.73,fail,dignity naturalness 6 < 7
131,qualified (top 250),REJECTED (human suitability),hey peluva,hey peluva,HH EY1 P EH0 L UW1 V AH0,4,1-0-1-0,constructed,prefix-required,peluva,NEW ASSISTANT IDENTITY - would replace or sit beside ARIA; Michael's decision,3,vowels may be read differently (HH EY1 P EH2 L UW0 V AA1),10.0,7,4,invented word looks less name-like than 100% of real first names,8,1.7,0,,0.6,5.2,0.518,helluva (0.1667); lollapalooza (0.17); people of a (0.2071); pollute the (0.2143),preliminary trademark / naming review required; invented word: clearance search needed,,8.58,7.73,fail,dignity naturalness 4 < 7
132,review list (top 100),FOR MICHAEL'S REVIEW,hey borita,hey borita,HH EY1 B OW0 R IY1 T AH0,4,1-0-1-0,constructed,prefix-required,borita,NEW ASSISTANT IDENTITY - would replace or sit beside ARIA; Michael's decision,3,vowels may be read differently (HH EY1 B AO0 R IY1 T AH0),10.0,7,7,,8,2.7,0,,1.6,5.1,0.506,bonita (0.1167); morita (0.1667); murrieta (0.1667); brita (0.1667),preliminary trademark / naming review required; invented word: clearance search needed,,8.16,7.715,pass,
133,qualified (top 250),REJECTED (human suitability),hey remava,hey remava,HH EY1 R EH0 M AA1 V AH0,4,1-0-1-0,constructed,prefix-required,remava,NEW ASSISTANT IDENTITY - would replace or sit beside ARIA; Michael's decision,3,vowels may be read differently (HH EY1 R AH0 M EY1 V AH0),10.0,7,4,invented word looks less name-like than 96% of real first names,8,1.9,0,,0.4,5.2,0.515,sahara was a (0.155); remove a (0.1667); they renovated (0.1857); ramallah (0.2067),preliminary trademark / naming review required; invented word: clearance search needed,,8.58,7.71,fail,dignity naturalness 4 < 7
134,review list (top 100),FOR MICHAEL'S REVIEW,okay trinity,okay trinity,OW2 K EY1 T R IH1 N AH0 T IY0,5,2-1-1-0-0,word_name,prefix-required,trinity,NEW ASSISTANT IDENTITY - would replace or sit beside ARIA; Michael's decision,2,written form reads as intended; 2 dictionary pronunciations,8,9,7,,6,2.1,0,,2.0,5.5,0.553,holy trinity (0.145); the holy trinity (0.145); the trinity (0.1833); trinity (0.2222),preliminary trademark / naming review required,,7.88,7.705,pass,
135,generated,REJECTED (mechanical),hey solota,hey solota,HH EY1 S OW0 L OW1 T AH0,4,1-0-1-0,constructed,prefix-required,solota,NEW ASSISTANT IDENTITY - would replace or sit beside ARIA; Michael's decision,0,written form reads as intended,9,7,5,invented word looks less name-like than 87% of real first names,8,2.5,0,,0.3,5.2,0.52,say hello to (0.175); they floated (0.1771); encephalitis (0.1925); this isolated (0.1938),preliminary trademark / naming review required; invented word: clearance search needed,G7_accent_casual_variant,8.28,7.7,fail,text collision gates failed: G7_accent_casual_variant
136,review list (top 100),FOR MICHAEL'S REVIEW,okay aurora,okay aurora,OW2 K EY1 ER0 AO1 R AH0,5,2-1-0-1-0,word_name,prefix-required,aurora,NEW ASSISTANT IDENTITY - would replace or sit beside ARIA; Michael's decision,0,written form reads as intended,9,9,7,,6,2.2,0,,3.6,5.0,0.497,ok for a (0.1429); ok for (0.1667); okay for (0.1667); ok or (0.1667),preliminary trademark / naming review required,,7.64,7.7,pass,
137,mechanical pass,below top-250 cut,hey myrtis,hey myrtis,HH EY1 M IH1 R T IH0 S,3,1-1-0,given_name,prefix-required,myrtis,NEW ASSISTANT IDENTITY - would replace or sit beside ARIA; Michael's decision,0,written form reads as intended,8,9,8,,7,2.0,3,"myrtice 0.003%, myrtis 0.005%, myrtis",1.2,5.1,0.511,mortis (0.15); home it is (0.15); vladimir decided (0.1571); vladimir decided to (0.1571),preliminary trademark / naming review required; personal name,G4_domain_names_commands,7.38,7.695,fail,mechanical score 7.38 below the 250th survivor
138,review list (top 100),FOR MICHAEL'S REVIEW,okay clover,okay clover,OW2 K EY1 K L OW1 V ER0,4,2-1-1-0,word_name,prefix-required,clover,NEW ASSISTANT IDENTITY - would replace or sit beside ARIA; Michael's decision,0,written form reads as intended,8,9,7,,6,2.2,0,,2.3,5.1,0.512,cake over (0.1429); pay closer (0.1486); take over (0.1929); takeover (0.1929),preliminary trademark / naming review required,,7.72,7.695,pass,
139,qualified (top 250),REJECTED (human suitability),hey bavisa,hey bavisa,HH EY1 B AH0 V IY1 S AH0,4,1-0-1-0,constructed,prefix-required,bavisa,NEW ASSISTANT IDENTITY - would replace or sit beside ARIA; Michael's decision,3,vowels may be read differently (HH EY1 B AA0 V IY1 S AH0),9,7,5,invented word looks less name-like than 82% of real first names,8,1.4,0,,1.1,5.2,0.521,need a visa (0.1786); afraid of something (0.1929); anybody suspected (0.1986); anybody suspected you (0.1986),preliminary trademark / naming review required; invented word: clearance search needed,,8.34,7.69,fail,dignity naturalness 5 < 7
140,qualified (top 250),REJECTED (human suitability),hey radova,hey radova,HH EY1 R AH0 D OW1 V AH0,4,1-0-1-0,constructed,prefix-required,radova,NEW ASSISTANT IDENTITY - would replace or sit beside ARIA; Michael's decision,0,written form reads as intended,10.0,7,4,invented word looks less name-like than 93% of real first names,8,2.0,0,,1.8,5.1,0.514,read over (0.15); villanova (0.1857); run over (0.1917); rid of a (0.1917),preliminary trademark / naming review required; invented word: clearance search needed,,8.26,7.685,fail,dignity naturalness 4 < 7
141,qualified (top 250),REJECTED (human suitability),hey maluva,hey maluva,HH EY1 M AH0 L UW1 V AH0,4,1-0-1-0,constructed,prefix-required,maluva,NEW ASSISTANT IDENTITY - would replace or sit beside ARIA; Michael's decision,0,written form reads as intended,10.0,7,4,invented word looks less name-like than 95% of real first names,8,1.6,0,,2.8,5.2,0.519,him lose (0.17); an allusion (0.1714); maloof (0.175); family the (0.1786),preliminary trademark / naming review required; invented word: clearance search needed,,8.16,7.68,fail,dignity naturalness 4 < 7
142,qualified (top 250),REJECTED (human suitability),hey pedota,hey pedota,HH EY1 P EH0 D OW1 T AH0,4,1-0-1-0,constructed,prefix-required,pedota,NEW ASSISTANT IDENTITY - would replace or sit beside ARIA; Michael's decision,3,vowels may be read differently (HH EY1 P AH0 D OW1 T AH0),10.0,7,4,invented word looks less name-like than 96% of real first names,8,1.5,0,,1.5,5.2,0.52,hepatitis (0.175); hepatitis b (0.175); hated studying (0.2062); i hated studying (0.2062),preliminary trademark / naming review required; invented word: clearance search needed,,8.44,7.68,fail,dignity naturalness 4 < 7
143,qualified (top 250),REJECTED (human suitability),hey rotuda,hey rotuda,HH EY1 R OW0 T UW1 D AH0,4,1-0-1-0,constructed,prefix-required,rotuda,NEW ASSISTANT IDENTITY - would replace or sit beside ARIA; Michael's decision,0,written form reads as intended,10.0,7,4,invented word looks less name-like than 97% of real first names,8,1.6,0,,2.8,5.2,0.518,inherited all (0.1688); heritable (0.175); inheritable (0.175); inherited it (0.1812),preliminary trademark / naming review required; invented word: clearance search needed,,8.16,7.68,fail,dignity naturalness 4 < 7
144,review list (top 100),FOR MICHAEL'S REVIEW,hey gracia,hey gracia,HH EY1 G R AA1 CH AH0,3,1-1-0,given_name,prefix-required,gracia,NEW ASSISTANT IDENTITY - would replace or sit beside ARIA; Michael's decision,0,written form reads as intended,8,9,8,,7,3.0,0,gracia,2.1,4.9,0.492,rocca (0.1475); gracia (0.1667); dacha (0.175); watch a (0.1875),preliminary trademark / naming review required; personal name,,7.56,7.675,pass,
145,qualified (top 250),REJECTED (human suitability),hey votona,hey votona,HH EY1 V OW0 T OW1 N AH0,4,1-0-1-0,constructed,prefix-required,votona,NEW ASSISTANT IDENTITY - would replace or sit beside ARIA; Michael's decision,0,written form reads as intended,10.0,7,4,invented word looks less name-like than 94% of real first names,8,2.7,0,,0.5,5.1,0.507,his opponent (0.1175); his opponents (0.1175); his opponent in (0.1175); of his opponent (0.1175),preliminary trademark / naming review required; invented word: clearance search needed,,8.38,7.675,fail,dignity naturalness 4 < 7
146,qualified (top 250),REJECTED (human suitability),hey doriva,hey doriva,HH EY1 D OW0 R IY1 V AH0,4,1-0-1-0,constructed,prefix-required,doriva,NEW ASSISTANT IDENTITY - would replace or sit beside ARIA; Michael's decision,3,vowels may be read differently (HH EY1 D AO0 R IY1 V AH0),10.0,7,6,invented word looks less name-like than 69% of real first names,8,1.7,0,,3.2,5.2,0.517,made olivia (0.1643); door of a (0.175); absolutely no reason (0.1771); really no reason (0.1771),preliminary trademark / naming review required; invented word: clearance search needed,,8.06,7.67,fail,dignity naturalness 6 < 7
147,qualified (top 250),REJECTED (human suitability),hey fotira,hey fotira,HH EY1 F OW0 T IY1 R AH0,4,1-0-1-0,constructed,prefix-required,fotira,NEW ASSISTANT IDENTITY - would replace or sit beside ARIA; Michael's decision,3,vowels may be read differently (HH EY1 F OW0 T IH1 R AH0),10.0,7,4,invented word looks less name-like than 99% of real first names,8,1.8,0,,1.0,5.2,0.517,have a terrible (0.1625); he's a terrible (0.18); has a terrible (0.1925); safety deposit (0.2062),preliminary trademark / naming review required; invented word: clearance search needed,,8.48,7.67,fail,dignity naturalness 4 < 7
148,qualified (top 250),REJECTED (human suitability),hey sadota,hey sadota,HH EY1 S AH0 D OW1 T AH0,4,1-0-1-0,constructed,prefix-required,sadota,NEW ASSISTANT IDENTITY - would replace or sit beside ARIA; Michael's decision,0,written form reads as intended,9,7,5,invented word looks less name-like than 89% of real first names,8,1.7,0,,2.2,5.2,0.518,sedona (0.1667); he's a total (0.1688); cases out of (0.1714); is a total (0.1786),preliminary trademark / naming review required; invented word: clearance search needed,,8.06,7.67,fail,dignity naturalness 5 < 7
149,generated,REJECTED (mechanical),okay sonora,okay sonora,OW2 K EY1 S AH0 N AO1 R AH0,5,2-1-0-1-0,word_name,prefix-required,sonora,NEW ASSISTANT IDENTITY - would replace or sit beside ARIA; Michael's decision,0,written form reads as intended,8,9,7,,6,1.9,0,,3.6,5.4,0.536,education or (0.1522); quotation from (0.1633); person or a (0.1688); communication are (0.1744),preliminary trademark / naming review required,G3_embedded_or_contains,7.58,7.67,fail,text collision gates failed: G3_embedded_or_contains
150,review list (top 100),FOR MICHAEL'S REVIEW,hey care team,hey care team,HH EY1 K EH1 R T IY1 M,3,1-1-1,role,prefix-required,care team,no new identity (functional),0,written form reads as intended,9,7,7,,3,2.5,0,,0.0,5.1,0.506,carotene (0.1286); keratin (0.15); hate eating (0.1643); their team (0.1667),preliminary trademark / naming review required; common word: weak distinctiveness,,8.32,7.665,pass,
151,review list (top 100),FOR MICHAEL'S REVIEW,hey jaime,hey jaime,HH EY1 HH AY1 M IY0,3,1-1-0,given_name,prefix-required,jaime,NEW ASSISTANT IDENTITY - would replace or sit beside ARIA; Michael's decision,0,written form reads as intended,10.0,9,8,,7,5.0,0,jaime,0.5,4.4,0.439,jaime (0.0); jaimie (0.0); say how many (0.09); way how many (0.09),preliminary trademark / naming review required; personal name,,7.78,7.66,pass,
152,generated,REJECTED (mechanical),hey dorata,hey dorata,HH EY1 D OW0 R AA1 T AH0,4,1-0-1-0,constructed,prefix-required,dorata,NEW ASSISTANT IDENTITY - would replace or sit beside ARIA; Michael's decision,3,vowels may be read differently (HH EY1 D AO0 R AA1 T AH0),10.0,7,6,invented word looks less name-like than 64% of real first names,8,3.0,0,,0.6,5.1,0.514,odorata (0.15); bharata (0.1667); had a rocky (0.1875); diego got a (0.1929),preliminary trademark / naming review required; invented word: clearance search needed,G7_accent_casual_variant,8.3,7.655,fail,text collision gates failed: G7_accent_casual_variant
153,qualified (top 250),REJECTED (human suitability),hey lovora,hey lovora,HH EY1 L OW0 V AO1 R AH0,4,1-0-1-0,constructed,prefix-required,lovora,NEW ASSISTANT IDENTITY - would replace or sit beside ARIA; Michael's decision,0,written form reads as intended,10.0,7,5,invented word looks less name-like than 77% of real first names,8,3.5,0,,0.0,5.0,0.497,low for a (0.075); layla for a (0.1571); hero for (0.1714); low for (0.175),preliminary trademark / naming review required; invented word: clearance search needed,,8.3,7.65,fail,dignity naturalness 5 < 7
154,qualified (top 250),REJECTED (human suitability),hey pedova,hey pedova,HH EY1 P EH0 D OW1 V AH0,4,1-0-1-0,constructed,prefix-required,pedova,NEW ASSISTANT IDENTITY - would replace or sit beside ARIA; Michael's decision,3,vowels may be read differently (HH EY1 P AH0 D OW1 V AH0),10.0,7,4,invented word looks less name-like than 98% of real first names,8,1.7,0,,1.4,5.2,0.517,accumulated over (0.1643); hated the (0.1938); sami hated the (0.1938); hated the idea (0.1938),preliminary trademark / naming review required; invented word: clearance search needed,,8.42,7.65,fail,dignity naturalness 4 < 7
155,review list (top 100),FOR MICHAEL'S REVIEW,okay cypress,okay cypress,OW2 K EY1 S AY1 P R AH0 S,4,2-1-1-0,word_name,prefix-required,cypress,NEW ASSISTANT IDENTITY - would replace or sit beside ARIA; Michael's decision,2,written form reads as intended; 2 dictionary pronunciations,6,9,7,,6,1.8,0,,0.0,5.4,0.535,to cyprus (0.1625); ok for a (0.2363); cyprus (0.25); cypress (0.25),preliminary trademark / naming review required,,7.92,7.65,pass,
156,qualified (top 250),REJECTED (human suitability),hey ganasa,hey ganasa,HH EY1 G AH0 N AA1 S AH0,4,1-0-1-0,constructed,prefix-required,ganasa,NEW ASSISTANT IDENTITY - would replace or sit beside ARIA; Michael's decision,0,written form reads as intended,9,7,5,invented word looks less name-like than 90% of real first names,8,1.9,0,,1.9,5.1,0.515,ignatia (0.1529); pagan origins (0.1714); had a nice (0.1929); paganism (0.1929),preliminary trademark / naming review required; invented word: clearance search needed,,8.06,7.645,fail,dignity naturalness 5 < 7
157,review list (top 100),FOR MICHAEL'S REVIEW,okay care team,okay care team,OW2 K EY1 K EH1 R T IY1 M,4,2-1-1-1,role,prefix-required,care team,no new identity (functional),0,written form reads as intended,8,7,7,,3,2.1,0,,0.0,5.4,0.543,located in (0.1938); located in the (0.1938); located in north (0.1938); located in a (0.1938),preliminary trademark / naming review required; common word: weak distinctiveness,,8.26,7.64,pass,
158,qualified (top 250),REJECTED (human suitability),hey bovela,hey bovela,HH EY1 B OW0 V EH1 L AH0,4,1-0-1-0,constructed,prefix-required,bovela,NEW ASSISTANT IDENTITY - would replace or sit beside ARIA; Michael's decision,3,vowels may be read differently (HH EY1 B OW1 V AH0 L AH0),10.0,7,5,invented word looks less name-like than 80% of real first names,8,2.0,0,,1.8,5.1,0.514,novella (0.15); they developed (0.1857); they develop (0.1857); they developed a (0.1857),preliminary trademark / naming review required; invented word: clearance search needed,,8.26,7.635,fail,dignity naturalness 5 < 7
159,review list (top 100),FOR MICHAEL'S REVIEW,hey briar,hey briar,HH EY1 B R AY1 ER0,3,1-1-0,word_name,prefix-required,briar,NEW ASSISTANT IDENTITY - would replace or sit beside ARIA; Michael's decision,0,written form reads as intended,9,9,7,,6,3.6,0,,1.0,4.7,0.467,kobe bryant (0.12); liar (0.1333); royer (0.1333); highbrow (0.15),preliminary trademark / naming review required,,7.82,7.635,pass,
160,qualified (top 250),REJECTED (human suitability),hey netala,hey netala,HH EY1 N EH0 T AA1 L AH0,4,1-0-1-0,constructed,prefix-required,netala,NEW ASSISTANT IDENTITY - would replace or sit beside ARIA; Michael's decision,3,vowels may be read differently (HH EY1 N EH1 T AH0 L AH0),10.0,7,5,invented word looks less name-like than 83% of real first names,8,2.7,0,,0.4,5.1,0.507,hematology (0.1187); in a colony (0.1429); natal (0.15); any toilet (0.1571),preliminary trademark / naming review required; invented word: clearance search needed,,8.4,7.635,fail,dignity naturalness 5 < 7
161,qualified (top 250),REJECTED (human suitability),hey morova,hey morova,HH EY1 M OW0 R OW1 V AH0,4,1-0-1-0,constructed,prefix-required,morova,NEW ASSISTANT IDENTITY - would replace or sit beside ARIA; Michael's decision,3,vowels may be read differently (HH EY1 M AO0 R OW1 V AH0),10.0,7,4,invented word looks less name-like than 95% of real first names,8,2.5,0,,0.0,5.2,0.52,moreover (0.175); more of a (0.1833); him a reason (0.1988); moldova (0.2),preliminary trademark / naming review required; invented word: clearance search needed,,8.54,7.63,fail,dignity naturalness 4 < 7
162,qualified (top 250),REJECTED (human suitability),hey netiva,hey netiva,HH EY1 N EH0 T IY1 V AH0,4,1-0-1-0,constructed,prefix-required,netiva,NEW ASSISTANT IDENTITY - would replace or sit beside ARIA; Michael's decision,3,vowels may be read differently (HH EY1 N EY0 T IY1 V AH0),10.0,7,4,invented word looks less name-like than 95% of real first names,8,1.7,0,,1.6,5.2,0.517,a native of (0.1643); may not even (0.1714); how native (0.1714); any tv (0.1786),preliminary trademark / naming review required; invented word: clearance search needed,,8.38,7.63,fail,dignity naturalness 4 < 7
163,review list (top 100),FOR MICHAEL'S REVIEW,okay rosemary,okay rosemary,OW2 K EY1 R OW1 Z M EH2 R IY0,5,2-1-1-2-0,word_name,prefix-required,rosemary,NEW ASSISTANT IDENTITY - would replace or sit beside ARIA; Michael's decision,0,written form reads as intended,7,9,7,,6,2.2,0,,2.1,5.5,0.551,care of mary (0.1378); he knows mary (0.2189); care if mary (0.2211); rosemary (0.2222),preliminary trademark / naming review required,,7.64,7.625,pass,
164,qualified (top 250),REJECTED (human suitability),hello butler,hello butler,HH AH0 L OW1 B AH1 T L ER0,4,0-1-1-0,role,prefix-required,butler,no new identity (functional),0,written form reads as intended,9,7,5,servant/switchboard connotation,3,1.3,0,,1.3,5.4,0.54,has a butler (0.1833); the cello better (0.2); fellow but (0.2062); the butler (0.21),preliminary trademark / naming review required; common word: weak distinctiveness,,8.36,7.62,fail,dignity naturalness 5 < 7
165,generated,REJECTED (mechanical),hey nurse call,hey nurse call,HH EY1 N ER1 S K AO1 L,3,1-1-1,role,prefix-required,nurse call,no new identity (functional),0,written form reads as intended,8,7,7,,3,1.6,0,,0.9,5.2,0.516,jonas called (0.1714); tennis court (0.1929); neighbors called (0.1929); the tennis court (0.1929),preliminary trademark / naming review required; common word: weak distinctiveness,G7_accent_casual_variant,8.14,7.62,fail,text collision gates failed: G7_accent_casual_variant
166,review list (top 100),FOR MICHAEL'S REVIEW,hey bethel,hey bethel,HH EY1 B EH1 TH AH0 L,3,1-1-0,given_name,prefix-required,bethel,NEW ASSISTANT IDENTITY - would replace or sit beside ARIA; Michael's decision,2,written form reads as intended; 2 dictionary pronunciations,10.0,9,8,,7,5.0,0,bethel,0.3,4.6,0.458,bethel (0.0); bissell (0.064); basle (0.064); baffle (0.08),preliminary trademark / naming review required; personal name,,7.86,7.61,pass,
167,qualified (top 250),REJECTED (human suitability),hey fetuda,hey fetuda,HH EY1 F EH0 T UW1 D AH0,4,1-0-1-0,constructed,prefix-required,fetuda,NEW ASSISTANT IDENTITY - would replace or sit beside ARIA; Michael's decision,3,vowels may be read differently (HH EY1 F AH0 T UW1 D AH0),10.0,7,4,invented word looks less name-like than 100% of real first names,8,1.3,0,,2.6,5.2,0.522,safer to do (0.1857); fee to the (0.1867); fukuda (0.1917); if students (0.1929),preliminary trademark / naming review required; invented word: clearance search needed,,8.26,7.61,fail,dignity naturalness 4 < 7
168,review list (top 100),FOR MICHAEL'S REVIEW,okay sterling,okay sterling,OW2 K EY1 S T ER1 L IH0 NG,4,2-1-1-0,word_name,prefix-required,sterling,NEW ASSISTANT IDENTITY - would replace or sit beside ARIA; Michael's decision,0,written form reads as intended,7,9,7,,3,2.5,0,,0.0,5.4,0.539,walk after lunch (0.1767); a sterling (0.2062); pestering (0.2125); back after lunch (0.2322),preliminary trademark / naming review required; common word: weak distinctiveness,,7.98,7.61,pass,
169,qualified (top 250),REJECTED (human suitability),hey farava,hey farava,HH EY1 F AH0 R AA1 V AH0,4,1-0-1-0,constructed,prefix-required,farava,NEW ASSISTANT IDENTITY - would replace or sit beside ARIA; Michael's decision,3,vowels may be read differently (HH EY1 F AA0 R AA1 V AH0),10.0,7,4,invented word looks less name-like than 97% of real first names,8,2.0,0,,1.1,5.1,0.514,fear of a (0.15); the lava (0.1617); fun of a (0.1833); formation of a (0.2071),preliminary trademark / naming review required; invented word: clearance search needed,,8.4,7.605,fail,dignity naturalness 4 < 7
170,qualified (top 250),REJECTED (human suitability),hey zonuva,hey zonuva,HH EY1 Z OW0 N UW1 V AH0,4,1-0-1-0,constructed,prefix-required,zonuva,NEW ASSISTANT IDENTITY - would replace or sit beside ARIA; Michael's decision,0,written form reads as intended,9,7,4,invented word looks less name-like than 100% of real first names,8,2.0,0,,1.1,5.1,0.514,his own isn't (0.1487); zone over (0.1917); haven of (0.1925); his own shoes (0.1988),preliminary trademark / naming review required; invented word: clearance search needed,,8.2,7.605,fail,dignity naturalness 4 < 7
171,mechanical pass,below top-250 cut,hey cristobal,hey cristobal,HH EY1 K R IH1 S T AH0 B AH0 L,4,1-1-0-0,given_name,prefix-required,cristobal,NEW ASSISTANT IDENTITY - would replace or sit beside ARIA; Michael's decision,0,written form reads as intended,8,9,8,,7,3.0,3,"cristobal 0.004%, cristobal",0.9,5.6,0.558,cristobal (0.1); this double (0.1588); rest a while (0.1687); this table (0.1837),preliminary trademark / naming review required; personal name,G4_domain_names_commands,7.34,7.6,fail,mechanical score 7.34 below the 250th survivor
172,review list (top 100),FOR MICHAEL'S REVIEW,hey madala,hey madala,HH EY1 M AH0 D AA1 L AH0,4,1-0-1-0,constructed,prefix-required,madala,NEW ASSISTANT IDENTITY - would replace or sit beside ARIA; Michael's decision,3,vowels may be read differently (HH EY1 M AA0 D AA1 L AH0),10.0,7,7,,8,3.0,0,,2.0,5.0,0.503,hematology (0.1); madonna (0.1167); mandala (0.1333); madara (0.1333),preliminary trademark / naming review required; invented word: clearance search needed,,8.0,7.6,pass,
173,qualified (top 250),REJECTED (human suitability),hey navuta,hey navuta,HH EY1 N AH0 V UW1 T AH0,4,1-0-1-0,constructed,prefix-required,navuta,NEW ASSISTANT IDENTITY - would replace or sit beside ARIA; Michael's decision,3,vowels may be read differently (HH EY1 N AA0 V UW1 T AH0),10.0,7,4,invented word looks less name-like than 100% of real first names,8,2.5,0,,0.3,5.2,0.521,one of italy's (0.1786); reign of terror (0.1857); nevada (0.1917); hang of it (0.2143),preliminary trademark / naming review required; invented word: clearance search needed,,8.48,7.6,fail,dignity naturalness 4 < 7
174,generated,REJECTED (mechanical),hey earlene,hey earlene,HH EY1 ER1 L IY0 N,3,1-1-0,given_name,prefix-required,earlene,NEW ASSISTANT IDENTITY - would replace or sit beside ARIA; Michael's decision,0,written form reads as intended,10.0,9,8,,7,2.6,3,"herlinda 0.005%, sherlene 0.001%, shirleen 0.002%, shirlene 0.004%, earlene",3.4,4.7,0.467,entirely new (0.12); how early (0.14); a lean (0.15); alene (0.15),preliminary trademark / naming review required; personal name,G4_domain_names_commands; G7_accent_casual_variant,7.14,7.595,fail,text collision gates failed: G7_accent_casual_variant
175,generated,REJECTED (mechanical),hey erlene,hey erlene,HH EY1 ER1 L IY0 N,3,1-1-0,given_name,prefix-required,erlene,NEW ASSISTANT IDENTITY - would replace or sit beside ARIA; Michael's decision,0,written form reads as intended,10.0,9,8,,7,2.6,3,"herlinda 0.005%, sherlene 0.001%, shirleen 0.002%, shirlene 0.004%, erlene",3.4,4.7,0.467,entirely new (0.12); how early (0.14); a lean (0.15); alene (0.15),preliminary trademark / naming review required; personal name,G4_domain_names_commands; G7_accent_casual_variant,7.14,7.595,fail,text collision gates failed: G7_accent_casual_variant; same sound as 'hey earlene'
176,qualified (top 250),REJECTED (human suitability),hey sevida,hey sevida,HH EY1 S EH0 V IY1 D AH0,4,1-0-1-0,constructed,prefix-required,sevida,NEW ASSISTANT IDENTITY - would replace or sit beside ARIA; Michael's decision,0,written form reads as intended,9,7,6,invented word looks less name-like than 73% of real first names,8,2.2,0,,2.8,5.1,0.512,sevilla (0.1417); face of adversity (0.1812); heavy the (0.195); he says he'd (0.2112),preliminary trademark / naming review required; invented word: clearance search needed,,7.82,7.595,fail,dignity naturalness 6 < 7
177,generated,REJECTED (mechanical),okay heron,okay heron,OW2 K EY1 HH EH1 R AH0 N,4,2-1-1-0,word_name,prefix-required,heron,NEW ASSISTANT IDENTITY - would replace or sit beside ARIA; Michael's decision,0,written form reads as intended,9,9,7,,6,2.5,0,,4.2,5.1,0.509,ok here (0.1286); ok for a (0.15); location and (0.1688); a coherent (0.1812),preliminary trademark / naming review required,G3_embedded_or_contains,7.48,7.595,fail,text collision gates failed: G3_embedded_or_contains
178,qualified (top 250),REJECTED (human suitability),hey covuna,hey covuna,HH EY1 K OW0 V UW1 N AH0,4,1-0-1-0,constructed,prefix-required,covuna,NEW ASSISTANT IDENTITY - would replace or sit beside ARIA; Michael's decision,0,written form reads as intended,10.0,7,4,invented word looks less name-like than 94% of real first names,8,3.3,0,,0.0,5.0,0.499,covina (0.0833); ozuna (0.2067); coven (0.2167); beethoven is (0.2214),preliminary trademark / naming review required; invented word: clearance search needed,,8.34,7.59,fail,dignity naturalness 4 < 7
179,qualified (top 250),REJECTED (human suitability),hey lamuta,hey lamuta,HH EY1 L AH0 M UW1 T AH0,4,1-0-1-0,constructed,prefix-required,lamuta,NEW ASSISTANT IDENTITY - would replace or sit beside ARIA; Michael's decision,3,vowels may be read differently (HH EY1 L AA0 M UW1 T AH0),10.0,7,4,invented word looks less name-like than 94% of real first names,8,1.6,0,,2.2,5.2,0.519,layla met a (0.1714); layla met up (0.1714); layla noticed (0.1786); lamotte (0.1833),preliminary trademark / naming review required; invented word: clearance search needed,,8.28,7.59,fail,dignity naturalness 4 < 7
180,review list (top 100),FOR MICHAEL'S REVIEW,hey thalia,hey thalia,HH EY1 TH EY1 L Y AH0,3,1-1-0,given_name,prefix-required,thalia,NEW ASSISTANT IDENTITY - would replace or sit beside ARIA; Michael's decision,0,written form reads as intended,9,9,8,,7,5.0,0,thalia,0.0,4.6,0.458,thalia (0.0); celia (0.114); shelia (0.118); epithelium (0.1333),preliminary trademark / naming review required; personal name,,7.72,7.59,pass,
181,review list (top 100),FOR MICHAEL'S REVIEW,okay crystal,okay crystal,OW2 K EY1 K R IH1 S T AH0 L,4,2-1-1-0,word_name,prefix-required,crystal,NEW ASSISTANT IDENTITY - would replace or sit beside ARIA; Michael's decision,0,written form reads as intended,7,9,7,,3,2.3,0,,0.9,5.6,0.559,a crystal (0.1833); the crystal (0.1833); take little (0.1944); take this call (0.2133),preliminary trademark / naming review required; common word: weak distinctiveness,,7.88,7.59,pass,
182,qualified (top 250),REJECTED (human suitability),hey bolesa,hey bolesa,HH EY1 B OW0 L EH1 S AH0,4,1-0-1-0,constructed,prefix-required,bolesa,NEW ASSISTANT IDENTITY - would replace or sit beside ARIA; Michael's decision,0,written form reads as intended,9,7,4,invented word looks less name-like than 91% of real first names,8,2.0,0,,1.3,5.1,0.514,bolus (0.15); bolsa (0.1667); diego left (0.17); how melissa (0.1812),preliminary trademark / naming review required; invented word: clearance search needed,,8.16,7.585,fail,dignity naturalness 4 < 7
183,review list (top 100),FOR MICHAEL'S REVIEW,okay ruby,okay ruby,OW2 K EY1 R UW1 B IY0,4,2-1-1-0,word_name,prefix-required,ruby,NEW ASSISTANT IDENTITY - would replace or sit beside ARIA; Michael's decision,0,written form reads as intended,9,9,7,,6,3.2,0,,2.6,4.9,0.494,ok to be (0.1429); okay to be (0.1429); spoke arabic (0.2); kgb (0.22),preliminary trademark / naming review required,,7.62,7.585,pass,
184,qualified (top 250),REJECTED (human suitability),okay constance,okay constance,OW2 K EY1 K AA1 N S T AH0 N S,4,2-1-1-0,word_name,prefix-required,constance,NEW ASSISTANT IDENTITY - would replace or sit beside ARIA; Michael's decision,0,written form reads as intended,5,9,7,,6,1.4,0,,1.6,5.8,0.576,like a constant (0.1773); lake constance (0.1818); constance (0.2); to constant (0.2),preliminary trademark / naming review required,,7.56,7.58,fail,senior speakability 5 < 6
185,review list (top 100),FOR MICHAEL'S REVIEW,hello companion,hello companion,HH AH0 L OW1 K AH0 M P AE1 N Y AH0 N,5,0-1-0-1-0,role,prefix-required,companion,no new identity (functional),0,written form reads as intended,9,7,7,,3,2.3,0,,2.8,6.1,0.605,only companion (0.1333); and companion (0.1417); my companion (0.1455); a companion (0.15),preliminary trademark / naming review required; common word: weak distinctiveness,,8.0,7.575,pass,
186,review list (top 100),FOR MICHAEL'S REVIEW,hello helper,hello helper,HH AH0 L OW1 HH EH1 L P ER0,4,0-1-1-0,role,prefix-required,helper,no new identity (functional),0,written form reads as intended,9,7,7,,3,2.9,0,,0.4,5.3,0.534,shall i help (0.1562); help help (0.1625); hello hello (0.1625); the local berber (0.1963),preliminary trademark / naming review required,,8.2,7.575,pass,
187,human-suitable,below top-100 cut,hey felida,hey felida,HH EY1 F EH0 L IY1 D AH0,4,1-0-1-0,constructed,prefix-required,felida,NEW ASSISTANT IDENTITY - would replace or sit beside ARIA; Michael's decision,0,written form reads as intended,10.0,7,7,,8,2.7,0,,4.5,5.1,0.506,fell in a (0.1167); he fell in (0.1643); felled a (0.1667); ferried (0.1667),preliminary trademark / naming review required; invented word: clearance search needed,,7.58,7.575,fail,total score 7.575 below the 100th
188,qualified (top 250),REJECTED (human suitability),hey latosa,hey latosa,HH EY1 L AH0 T OW1 S AH0,4,1-0-1-0,constructed,prefix-required,latosa,NEW ASSISTANT IDENTITY - would replace or sit beside ARIA; Michael's decision,3,vowels may be read differently (HH EY1 L AA0 T OW1 S AH0),9,7,6,invented word looks less name-like than 65% of real first names,8,2.0,0,,1.9,5.1,0.514,daily dose of (0.15); lakota (0.175); silodosin (0.175); leticia (0.1783),preliminary trademark / naming review required; invented word: clearance search needed,,8.04,7.575,fail,dignity naturalness 6 < 7
189,generated,REJECTED (mechanical),hey menada,hey menada,HH EY1 M EH0 N AA1 D AH0,4,1-0-1-0,constructed,prefix-required,menada,NEW ASSISTANT IDENTITY - would replace or sit beside ARIA; Michael's decision,3,vowels may be read differently (HH EY1 M AH0 N AA1 D AH0),10.0,7,6,invented word looks less name-like than 64% of real first names,8,2.5,0,,2.4,5.1,0.508,man on a (0.125); game ended (0.1429); mirada (0.15); him in on (0.1571),preliminary trademark / naming review required; invented word: clearance search needed,G7_accent_casual_variant,8.04,7.575,fail,text collision gates failed: G7_accent_casual_variant
190,qualified (top 250),REJECTED (human suitability),okay steward,okay steward,OW2 K EY1 S T UW1 ER0 D,4,2-1-1-0,role,prefix-required,steward,no new identity (functional),0,written form reads as intended,7,7,5,servant/switchboard connotation,3,0.3,0,,0.6,5.3,0.534,custard (0.2357); the steward (0.2357); pestered (0.2429); ok to drink (0.25),preliminary trademark / naming review required,,8.28,7.575,fail,dignity naturalness 5 < 7
191,generated,REJECTED (mechanical),hey vorata,hey vorata,HH EY1 V OW0 R AA1 T AH0,4,1-0-1-0,constructed,prefix-required,vorata,NEW ASSISTANT IDENTITY - would replace or sit beside ARIA; Michael's decision,3,vowels may be read differently (HH EY1 V AO0 R AA1 T AH0),10.0,7,4,invented word looks less name-like than 94% of real first names,8,2.6,0,,0.4,5.2,0.518,save a lot (0.1688); is a rotten (0.1771); have a rock (0.1875); have a lot (0.1938),preliminary trademark / naming review required; invented word: clearance search needed,G7_accent_casual_variant,8.44,7.57,fail,text collision gates failed: G7_accent_casual_variant
192,human-suitable,below top-100 cut,okay geneva,okay geneva,OW2 K EY1 JH AH0 N IY1 V AH0,5,2-1-0-1-0,word_name,prefix-required,geneva,NEW ASSISTANT IDENTITY - would replace or sit beside ARIA; Michael's decision,0,written form reads as intended,8,9,7,,3,1.8,0,,3.3,5.4,0.539,to geneva (0.1625); vacation isn't (0.1989); on vacation isn't (0.1989); vacation isn't he (0.1989),preliminary trademark / naming review required; common word: weak distinctiveness,,7.66,7.57,fail,total score 7.57 below the 100th
193,generated,REJECTED (mechanical),hey derela,hey derela,HH EY1 D EH0 R EH1 L AH0,4,1-0-1-0,constructed,prefix-required,derela,NEW ASSISTANT IDENTITY - would replace or sit beside ARIA; Michael's decision,3,vowels may be read differently (HH EY1 D EH1 R AH0 L AH0),10.0,7,6,invented word looks less name-like than 67% of real first names,8,2.0,0,,3.5,5.1,0.514,daryl (0.15); darryl (0.15); darrell (0.15); darrel (0.15),preliminary trademark / naming review required; invented word: clearance search needed,G7_accent_casual_variant,7.92,7.565,fail,text collision gates failed: G7_accent_casual_variant
194,qualified (top 250),REJECTED (human suitability),hey detila,hey detila,HH EY1 D EH0 T IY1 L AH0,4,1-0-1-0,constructed,prefix-required,detila,NEW ASSISTANT IDENTITY - would replace or sit beside ARIA; Michael's decision,3,vowels may be read differently (HH EY1 D IH0 T IY1 L AH0),10.0,7,5,invented word looks less name-like than 86% of real first names,8,2.1,0,,2.3,5.1,0.513,had a telephone (0.1438); had a terrible (0.1562); shady dealings (0.1786); tequila (0.1833),preliminary trademark / naming review required; invented word: clearance search needed,,8.14,7.565,fail,dignity naturalness 5 < 7
195,qualified (top 250),REJECTED (human suitability),hey mateda,hey mateda,HH EY1 M AH0 T EH1 D AH0,4,1-0-1-0,constructed,prefix-required,mateda,NEW ASSISTANT IDENTITY - would replace or sit beside ARIA; Michael's decision,0,written form reads as intended,10.0,7,6,invented word looks less name-like than 74% of real first names,8,2.5,0,,4.0,5.1,0.508,cimetidine (0.125); machida (0.1283); mckenna (0.15); tom painted a (0.1571),preliminary trademark / naming review required; invented word: clearance search needed,,7.72,7.565,fail,dignity naturalness 6 < 7
196,qualified (top 250),REJECTED (human suitability),hey revida,hey revida,HH EY1 R EH0 V IY1 D AH0,4,1-0-1-0,constructed,prefix-required,revida,NEW ASSISTANT IDENTITY - would replace or sit beside ARIA; Michael's decision,3,vowels may be read differently (HH EY1 R IH0 V AY1 D AH0),10.0,7,6,invented word looks less name-like than 62% of real first names,8,2.0,0,,3.5,5.1,0.514,reveal a (0.15); levied (0.1667); revealed a (0.1714); inherited a (0.1812),preliminary trademark / naming review required; invented word: clearance search needed,,7.92,7.565,fail,dignity naturalness 6 < 7
197,generated,REJECTED (mechanical),hey cyril,hey cyril,HH EY1 S IH1 R AH0 L,3,1-1-0,given_name,prefix-required,cyril,NEW ASSISTANT IDENTITY - would replace or sit beside ARIA; Michael's decision,0,written form reads as intended,9,9,8,,7,5.0,0,cyril,0.3,4.6,0.458,cyril (0.0); cheryl (0.064); sheryl (0.064); stay here alone (0.0833),preliminary trademark / naming review required; personal name,G3_embedded_or_contains,7.66,7.56,fail,text collision gates failed: G3_embedded_or_contains
198,qualified (top 250),REJECTED (human suitability),hey zodota,hey zodota,HH EY1 Z OW0 D OW1 T AH0,4,1-0-1-0,constructed,prefix-required,zodota,NEW ASSISTANT IDENTITY - would replace or sit beside ARIA; Michael's decision,0,written form reads as intended,9,7,4,invented word looks less name-like than 97% of real first names,8,1.9,0,,1.9,5.2,0.516,she's a total (0.1562); hesitate a (0.175); has a boat (0.1875); headed out of (0.1937),preliminary trademark / naming review required; invented word: clearance search needed,,8.08,7.56,fail,dignity naturalness 4 < 7
199,mechanical pass,below top-250 cut,okay aspen,okay aspen,OW2 K EY1 AE1 S P AH0 N,4,2-1-1-0,word_name,prefix-required,aspen,NEW ASSISTANT IDENTITY - would replace or sit beside ARIA; Michael's decision,0,written form reads as intended,7,9,7,,6,1.6,0,,3.5,5.2,0.519,ok after (0.17); kasten (0.1929); focused and (0.2062); ok isn't she (0.2313),preliminary trademark / naming review required,,7.42,7.56,fail,mechanical score 7.42 below the 250th survivor
200,human-suitable,below top-100 cut,hey care desk,hey care desk,HH EY1 K EH1 R D EH1 S K,3,1-1-1,role,prefix-required,care desk,no new identity (functional),0,written form reads as intended,8,7,7,,3,2.2,0,,0.5,5.3,0.528,their desk (0.1429); he could escape (0.1688); cash desk (0.1714); hated school (0.2062),preliminary trademark / naming review required; common word: weak distinctiveness,,8.12,7.555,fail,total score 7.555 below the 100th
201,generated,REJECTED (mechanical),hey my helper,hey my helper,HH EY1 M AY1 HH EH1 L P ER0,4,1-1-1-0,role,prefix-required,my helper,no new identity (functional),0,written form reads as intended,9,7,7,,3,3.2,0,,0.0,5.3,0.531,my help (0.1429); him help (0.1688); my cellar (0.1929); my help and (0.2),preliminary trademark / naming review required,G7_accent_casual_variant,8.22,7.555,fail,text collision gates failed: G7_accent_casual_variant
202,generated,REJECTED (mechanical),hey narata,hey narata,HH EY1 N AH0 R AA1 T AH0,4,1-0-1-0,constructed,prefix-required,narata,NEW ASSISTANT IDENTITY - would replace or sit beside ARIA; Michael's decision,3,vowels may be read differently (HH EY1 N AA0 R AA1 T AH0),10.0,7,4,invented word looks less name-like than 96% of real first names,8,2.0,0,,1.6,5.1,0.514,him a lot (0.15); marathi (0.15); pain right away (0.15); murata (0.15),preliminary trademark / naming review required; invented word: clearance search needed,G7_accent_casual_variant,8.3,7.555,fail,text collision gates failed: G7_accent_casual_variant
203,qualified (top 250),REJECTED (human suitability),hey zomira,hey zomira,HH EY1 Z OW0 M IY1 R AH0,4,1-0-1-0,constructed,prefix-required,zomira,NEW ASSISTANT IDENTITY - would replace or sit beside ARIA; Michael's decision,0,written form reads as intended,9,7,5,invented word looks less name-like than 84% of real first names,8,2.2,0,,2.2,5.1,0.511,have american (0.1363); she's american (0.1375); his american (0.1625); is a miracle (0.1643),preliminary trademark / naming review required; invented word: clearance search needed,,7.94,7.555,fail,dignity naturalness 5 < 7
204,qualified (top 250),REJECTED (human suitability),hey caos care,hey caos care,HH EY1 K EY1 AA2 S K EH1 R,4,1-1-2-1,brand,prefix-required,caos,no new identity (product name),7,spelling suggests a different pronunciation (HH EY1 K AA1 Z K EH1 R),8,7,7,,9,1.6,0,,1.4,5.4,0.537,became scared (0.1688); takes care (0.1929); he takes care (0.2); making spare (0.2125),preliminary trademark / naming review required,,8.08,7.55,fail,pronunciation ambiguity 7 > 4
205,human-suitable,below top-100 cut,hey luella,hey luella,HH EY1 L UW2 EH1 L AH0,4,1-2-1-0,given_name,prefix-required,luella,NEW ASSISTANT IDENTITY - would replace or sit beside ARIA; Michael's decision,0,written form reads as intended,10.0,9,8,,7,5.0,0,luella,1.9,4.6,0.461,luella (0.0); male elephant (0.1667); louisa (0.2); luisa (0.2),preliminary trademark / naming review required; personal name,,7.54,7.55,fail,total score 7.55 below the 100th
206,qualified (top 250),REJECTED (human suitability),hey roluna,hey roluna,HH EY1 R OW0 L UW1 N AH0,4,1-0-1-0,constructed,prefix-required,roluna,NEW ASSISTANT IDENTITY - would replace or sit beside ARIA; Michael's decision,0,written form reads as intended,10.0,7,5,invented word looks less name-like than 80% of real first names,8,4.0,0,,0.0,5.0,0.503,role in a (0.1); rolling a (0.1583); cairo university (0.1771); role in (0.2),preliminary trademark / naming review required; invented word: clearance search needed,,8.2,7.55,fail,dignity naturalness 5 < 7
207,human-suitable,below top-100 cut,hey tamira,hey tamira,HH EY1 T AH0 M IY1 R AH0,4,1-0-1-0,constructed,prefix-required,tamira,NEW ASSISTANT IDENTITY - would replace or sit beside ARIA; Michael's decision,3,vowels may be read differently (HH EY1 T AH0 M IH1 R AH0),10.0,7,7,,8,1.8,0,,5.2,5.2,0.517,great american (0.1625); vladimir a (0.1643); tamara (0.1667); tamura (0.1667),preliminary trademark / naming review required; invented word: clearance search needed,,7.64,7.55,fail,total score 7.55 below the 100th
208,qualified (top 250),REJECTED (human suitability),hey lodata,hey lodata,HH EY1 L OW0 D AA1 T AH0,4,1-0-1-0,constructed,prefix-required,lodata,NEW ASSISTANT IDENTITY - would replace or sit beside ARIA; Michael's decision,0,written form reads as intended,10.0,7,4,invented word looks less name-like than 94% of real first names,8,2.2,0,,2.8,5.1,0.512,layla bought a (0.1429); layla got a (0.1429); aeronautical (0.1857); aeronautic (0.1857),preliminary trademark / naming review required; invented word: clearance search needed,,8.02,7.545,fail,dignity naturalness 4 < 7
209,qualified (top 250),REJECTED (human suitability),hey teriva,hey teriva,HH EY1 T EH0 R IY1 V AH0,4,1-0-1-0,constructed,prefix-required,teriva,NEW ASSISTANT IDENTITY - would replace or sit beside ARIA; Michael's decision,0,written form reads as intended,10.0,7,5,invented word looks less name-like than 79% of real first names,8,2.2,0,,3.8,5.1,0.512,terry's (0.14); had a reason (0.155); international monetary fund (0.1571); monetary fund (0.1571),preliminary trademark / naming review required; invented word: clearance search needed,,7.82,7.545,fail,dignity naturalness 5 < 7
210,human-suitable,below top-100 cut,hey kira,hey kira,HH EY1 K IH1 R AA0,3,1-1-0,given_name,prefix-required,kira,NEW ASSISTANT IDENTITY - would replace or sit beside ARIA; Michael's decision,0,written form reads as intended,10.0,9,8,,7,5.0,0,kira,1.7,4.4,0.439,kira (0.0); he care (0.13); hey kid (0.14); they care about (0.1667),preliminary trademark / naming review required; personal name,,7.54,7.54,fail,total score 7.54 below the 100th
211,qualified (top 250),REJECTED (human suitability),hey toriva,hey toriva,HH EY1 T OW0 R IY1 V AH0,4,1-0-1-0,constructed,prefix-required,toriva,NEW ASSISTANT IDENTITY - would replace or sit beside ARIA; Michael's decision,3,vowels may be read differently (HH EY1 T AO0 R IY1 V AH0),10.0,7,5,invented word looks less name-like than 82% of real first names,8,1.9,0,,3.1,5.2,0.515,had a reason (0.155); to leave a (0.1583); without a reason (0.1613); retrieval (0.1929),preliminary trademark / naming review required; invented word: clearance search needed,,8.04,7.54,fail,dignity naturalness 5 < 7
212,qualified (top 250),REJECTED (human suitability),hey voluva,hey voluva,HH EY1 V OW0 L UW1 V AH0,4,1-0-1-0,constructed,prefix-required,voluva,NEW ASSISTANT IDENTITY - would replace or sit beside ARIA; Michael's decision,3,vowels may be read differently (HH EY1 V AH0 L UW1 V AH0),10.0,7,4,invented word looks less name-like than 100% of real first names,8,2.7,0,,0.5,5.2,0.517,evolution (0.1643); evolutionary (0.1643); heavily that (0.1688); his a levels (0.1738),preliminary trademark / naming review required; invented word: clearance search needed,,8.4,7.54,fail,dignity naturalness 4 < 7
213,human-suitable,below top-100 cut,okay horizon,okay horizon,OW2 K EY1 HH ER0 AY1 Z AH0 N,5,2-1-0-1-0,word_name,prefix-required,horizon,NEW ASSISTANT IDENTITY - would replace or sit beside ARIA; Michael's decision,0,written form reads as intended,8,9,7,,3,2.8,0,,1.6,5.4,0.539,to horizon (0.1625); below the horizon (0.1833); the horizon (0.2062); a horizon (0.2062),preliminary trademark / naming review required; common word: weak distinctiveness,,7.8,7.54,fail,total score 7.54 below the 100th
214,generated,REJECTED (mechanical),hey gatuda,hey gatuda,HH EY1 G AH0 T UW1 D AH0,4,1-0-1-0,constructed,prefix-required,gatuda,NEW ASSISTANT IDENTITY - would replace or sit beside ARIA; Michael's decision,0,written form reads as intended,10.0,7,4,invented word looks less name-like than 99% of real first names,8,2.5,0,,2.3,5.1,0.508,get outta (0.125); garuda (0.1667); attitude of (0.1929); play the tuba (0.1929),preliminary trademark / naming review required; invented word: clearance search needed,G7_accent_casual_variant,8.06,7.535,fail,text collision gates failed: G7_accent_casual_variant
215,qualified (top 250),REJECTED (human suitability),hey netuda,hey netuda,HH EY1 N EH0 T UW1 D AH0,4,1-0-1-0,constructed,prefix-required,netuda,NEW ASSISTANT IDENTITY - would replace or sit beside ARIA; Michael's decision,3,vowels may be read differently (HH EY1 N AH0 T UW1 D AH0),10.0,7,4,invented word looks less name-like than 97% of real first names,8,2.0,0,,1.8,5.1,0.514,knitted a (0.15); magnitude of (0.1857); the magnitude of (0.1857); magnitude of the (0.1857),preliminary trademark / naming review required; invented word: clearance search needed,,8.26,7.535,fail,dignity naturalness 4 < 7
216,human-suitable,below top-100 cut,okay linden,okay linden,OW2 K EY1 L IH1 N D AH0 N,4,2-1-1-0,word_name,prefix-required,linden,NEW ASSISTANT IDENTITY - would replace or sit beside ARIA; Michael's decision,0,written form reads as intended,8,9,7,,6,3.2,0,,2.2,5.3,0.531,killington (0.1437); clinton (0.1812); local industries (0.1833); local industry (0.1833),preliminary trademark / naming review required,,7.58,7.535,fail,total score 7.535 below the 100th
217,human-suitable,below top-100 cut,hey basil,hey basil,HH EY1 B AE1 Z AH0 L,3,1-1-0,given_name,prefix-required,basil,NEW ASSISTANT IDENTITY - would replace or sit beside ARIA; Michael's decision,0,written form reads as intended,9,9,8,,7,5.0,0,basil,0.6,4.6,0.458,basil (0.0); dazzle (0.07); bevel (0.088); basle (0.09),preliminary trademark / naming review required; personal name,,7.6,7.53,fail,total score 7.53 below the 100th
218,human-suitable,below top-100 cut,hey jodi,hey jodi,HH EY1 JH OW1 D IY0,3,1-1-0,given_name,prefix-required,jodi,NEW ASSISTANT IDENTITY - would replace or sit beside ARIA; Michael's decision,0,written form reads as intended,9,9,8,,7,5.0,0,jodi,0.3,4.4,0.439,jody (0.0); jodie (0.0); jodi (0.0); dodi (0.1175),preliminary trademark / naming review required; personal name,,7.62,7.53,fail,total score 7.53 below the 100th
219,human-suitable,below top-100 cut,okay patience,okay patience,OW2 K EY1 P EY1 SH AH0 N S,4,2-1-1-0,word_name,prefix-required,patience,NEW ASSISTANT IDENTITY - would replace or sit beside ARIA; Michael's decision,0,written form reads as intended,6,9,7,,3,1.0,0,,2.3,5.4,0.544,my patience (0.2); no patience (0.2); the patience (0.2062); capacious (0.2062),preliminary trademark / naming review required; common word: weak distinctiveness,,7.62,7.53,fail,total score 7.53 below the 100th
220,qualified (top 250),REJECTED (human suitability),hey tavana,hey tavana,HH EY1 T AH0 V AA1 N AH0,4,1-0-1-0,constructed,prefix-required,tavana,NEW ASSISTANT IDENTITY - would replace or sit beside ARIA; Michael's decision,3,vowels may be read differently (HH EY1 T AA0 V AA1 N AH0),10.0,7,6,invented word looks less name-like than 62% of real first names,8,2.7,0,,2.5,5.1,0.506,does on a (0.115); maid of honor (0.15); hey come on (0.1671); hit upon a (0.1688),preliminary trademark / naming review required; invented word: clearance search needed,,7.98,7.525,fail,dignity naturalness 6 < 7
221,generated,REJECTED (mechanical),hey there aria,hey there AR-ee-uh,HH EY1 DH EH1 R AA1 R IY0 AH0,5,1-1-1-0-0,aria,prefix-required,aria,existing identity (ARIA),6,"written form reads as intended; also spoken AIR-ee-uh = 'area' (Room 214 false wakes, 2026-09-24)",10.0,9,8,,1,3.2,0,,0.8,5.3,0.534,there are a (0.1429); there are the (0.1429); say they're sorry (0.15); there are in (0.1643),preliminary trademark / naming review required; existing assistant or product use known to the agent (unverified),G7_accent_casual_variant,8.26,7.525,fail,text collision gates failed: G7_accent_casual_variant
222,qualified (top 250),REJECTED (human suitability),hey zomeva,hey zomeva,HH EY1 Z OW0 M EH1 V AH0,4,1-0-1-0,constructed,prefix-required,zomeva,NEW ASSISTANT IDENTITY - would replace or sit beside ARIA; Michael's decision,0,written form reads as intended,9,7,4,invented word looks less name-like than 99% of real first names,8,2.2,0,,1.5,5.1,0.512,racism is a (0.1425); always obey the (0.1571); he's american (0.1737); way home isn't (0.1771),preliminary trademark / naming review required; invented word: clearance search needed,,8.08,7.525,fail,dignity naturalness 4 < 7
223,qualified (top 250),REJECTED (human suitability),hey camiva,hey camiva,HH EY1 K AH0 M IY1 V AH0,4,1-0-1-0,constructed,prefix-required,camiva,NEW ASSISTANT IDENTITY - would replace or sit beside ARIA; Michael's decision,3,vowels may be read differently (HH EY1 K AA0 M IY1 V AH0),10.0,7,5,invented word looks less name-like than 81% of real first names,8,2.5,0,,2.0,5.1,0.508,come as a (0.1233); come either (0.1333); come easy (0.14); take a minute (0.1557),preliminary trademark / naming review required; invented word: clearance search needed,,8.12,7.515,fail,dignity naturalness 5 < 7
224,generated,REJECTED (mechanical),hey deloris,hey deloris,HH EY1 D EH1 L ER0 IH0 S,4,1-1-0-0,given_name,prefix-required,deloris,NEW ASSISTANT IDENTITY - would replace or sit beside ARIA; Michael's decision,0,written form reads as intended,9,9,8,,7,2.5,6,"deloris 0.025%, deloris",0.5,5.1,0.508,dealer is (0.125); made a list (0.1857); anti terrorist (0.1857); dollar is (0.1917),preliminary trademark / naming review required; personal name,G4_domain_names_commands,7.02,7.515,fail,text collision gates failed: G4_domain_names_commands
225,qualified (top 250),REJECTED (human suitability),hey demota,hey demota,HH EY1 D EH0 M OW1 T AH0,4,1-0-1-0,constructed,prefix-required,demota,NEW ASSISTANT IDENTITY - would replace or sit beside ARIA; Michael's decision,3,vowels may be read differently (HH EY1 D IH0 M OW1 T AH0),10.0,7,5,invented word looks less name-like than 85% of real first names,8,2.3,0,,2.4,5.1,0.51,demote (0.1333); already noticed (0.1357); already noticed that (0.1357); heading out of (0.15),preliminary trademark / naming review required; invented word: clearance search needed,,8.08,7.515,fail,dignity naturalness 5 < 7
226,qualified (top 250),REJECTED (human suitability),hey gotuda,hey gotuda,HH EY1 G OW0 T UW1 D AH0,4,1-0-1-0,constructed,prefix-required,gotuda,NEW ASSISTANT IDENTITY - would replace or sit beside ARIA; Michael's decision,0,written form reads as intended,10.0,7,4,invented word looks less name-like than 100% of real first names,8,3.3,0,,0.9,5.1,0.51,go to buy (0.1333); go to the (0.1367); diego didn't (0.15); diego didn't know (0.15),preliminary trademark / naming review required; invented word: clearance search needed,,8.18,7.515,fail,dignity naturalness 4 < 7
227,mechanical pass,below top-250 cut,hey maurine,hey maurine,HH EY1 M AO0 R IY1 N IY0,4,1-0-1-0,given_name,prefix-required,maurine,NEW ASSISTANT IDENTITY - would replace or sit beside ARIA; Michael's decision,0,written form reads as intended,10.0,9,8,,7,4.3,3,"maurine 0.007%, maurine",1.1,4.9,0.487,marini (0.0333); nor any (0.1); more easy (0.1167); more in a (0.125),preliminary trademark / naming review required; personal name,G4_domain_names_commands,7.3,7.515,fail,mechanical score 7.3 below the 250th survivor
228,generated,REJECTED (mechanical),hey senova,hey senova,HH EY1 S EH0 N OW1 V AH0,4,1-0-1-0,constructed,prefix-required,senova,NEW ASSISTANT IDENTITY - would replace or sit beside ARIA; Michael's decision,3,vowels may be read differently (HH EY1 S AH0 N OW1 V AH0),9,7,4,invented word looks less name-like than 91% of real first names,8,1.9,0,,0.8,5.1,0.515,creation of a (0.1529); duration of a (0.1529); genova (0.1533); son of a (0.1583),preliminary trademark / naming review required; invented word: clearance search needed,G7_accent_casual_variant,8.28,7.505,fail,text collision gates failed: G7_accent_casual_variant
229,human-suitable,below top-100 cut,okay olive,okay olive,OW2 K EY1 AA1 L AH0 V,4,2-1-1-0,word_name,prefix-required,olive,NEW ASSISTANT IDENTITY - would replace or sit beside ARIA; Michael's decision,2,written form reads as intended; 2 dictionary pronunciations,9,9,7,,3,2.3,0,,2.7,4.9,0.492,ok all (0.1333); koalas (0.14); chaos of (0.1667); ok i'll (0.175),preliminary trademark / naming review required; common word: weak distinctiveness,,7.78,7.505,fail,total score 7.505 below the 100th
230,generated,REJECTED (mechanical),hello concierge,hello concierge,HH AH0 L OW1 K AA2 N S IY0 EH1 R ZH,5,0-1-2-0-1,role,prefix-required,concierge,no new identity (functional),0,written form reads as intended,6,7,7,,3,1.7,0,,0.0,5.9,0.594,a concierge (0.165); concierge (0.2),preliminary trademark / naming review required,G8_speakability,8.04,7.495,fail,text collision gates failed: G8_speakability
231,qualified (top 250),REJECTED (human suitability),hey daroda,hey daroda,HH EY1 D AH0 R OW1 D AH0,4,1-0-1-0,constructed,prefix-required,daroda,NEW ASSISTANT IDENTITY - would replace or sit beside ARIA; Michael's decision,3,vowels may be read differently (HH EY1 D AA0 R OW1 D AH0),10.0,7,6,invented word looks less name-like than 73% of real first names,8,2.5,0,,3.2,5.1,0.508,borrowed a (0.125); he borrowed a (0.15); garuda (0.15); he borrowed (0.1714),preliminary trademark / naming review required; invented word: clearance search needed,,7.88,7.495,fail,dignity naturalness 6 < 7
232,qualified (top 250),REJECTED (human suitability),hello caos,hello caos,HH AH0 L OW1 K EY1 AA2 S,4,0-1-1-2,brand,prefix-required,caos,no new identity (product name),7,spelling suggests a different pronunciation (HH AH0 L OW1 K AA1 Z),9,7,7,,9,1.8,0,,2.8,5.2,0.516,a location (0.16); locates (0.1667); the locusts (0.2); hello may i (0.2071),preliminary trademark / naming review required,,7.92,7.49,fail,pronunciation ambiguity 7 > 4
233,mechanical pass,below top-250 cut,hey melvina,hey melvina,HH EY1 M EH0 L V IY1 N AH0,4,1-0-1-0,given_name,prefix-required,melvina,NEW ASSISTANT IDENTITY - would replace or sit beside ARIA; Michael's decision,0,written form reads as intended,9,9,8,,7,2.8,3,"melvina 0.005%, melvina",3.3,5.2,0.523,melvin (0.1071); melvyn (0.1071); melina (0.1429); emelina (0.1688),preliminary trademark / naming review required; personal name,G4_domain_names_commands,7.02,7.49,fail,mechanical score 7.02 below the 250th survivor
234,human-suitable,below top-100 cut,hey oriole,hey oriole,HH EY1 AO1 R IY0 OW2 L,4,1-1-0-2,word_name,prefix-required,oriole,NEW ASSISTANT IDENTITY - would replace or sit beside ARIA; Michael's decision,0,written form reads as intended,10.0,8,7,,6,5.0,0,,0.0,4.6,0.461,oriole (0.0); orioles (0.1667); creole (0.2); oreo (0.2),preliminary trademark / naming review required,,7.92,7.49,fail,total score 7.49 below the 100th
235,qualified (top 250),REJECTED (human suitability),hey nemira,hey nemira,HH EY1 N EH0 M IY1 R AH0,4,1-0-1-0,constructed,prefix-required,nemira,NEW ASSISTANT IDENTITY - would replace or sit beside ARIA; Michael's decision,3,vowels may be read differently (HH EY1 N AH0 M IH1 R AH0),10.0,7,5,invented word looks less name-like than 85% of real first names,8,3.5,0,,0.3,5.1,0.508,life in america (0.125); in america (0.1357); in american (0.1357); in america the (0.1357),preliminary trademark / naming review required; invented word: clearance search needed,,8.26,7.485,fail,dignity naturalness 5 < 7
236,qualified (top 250),REJECTED (human suitability),hey redosa,hey redosa,HH EY1 R EH0 D OW1 S AH0,4,1-0-1-0,constructed,prefix-required,redosa,NEW ASSISTANT IDENTITY - would replace or sit beside ARIA; Michael's decision,3,vowels may be read differently (HH EY1 R AH0 D OW1 S AH0),9,7,4,invented word looks less name-like than 92% of real first names,8,2.2,0,,0.4,5.1,0.512,reynosa (0.1417); paradise of (0.1786); very docile (0.1857); iridescent (0.2),preliminary trademark / naming review required; invented word: clearance search needed,,8.3,7.485,fail,dignity naturalness 4 < 7
237,generated,REJECTED (mechanical),hey lola,hey lola,HH EY1 L OW1 L AH0,3,1-1-0,given_name,prefix-required,lola,NEW ASSISTANT IDENTITY - would replace or sit beside ARIA; Michael's decision,0,written form reads as intended,10.0,9,8,,7,5.0,0,lola,2.3,4.4,0.439,lola (0.0); roll a (0.1); shale oil (0.11); mayola (0.128),preliminary trademark / naming review required; personal name,G3_embedded_or_contains,7.42,7.48,fail,text collision gates failed: G3_embedded_or_contains
238,mechanical pass,below top-250 cut,hey garret,hey garret,HH EY1 G EH1 R IH0 T,3,1-1-0,given_name,prefix-required,garret,NEW ASSISTANT IDENTITY - would replace or sit beside ARIA; Michael's decision,0,written form reads as intended,10.0,9,8,,7,5.0,0,garret,2.7,4.6,0.458,garrett (0.0); garret (0.0); barrett (0.07); bear it (0.07),preliminary trademark / naming review required; personal name,,7.38,7.47,fail,mechanical score 7.38 below the 250th survivor
239,mechanical pass,below top-250 cut,hey camellia,hey camellia,HH EY1 K AH0 M IY1 L IY0 AH0,5,1-0-1-0-0,word_name,prefix-required,camellia,NEW ASSISTANT IDENTITY - would replace or sit beside ARIA; Michael's decision,0,written form reads as intended,10.0,9,7,,6,2.5,3,"camelia 0.002%, camellia 0.001%",4.3,5.3,0.53,chameleon (0.125); emilia (0.1429); let amelia (0.15); met amelia (0.15),preliminary trademark / naming review required,G4_domain_names_commands,7.1,7.465,fail,mechanical score 7.1 below the 250th survivor
240,human-suitable,below top-100 cut,hey garisa,hey garisa,HH EY1 G AH0 R IY1 S AH0,4,1-0-1-0,constructed,prefix-required,garisa,NEW ASSISTANT IDENTITY - would replace or sit beside ARIA; Michael's decision,3,vowels may be read differently (HH EY1 G AA0 R IY1 S AH0),9,7,7,,8,2.2,0,,3.6,5.1,0.512,carissa (0.1417); gary the (0.145); make a decent (0.1643); had a reason (0.1688),preliminary trademark / naming review required; invented word: clearance search needed,,7.66,7.465,fail,total score 7.465 below the 100th
241,mechanical pass,below top-250 cut,okay autumn,okay autumn,OW2 K EY1 AO1 T AH0 M,4,2-1-1-0,word_name,prefix-required,autumn,NEW ASSISTANT IDENTITY - would replace or sit beside ARIA; Michael's decision,0,written form reads as intended,9,9,7,,3,2.5,0,,3.7,4.9,0.491,tokyo tomorrow (0.1286); to tokyo tomorrow (0.1286); for tokyo tomorrow (0.1286); ok at (0.1833),preliminary trademark / naming review required; common word: weak distinctiveness,,7.54,7.465,fail,mechanical score 7.54 below the 250th survivor
242,human-suitable,below top-100 cut,okay kestrel,okay kestrel,OW2 K EY1 K EH1 S T R AH0 L,4,2-1-1-0,word_name,prefix-required,kestrel,NEW ASSISTANT IDENTITY - would replace or sit beside ARIA; Michael's decision,0,written form reads as intended,6,8,7,,6,2.1,0,,1.4,5.5,0.55,take a stroll (0.1444); orchestral (0.2222); cholesterol (0.2389); took a stroll (0.2389),preliminary trademark / naming review required,,7.6,7.465,fail,total score 7.465 below the 100th
243,mechanical pass,below top-250 cut,okay lark,okay lark,OW2 K EY1 L AA1 R K,3,2-1-1,word_name,prefix-required,lark,NEW ASSISTANT IDENTITY - would replace or sit beside ARIA; Michael's decision,0,written form reads as intended,8,9,7,,6,3.2,0,,2.3,4.9,0.491,local artists (0.1429); local art (0.1429); clark (0.1667); clarke (0.1667),preliminary trademark / naming review required,,7.48,7.465,fail,mechanical score 7.48 below the 250th survivor
244,qualified (top 250),REJECTED (human suitability),hey felava,hey felava,HH EY1 F EH0 L AA1 V AH0,4,1-0-1-0,constructed,prefix-required,felava,NEW ASSISTANT IDENTITY - would replace or sit beside ARIA; Michael's decision,0,written form reads as intended,10.0,7,5,invented word looks less name-like than 77% of real first names,8,2.8,0,,3.3,5.0,0.504,fell off a (0.1083); hell of a (0.125); shell of a (0.125); the lava (0.145),preliminary trademark / naming review required; invented word: clearance search needed,,7.78,7.46,fail,dignity naturalness 5 < 7
245,generated,REJECTED (mechanical),hey gregorio,hey gregorio,HH EY1 G R IH0 G AO1 R IY0 OW0,5,1-0-1-0-0,given_name,prefix-required,gregorio,NEW ASSISTANT IDENTITY - would replace or sit beside ARIA; Michael's decision,0,written form reads as intended,9,9,8,,7,2.8,6,"gregorio 0.014%, gregorio",0.9,5.4,0.545,gregorio (0.1111); the gregorian (0.145); the gregorian calendar (0.145); gregorian calendar (0.2),preliminary trademark / naming review required; personal name,G4_domain_names_commands,6.94,7.46,fail,text collision gates failed: G4_domain_names_commands
246,qualified (top 250),REJECTED (human suitability),okay iris,okay iris,OW2 K EY1 AY1 R AH0 S,4,2-1-1-0,word_name,prefix-required,iris,NEW ASSISTANT IDENTITY - would replace or sit beside ARIA; Michael's decision,2,written form reads as intended; 2 dictionary pronunciations,8,9,7,,1,1.7,0,,2.0,5.0,0.5,ok i'll (0.1667); okay i'll (0.1667); ok aren't (0.2071); ok aren't they (0.2071),preliminary trademark / naming review required; existing assistant or product use known to the agent (unverified),,7.86,7.46,fail,brand suitability 1 < 3
247,mechanical pass,below top-250 cut,hey phylis,hey phylis,HH EY1 F AY1 L AH0 S,3,1-1-0,given_name,prefix-required,phylis,NEW ASSISTANT IDENTITY - would replace or sit beside ARIA; Michael's decision,0,written form reads as intended,9,9,8,,7,4.0,0,phylis,3.5,4.7,0.469,silas (0.048); if i lost (0.125); cyrus (0.128); solace (0.138),preliminary trademark / naming review required; personal name,,7.24,7.455,fail,mechanical score 7.24 below the 250th survivor
248,generated,REJECTED (mechanical),hey emery,hey emery,HH EY1 EH1 M ER0 IY0,4,1-1-0-0,given_name,prefix-required,emery,NEW ASSISTANT IDENTITY - would replace or sit beside ARIA; Michael's decision,0,written form reads as intended,10.0,9,7,diminutive form,7,5.0,0,emery,1.6,4.4,0.443,emery (0.0); emory (0.0); amery (0.05); amory (0.0875),preliminary trademark / naming review required; personal name,G7_accent_casual_variant,7.56,7.45,fail,text collision gates failed: G7_accent_casual_variant
249,generated,REJECTED (mechanical),hey marybeth,hey marybeth,HH EY1 M EH1 R IY0 B EH1 TH,4,1-1-0-1,given_name,prefix-required,marybeth,NEW ASSISTANT IDENTITY - would replace or sit beside ARIA; Michael's decision,0,written form reads as intended,10.0,9,8,,7,4.0,3,"marybeth 0.007%, marybeth",2.8,5.2,0.521,meredith (0.1); mary both (0.1071); mary pass (0.11); mary bet (0.1171),preliminary trademark / naming review required; personal name,G4_domain_names_commands; G6_clipped_boundary; G7_accent_casual_variant,7.08,7.45,fail,"text collision gates failed: G6_clipped_boundary, G7_accent_casual_variant"
250,qualified (top 250),REJECTED (human suitability),hey zemuva,hey zemuva,HH EY1 Z EH0 M UW1 V AH0,4,1-0-1-0,constructed,prefix-required,zemuva,NEW ASSISTANT IDENTITY - would replace or sit beside ARIA; Michael's decision,3,vowels may be read differently (HH EY1 Z EY0 M UW1 V AH0),9,7,4,invented word looks less name-like than 100% of real first names,8,1.7,0,,1.9,5.2,0.518,remove a (0.1667); is a movie (0.1786); is a movement (0.1786); them to the (0.1886),preliminary trademark / naming review required; invented word: clearance search needed,,8.12,7.45,fail,dignity naturalness 4 < 7
251,qualified (top 250),REJECTED (human suitability),hello attendant,hello attendant,HH AH0 L OW1 AH0 T EH1 N D AH0 N T,5,0-1-0-1-0,role,prefix-required,attendant,no new identity (functional),0,written form reads as intended,9,7,5,servant/switchboard connotation,3,1.6,0,,3.4,6.0,0.596,station attendant (0.1708); pump attendant (0.1818); people attended tom's (0.1864); a lieutenant (0.1955),preliminary trademark / naming review required,,8.0,7.44,fail,dignity naturalness 5 < 7
252,mechanical pass,below top-250 cut,hey oliva,hey oliva,HH EY1 OW0 L IY1 V AH0,4,1-0-1-0,given_name,prefix-required,oliva,NEW ASSISTANT IDENTITY - would replace or sit beside ARIA; Michael's decision,0,written form reads as intended,10.0,9,8,,7,5.0,0,oliva,3.0,4.6,0.461,oliva (0.0); i leave a (0.12); ollie's (0.168); elisa (0.178),preliminary trademark / naming review required; personal name,,7.32,7.44,fail,mechanical score 7.32 below the 250th survivor
253,qualified (top 250),REJECTED (human suitability),hey melira,hey melira,HH EY1 M EH0 L IY1 R AH0,4,1-0-1-0,constructed,prefix-required,melira,NEW ASSISTANT IDENTITY - would replace or sit beside ARIA; Michael's decision,3,vowels may be read differently (HH EY1 M EH0 L IH1 R AH0),10.0,7,6,invented word looks less name-like than 66% of real first names,8,2.7,0,,3.4,5.1,0.506,melina (0.1167); similarities (0.125); similarity (0.125); similarities between (0.125),preliminary trademark / naming review required; invented word: clearance search needed,,7.8,7.435,fail,dignity naturalness 6 < 7
254,mechanical pass,below top-250 cut,hey becky,hey becky,HH EY1 B EH1 K IY0,3,1-1-0,given_name,prefix-required,becky,NEW ASSISTANT IDENTITY - would replace or sit beside ARIA; Michael's decision,0,written form reads as intended,10.0,9,7,diminutive form,7,5.0,0,becky,1.8,4.4,0.439,becky (0.0); bucky (0.075); be key (0.075); betty (0.0875),preliminary trademark / naming review required; personal name,,7.52,7.43,fail,mechanical score 7.52 below the 250th survivor
255,mechanical pass,below top-250 cut,hey delfina,hey delfina,HH EY1 D EH2 L F IY1 N AH0,4,1-2-1-0,given_name,prefix-required,delfina,NEW ASSISTANT IDENTITY - would replace or sit beside ARIA; Michael's decision,0,written form reads as intended,9,9,8,,7,3.3,3,"delfina 0.005%, delfina",2.9,5.2,0.518,delphine (0.0857); delfino (0.0929); death in a (0.1929); phenylephrine (0.1944),preliminary trademark / naming review required; personal name,G4_domain_names_commands,7.0,7.43,fail,mechanical score 7.0 below the 250th survivor
256,mechanical pass,below top-250 cut,hey millard,hey millard,HH EY1 M IH1 L ER0 D,3,1-1-0,given_name,prefix-required,millard,NEW ASSISTANT IDENTITY - would replace or sit beside ARIA; Michael's decision,0,written form reads as intended,10.0,9,8,,7,5.0,0,millard,3.1,4.6,0.458,millard (0.0); mirrored (0.08); mallard (0.08); miller's (0.14),preliminary trademark / naming review required; personal name,,7.3,7.43,fail,mechanical score 7.3 below the 250th survivor
257,qualified (top 250),REJECTED (human suitability),hey natora,hey natora,HH EY1 N AH0 T AO1 R AH0,4,1-0-1-0,constructed,prefix-required,natora,NEW ASSISTANT IDENTITY - would replace or sit beside ARIA; Michael's decision,3,vowels may be read differently (HH EY1 N AA0 T AO1 R AH0),10.0,7,6,invented word looks less name-like than 70% of real first names,8,2.4,0,,4.1,5.1,0.51,hematology (0.1312); a minute or (0.1357); in torah (0.1357); the torah (0.1367),preliminary trademark / naming review required; invented word: clearance search needed,,7.72,7.425,fail,dignity naturalness 6 < 7
258,qualified (top 250),REJECTED (human suitability),hey ponisa,hey ponisa,HH EY1 P OW0 N IY1 S AH0,4,1-0-1-0,constructed,prefix-required,ponisa,NEW ASSISTANT IDENTITY - would replace or sit beside ARIA; Michael's decision,3,vowels may be read differently (HH EY1 P AA1 N IH0 S AH0),9,7,4,invented word looks less name-like than 91% of real first names,8,2.7,0,,0.0,5.1,0.507,happen if a (0.1175); pony show (0.1283); make any sudden (0.1571); hated each other (0.1713),preliminary trademark / naming review required; invented word: clearance search needed,,8.28,7.425,fail,dignity naturalness 4 < 7
259,qualified (top 250),REJECTED (human suitability),hey retira,hey retira,HH EY1 R EH0 T IY1 R AH0,4,1-0-1-0,constructed,prefix-required,retira,NEW ASSISTANT IDENTITY - would replace or sit beside ARIA; Michael's decision,3,vowels may be read differently (HH EY1 R EY0 T IY1 R AH0),10.0,7,4,invented word looks less name-like than 90% of real first names,8,2.2,0,,2.5,5.1,0.512,repair a (0.1417); tom inherited a (0.1437); he inherited a (0.1437); heritages (0.1462),preliminary trademark / naming review required; invented word: clearance search needed,,8.08,7.425,fail,dignity naturalness 4 < 7
260,mechanical pass,below top-250 cut,hey jamar,hey jamar,HH EY1 Y AA0 M AA1 R,3,1-0-1,given_name,prefix-required,jamar,NEW ASSISTANT IDENTITY - would replace or sit beside ARIA; Michael's decision,0,written form reads as intended,10.0,9,8,,7,6.0,0,jamar,1.2,4.6,0.458,jamar (0.0); lamarr (0.128); layla more (0.14); young are (0.15),preliminary trademark / naming review required; personal name,,7.48,7.42,fail,mechanical score 7.48 below the 250th survivor
261,generated,REJECTED (mechanical),hey pauline,hey pauline,HH EY1 P AO0 L IY1 N,3,1-0-1,given_name,prefix-required,pauline,NEW ASSISTANT IDENTITY - would replace or sit beside ARIA; Michael's decision,0,written form reads as intended,10.0,9,8,,7,5.0,0,pauline,3.2,4.6,0.458,pauline (0.0); paulin (0.03); coleen (0.07); call in (0.1),preliminary trademark / naming review required; personal name,G7_accent_casual_variant,7.28,7.42,fail,text collision gates failed: G7_accent_casual_variant
262,mechanical pass,below top-250 cut,hey verla,hey verla,HH EY1 V EH1 R L AH0,3,1-1-0,given_name,prefix-required,verla,NEW ASSISTANT IDENTITY - would replace or sit beside ARIA; Michael's decision,0,written form reads as intended,9,9,8,,7,3.2,3,"echeverria 0.0032400000000000003%, verla",2.7,4.8,0.479,fairleigh (0.09); in his element (0.0983); stay there long (0.1); hey zelda (0.14),preliminary trademark / naming review required; personal name,G4_domain_names_commands,6.98,7.41,fail,mechanical score 6.98 below the 250th survivor
263,mechanical pass,below top-250 cut,hey levela,hey levela,HH EY1 L EH0 V EH1 L AH0,4,1-0-1-0,constructed,prefix-required,levela,NEW ASSISTANT IDENTITY - would replace or sit beside ARIA; Michael's decision,0,written form reads as intended,10.0,7,6,invented word looks less name-like than 65% of real first names,8,2.8,0,,5.0,5.1,0.505,high level of (0.1125); level i (0.125); high level (0.1286); a level of (0.1357),preliminary trademark / naming review required; invented word: clearance search needed,,7.46,7.405,fail,mechanical score 7.46 below the 250th survivor
264,generated,REJECTED (mechanical),hey levuna,hey levuna,HH EY1 L EH0 V UW1 N AH0,4,1-0-1-0,constructed,prefix-required,levuna,NEW ASSISTANT IDENTITY - would replace or sit beside ARIA; Michael's decision,3,vowels may be read differently (HH EY1 L EH0 V AA1 N UW0),10.0,7,4,invented word looks less name-like than 96% of real first names,8,3.0,0,,1.1,5.1,0.514,eleven a m (0.15); eleven o'clock (0.15); leave in a (0.15); at eleven o'clock (0.15),preliminary trademark / naming review required; invented word: clearance search needed,G7_accent_casual_variant,8.2,7.405,fail,text collision gates failed: G7_accent_casual_variant
265,mechanical pass,below top-250 cut,hey doreen,hey doreen,HH EY1 D AO0 R IY1 N,3,1-0-1,given_name,prefix-required,doreen,NEW ASSISTANT IDENTITY - would replace or sit beside ARIA; Michael's decision,0,written form reads as intended,10.0,9,8,,7,5.0,0,doreen,3.4,4.6,0.458,doreen (0.0); door in (0.03); dorian (0.1); doran (0.1),preliminary trademark / naming review required; personal name,,7.24,7.4,fail,mechanical score 7.24 below the 250th survivor
266,generated,REJECTED (mechanical),hey neville,hey neville,HH EY1 N EH1 V IH0 L,3,1-1-0,given_name,prefix-required,neville,NEW ASSISTANT IDENTITY - would replace or sit beside ARIA; Michael's decision,0,written form reads as intended,10.0,9,8,,7,5.0,0,neville,3.4,4.6,0.458,neville (0.0); nevill (0.0); nevil (0.1); many villages (0.1083),preliminary trademark / naming review required; personal name,G7_accent_casual_variant,7.24,7.4,fail,text collision gates failed: G7_accent_casual_variant
267,qualified (top 250),REJECTED (human suitability),hey noresa,hey noresa,HH EY1 N OW0 R EH1 S AH0,4,1-0-1-0,constructed,prefix-required,noresa,NEW ASSISTANT IDENTITY - would replace or sit beside ARIA; Michael's decision,3,vowels may be read differently (HH EY1 N AO2 R IY1 S AH0),9,7,6,invented word looks less name-like than 54% of real first names,8,2.4,0,,2.9,5.1,0.51,him a lesson (0.1312); no less (0.1667); no rest (0.1667); know rest (0.1667),preliminary trademark / naming review required; invented word: clearance search needed,,7.76,7.395,fail,dignity naturalness 6 < 7
268,human-suitable,below top-100 cut,hey gardenia,hey gardenia,HH EY1 G AA0 R D IY1 N Y AH0,4,1-0-1-0,word_name,prefix-required,gardenia,NEW ASSISTANT IDENTITY - would replace or sit beside ARIA; Michael's decision,0,written form reads as intended,9,8,7,,6,5.0,0,,0.4,5.2,0.516,gardenia (0.0); gardena (0.125); regarding your (0.1389); garden you (0.1625),preliminary trademark / naming review required,,7.76,7.39,fail,total score 7.39 below the 100th
269,mechanical pass,below top-250 cut,hey josiah,hey josiah,HH EY1 JH OW0 S AY1 AH0,4,1-0-1-0,given_name,prefix-required,josiah,NEW ASSISTANT IDENTITY - would replace or sit beside ARIA; Michael's decision,0,written form reads as intended,8,9,8,,7,5.0,0,josiah,0.5,4.6,0.461,josiah (0.0); his science (0.2029); his assignment (0.2029); his science project (0.2029),preliminary trademark / naming review required; personal name,,7.42,7.39,fail,mechanical score 7.42 below the 250th survivor
270,qualified (top 250),REJECTED (human suitability),hey beleda,hey beleda,HH EY1 B EH0 L EH1 D AH0,4,1-0-1-0,constructed,prefix-required,beleda,NEW ASSISTANT IDENTITY - would replace or sit beside ARIA; Michael's decision,3,vowels may be read differently (HH EY1 B EH0 L D IY1 AH0),10.0,7,5,invented word looks less name-like than 78% of real first names,8,2.7,0,,2.9,5.1,0.506,buried a (0.1167); bellied (0.15); table in a (0.15); be led (0.15),preliminary trademark / naming review required; invented word: clearance search needed,,7.9,7.385,fail,dignity naturalness 5 < 7
271,qualified (top 250),REJECTED (human suitability),hey davala,hey davala,HH EY1 D AH0 V AA1 L AH0,4,1-0-1-0,constructed,prefix-required,davala,NEW ASSISTANT IDENTITY - would replace or sit beside ARIA; Michael's decision,3,vowels may be read differently (HH EY1 D AA0 V AA1 L AH0),10.0,7,6,invented word looks less name-like than 72% of real first names,8,2.5,0,,4.3,5.1,0.508,guevara (0.125); is a volunteer (0.15); need volunteers (0.15); davila (0.15),preliminary trademark / naming review required; invented word: clearance search needed,,7.66,7.385,fail,dignity naturalness 6 < 7
272,qualified (top 250),REJECTED (human suitability),hey penava,hey penava,HH EY1 P EH0 N AA1 V AH0,4,1-0-1-0,constructed,prefix-required,penava,NEW ASSISTANT IDENTITY - would replace or sit beside ARIA; Michael's decision,3,vowels may be read differently (HH EY1 P AH0 N AA1 V AH0),10.0,7,4,invented word looks less name-like than 97% of real first names,8,2.5,0,,2.3,5.1,0.508,pain of a (0.125); happen often (0.15); doesn't happen often (0.15); pen on the (0.1714),preliminary trademark / naming review required; invented word: clearance search needed,,8.06,7.385,fail,dignity naturalness 4 < 7
273,generated,REJECTED (mechanical),hey anette,hey anette,HH EY1 AH0 N EH1 T,3,1-0-1,given_name,prefix-required,anette,NEW ASSISTANT IDENTITY - would replace or sit beside ARIA; Michael's decision,0,written form reads as intended,10.0,9,8,,7,5.0,0,anette,3.3,4.4,0.439,annette (0.0); a net (0.0); bayonet (0.0); a nut (0.075),preliminary trademark / naming review required; personal name,G7_accent_casual_variant,7.22,7.38,fail,text collision gates failed: G7_accent_casual_variant
274,qualified (top 250),REJECTED (human suitability),hey fotesa,hey fotesa,HH EY1 F OW0 T EH1 S AH0,4,1-0-1-0,constructed,prefix-required,fotesa,NEW ASSISTANT IDENTITY - would replace or sit beside ARIA; Michael's decision,3,vowels may be read differently (HH EY1 F AH0 T EH1 S AH0),9,7,4,invented word looks less name-like than 99% of real first names,8,2.0,0,,1.9,5.1,0.514,be so pessimistic (0.1486); stay focused (0.1786); to stay focused (0.1786); stay focused on (0.1786),preliminary trademark / naming review required; invented word: clearance search needed,,8.04,7.375,fail,dignity naturalness 4 < 7
275,generated,REJECTED (mechanical),hey nevota,hey nevota,HH EY1 N EH0 V OW1 T AH0,4,1-0-1-0,constructed,prefix-required,nevota,NEW ASSISTANT IDENTITY - would replace or sit beside ARIA; Michael's decision,0,written form reads as intended,10.0,7,4,invented word looks less name-like than 94% of real first names,8,2.5,0,,3.9,5.1,0.508,devote a (0.125); is inevitable (0.1429); was inevitable (0.1429); the inevitable (0.1429),preliminary trademark / naming review required; invented word: clearance search needed,G3_embedded_or_contains,7.74,7.375,fail,text collision gates failed: G3_embedded_or_contains
276,qualified (top 250),REJECTED (human suitability),hello steward,hello steward,HH AH0 L OW1 S T UW1 ER0 D,4,0-1-1-0,role,prefix-required,steward,no new identity (functional),0,written form reads as intended,8,7,5,servant/switchboard connotation,3,1.4,0,,2.1,5.4,0.54,a law student (0.1812); the last word (0.1813); fellow students (0.1833); a fellow student (0.1833),preliminary trademark / naming review required,,7.98,7.37,fail,dignity naturalness 5 < 7
277,qualified (top 250),REJECTED (human suitability),hey fotosa,hey fotosa,HH EY1 F OW0 T OW1 S AH0,4,1-0-1-0,constructed,prefix-required,fotosa,NEW ASSISTANT IDENTITY - would replace or sit beside ARIA; Michael's decision,0,written form reads as intended,9,7,4,invented word looks less name-like than 99% of real first names,8,3.2,0,,1.1,5.1,0.512,asafoetida (0.14); photos i (0.15); holiday photos (0.15); photo he (0.1583),preliminary trademark / naming review required; invented word: clearance search needed,,7.96,7.365,fail,dignity naturalness 4 < 7
278,mechanical pass,below top-250 cut,hey bernie,hey bernie,HH EY1 B ER1 N IY0,3,1-1-0,given_name,prefix-required,bernie,NEW ASSISTANT IDENTITY - would replace or sit beside ARIA; Michael's decision,0,written form reads as intended,10.0,9,7,diminutive form,7,5.0,0,bernie,2.5,4.4,0.439,bernie (0.0); burney (0.0); birney (0.0); gurney (0.0875),preliminary trademark / naming review required; personal name,,7.38,7.36,fail,mechanical score 7.38 below the 250th survivor
279,mechanical pass,below top-250 cut,okay savanna,okay savanna,OW2 K EY1 S AH0 V AE1 N AH0,5,2-1-0-1-0,word_name,prefix-required,savanna,NEW ASSISTANT IDENTITY - would replace or sit beside ARIA; Michael's decision,0,written form reads as intended,8,9,7,,6,3.5,0,,3.2,5.2,0.518,case of an (0.075); cases in (0.155); cases in the (0.1822); cases and (0.1925),preliminary trademark / naming review required,,7.3,7.36,fail,mechanical score 7.3 below the 250th survivor
280,generated,REJECTED (mechanical),okay savannah,okay savannah,OW2 K EY1 S AH0 V AE1 N AH0,5,2-1-0-1-0,word_name,prefix-required,savannah,NEW ASSISTANT IDENTITY - would replace or sit beside ARIA; Michael's decision,0,written form reads as intended,8,9,7,,6,3.5,0,,3.2,5.2,0.518,case of an (0.075); cases in (0.155); cases in the (0.1822); cases and (0.1925),preliminary trademark / naming review required,,7.3,7.36,fail,same sound as 'okay savanna'
281,mechanical pass,below top-250 cut,okay solace,okay solace,OW2 K EY1 S AA1 L AH0 S,4,2-1-1-0,word_name,prefix-required,solace,NEW ASSISTANT IDENTITY - would replace or sit beside ARIA; Michael's decision,2,written form reads as intended; 2 dictionary pronunciations,7,9,7,,6,2.6,0,,2.4,5.1,0.507,ok for a (0.12); take solace (0.1688); tasteless (0.1929); docosanol (0.2062),preliminary trademark / naming review required,,7.42,7.355,fail,mechanical score 7.42 below the 250th survivor
282,generated,REJECTED (mechanical),hey almeda,hey almeda,HH EY1 AA0 L M EY1 D AH0,4,1-0-1-0,given_name,prefix-required,almeda,NEW ASSISTANT IDENTITY - would replace or sit beside ARIA; Michael's decision,0,written form reads as intended,9,9,8,,7,4.5,3,"almeda 0.003%, almeda",1.0,5.0,0.497,almeida (0.075); all made (0.1333); they all made (0.1429); are made (0.1667),preliminary trademark / naming review required; personal name,G4_domain_names_commands; G7_accent_casual_variant,7.1,7.35,fail,text collision gates failed: G7_accent_casual_variant
283,mechanical pass,below top-250 cut,hey leroy,hey leroy,HH EY1 L IY1 R OY2,3,1-1-2,given_name,prefix-required,leroy,NEW ASSISTANT IDENTITY - would replace or sit beside ARIA; Michael's decision,0,written form reads as intended,10.0,9,7,diminutive form,7,5.0,0,leroy,2.6,4.4,0.439,leroy (0.0); really wrong (0.12); really wrong with (0.12); holy roman (0.1333),preliminary trademark / naming review required; personal name,,7.36,7.35,fail,mechanical score 7.36 below the 250th survivor
284,mechanical pass,below top-250 cut,hey maneta,hey maneta,HH EY1 M AH0 N EH1 T AH0,4,1-0-1-0,constructed,prefix-required,maneta,NEW ASSISTANT IDENTITY - would replace or sit beside ARIA; Michael's decision,3,vowels may be read differently (HH EY1 M AH0 N IY1 T AH0),10.0,7,7,,8,3.0,0,,4.5,5.0,0.503,discriminate against people (0.1); disseminated (0.1312); minute a (0.1333); mineta (0.1417),preliminary trademark / naming review required; invented word: clearance search needed,,7.5,7.35,fail,mechanical score 7.5 below the 250th survivor
285,generated,REJECTED (mechanical),hey motera,hey motera,HH EY1 M OW0 T EH1 R AH0,4,1-0-1-0,constructed,prefix-required,motera,NEW ASSISTANT IDENTITY - would replace or sit beside ARIA; Michael's decision,0,written form reads as intended,10.0,7,5,invented word looks less name-like than 84% of real first names,8,3.8,0,,2.4,5.0,0.504,matera (0.1083); cemetery (0.1625); cemeteries (0.1625); cemetery by (0.1625),preliminary trademark / naming review required; invented word: clearance search needed,G7_accent_casual_variant,7.76,7.35,fail,text collision gates failed: G7_accent_casual_variant
286,mechanical pass,below top-250 cut,hey joanie,hey joanie,HH EY1 JH OW1 N IY2,3,1-1-2,given_name,prefix-required,joanie,NEW ASSISTANT IDENTITY - would replace or sit beside ARIA; Michael's decision,0,written form reads as intended,9,9,7,diminutive form,7,5.0,0,joanie,1.2,4.4,0.439,joni (0.0); joanie (0.0); diego needed (0.118); hey john (0.13),preliminary trademark / naming review required; personal name,,7.44,7.34,fail,mechanical score 7.44 below the 250th survivor
287,mechanical pass,below top-250 cut,hey juniper,hey juniper,HH EY1 JH UW1 N AH0 P ER0,4,1-1-0-0,word_name,prefix-required,juniper,NEW ASSISTANT IDENTITY - would replace or sit beside ARIA; Michael's decision,0,written form reads as intended,9,9,7,,6,5.0,0,,1.3,4.8,0.479,juniper (0.0); the juniper (0.0929); jupiter (0.225); janitor (0.225),preliminary trademark / naming review required,,7.5,7.34,fail,mechanical score 7.5 below the 250th survivor
288,generated,REJECTED (mechanical),hey otis,hey otis,HH EY1 OW1 T IH0 S,3,1-1-0,given_name,prefix-required,otis,NEW ASSISTANT IDENTITY - would replace or sit beside ARIA; Michael's decision,0,written form reads as intended,9,9,8,,7,5.0,0,otis,2.2,4.4,0.439,otis (0.0); coyotes (0.15); the coyotes (0.15); by coyotes (0.15),preliminary trademark / naming review required; personal name,G7_accent_casual_variant,7.24,7.34,fail,text collision gates failed: G7_accent_casual_variant
289,mechanical pass,below top-250 cut,hey virgilio,hey virgilio,HH EY1 V ER0 JH IH1 L IY0 OW0,5,1-0-1-0-0,given_name,prefix-required,virgilio,NEW ASSISTANT IDENTITY - would replace or sit beside ARIA; Michael's decision,0,written form reads as intended,9,9,8,,7,5.0,3,"virgilio 0.004%, virgilio",0.1,5.0,0.501,virgilio (0.0); they verbally abused (0.2111); never really understood (0.2275); ever really understood (0.2275),preliminary trademark / naming review required; personal name,G4_domain_names_commands,7.18,7.34,fail,mechanical score 7.18 below the 250th survivor
290,qualified (top 250),REJECTED (human suitability),hey bedena,hey bedena,HH EY1 B EH0 D EH1 N AH0,4,1-0-1-0,constructed,prefix-required,bedena,NEW ASSISTANT IDENTITY - would replace or sit beside ARIA; Michael's decision,3,vowels may be read differently (HH EY1 B EH0 D IY1 N AH0),10.0,7,6,invented word looks less name-like than 74% of real first names,8,3.2,0,,3.3,5.0,0.501,dead in a (0.0917); be done a (0.1); bed in (0.1333); bed an (0.1333),preliminary trademark / naming review required; invented word: clearance search needed,,7.7,7.33,fail,dignity naturalness 6 < 7
291,mechanical pass,below top-250 cut,hey ruby,hey ruby,HH EY1 R UW1 B IY0,3,1-1-0,word_name,prefix-required,ruby,NEW ASSISTANT IDENTITY - would replace or sit beside ARIA; Michael's decision,0,written form reads as intended,10.0,9,7,,6,5.0,0,,2.3,4.4,0.439,ruby (0.0); rubi (0.0); rudy (0.0875); rudi (0.0875),preliminary trademark / naming review required,,7.42,7.33,fail,mechanical score 7.42 below the 250th survivor
292,qualified (top 250),REJECTED (human suitability),okay aria,okay AR-ee-uh,OW2 K EY1 AA1 R IY0 AH0,5,2-1-1-0-0,aria,prefix-required,aria,existing identity (ARIA),6,"written form reads as intended; also spoken AIR-ee-uh = 'area' (Room 214 false wakes, 2026-09-24)",9,9,8,,1,2.2,0,,2.8,5.0,0.497,ok aren't (0.1429); ok aren't they (0.1429); wrote mary a (0.1929); remote areas (0.1929),preliminary trademark / naming review required; existing assistant or product use known to the agent (unverified),,7.8,7.33,fail,brand suitability 1 < 3; pronunciation ambiguity 6 > 4
293,mechanical pass,below top-250 cut,hey felicity,hey felicity,HH EY1 F IH0 L IH1 S AH0 T IY0,5,1-0-1-0-0,word_name,prefix-required,felicity,NEW ASSISTANT IDENTITY - would replace or sit beside ARIA; Michael's decision,0,written form reads as intended,9,9,7,,6,5.0,0,,2.1,5.2,0.519,felicity (0.0); he finished eating (0.187); hilarity (0.1938); the philistines (0.1944),preliminary trademark / naming review required,,7.42,7.32,fail,mechanical score 7.42 below the 250th survivor
294,generated,REJECTED (mechanical),hey lucia,hey lucia,HH EY1 L UW1 SH AH0,3,1-1-0,given_name,prefix-required,lucia,NEW ASSISTANT IDENTITY - would replace or sit beside ARIA; Michael's decision,0,written form reads as intended,9,9,8,,7,5.0,0,lucia,2.4,4.4,0.439,lucia (0.0); loose a (0.03); dilution (0.12); hey listen (0.12),preliminary trademark / naming review required; personal name,G3_embedded_or_contains,7.2,7.32,fail,text collision gates failed: G3_embedded_or_contains
295,mechanical pass,below top-250 cut,hey lynette,hey lynette,HH EY1 L AY2 N EH1 T,3,1-2-1,given_name,prefix-required,lynette,NEW ASSISTANT IDENTITY - would replace or sit beside ARIA; Michael's decision,2,written form reads as intended; 2 dictionary pronunciations,10.0,9,8,,7,5.0,0,lynette,3.2,4.6,0.458,lynette (0.0); line at (0.04); layla met (0.125); layla met at (0.125),preliminary trademark / naming review required; personal name,,7.28,7.32,fail,mechanical score 7.28 below the 250th survivor
296,qualified (top 250),REJECTED (human suitability),hey naruta,hey naruta,HH EY1 N AH0 R UW1 T AH0,4,1-0-1-0,constructed,prefix-required,naruta,NEW ASSISTANT IDENTITY - would replace or sit beside ARIA; Michael's decision,3,vowels may be read differently (HH EY1 N AA0 R UW1 T AH0),10.0,7,4,invented word looks less name-like than 98% of real first names,8,3.5,0,,0.8,5.0,0.497,neruda (0.075); narita (0.1333); pablo neruda (0.15); same route (0.1786),preliminary trademark / naming review required; invented word: clearance search needed,,8.14,7.32,fail,dignity naturalness 4 < 7
297,generated,REJECTED (mechanical),hey ivory,hey ivory,HH EY1 AY1 V ER0 IY0,4,1-1-0-0,word_name,prefix-required,ivory,NEW ASSISTANT IDENTITY - would replace or sit beside ARIA; Michael's decision,2,written form reads as intended; 2 dictionary pronunciations,10.0,9,7,,6,5.0,0,,1.5,4.4,0.443,ivory (0.0); avery (0.15); day every (0.15); ovary (0.15),preliminary trademark / naming review required,G3_embedded_or_contains,7.58,7.31,fail,text collision gates failed: G3_embedded_or_contains
298,mechanical pass,below top-250 cut,hey marlena,hey marlena,HH EY1 M AA0 R L EY1 N AH0,4,1-0-1-0,given_name,prefix-required,marlena,NEW ASSISTANT IDENTITY - would replace or sit beside ARIA; Michael's decision,0,written form reads as intended,9,9,8,,7,5.0,3,"marlena 0.005%, marlena",0.4,5.0,0.498,marlena (0.0); marlin (0.1357); marlene (0.15); more rain (0.1714),preliminary trademark / naming review required; personal name,G4_domain_names_commands,7.12,7.31,fail,mechanical score 7.12 below the 250th survivor
299,generated,REJECTED (mechanical),hey tonia,hey tonia,HH EY1 T OW1 N IY0 AH0,4,1-1-0-0,given_name,prefix-required,tonia,NEW ASSISTANT IDENTITY - would replace or sit beside ARIA; Michael's decision,0,written form reads as intended,10.0,9,8,,7,6.0,0,tonia,2.3,4.6,0.461,tonia (0.0); tony (0.12); toni (0.12); toney (0.12),preliminary trademark / naming review required; personal name,G6_clipped_boundary,7.26,7.31,fail,text collision gates failed: G6_clipped_boundary
300,generated,REJECTED (mechanical),okay operator,okay operator,OW2 K EY1 AA1 P ER0 EY2 T ER0,6,2-1-1-0-2-0,role,prefix-required,operator,no new identity (functional),0,written form reads as intended,9,6,5,servant/switchboard connotation,3,1.7,0,,2.6,5.4,0.543,so cooperative (0.1667); cooperate (0.2); cooperates (0.2); i cooperated (0.2),preliminary trademark / naming review required; common word: weak distinctiveness,G8_speakability,8.02,7.31,fail,text collision gates failed: G8_speakability
301,qualified (top 250),REJECTED (human suitability),hey badata,hey badata,HH EY1 B AH0 D AA1 T AH0,4,1-0-1-0,constructed,prefix-required,badata,NEW ASSISTANT IDENTITY - would replace or sit beside ARIA; Michael's decision,3,vowels may be read differently (HH EY1 B AA0 D AA1 T AH0),10.0,7,4,invented word looks less name-like than 96% of real first names,8,1.9,0,,4.5,5.2,0.516,had a bottle (0.1562); headed out of (0.1562); bugatti (0.1583); headed out (0.1786),preliminary trademark / naming review required; invented word: clearance search needed,,7.76,7.3,fail,dignity naturalness 4 < 7
302,mechanical pass,below top-250 cut,hey delphine,hey delphine,HH EY1 D EH0 L F IY1 N IY0,4,1-0-1-0,given_name,prefix-required,delphine,NEW ASSISTANT IDENTITY - would replace or sit beside ARIA; Michael's decision,0,written form reads as intended,9,9,8,,7,5.0,3,"delphine 0.007%, delphine",0.5,5.0,0.498,delphine (0.0); delphinium (0.125); delfino (0.1429); play golf anymore (0.1688),preliminary trademark / naming review required; personal name,G4_domain_names_commands,7.1,7.3,fail,mechanical score 7.1 below the 250th survivor
303,mechanical pass,below top-250 cut,hey gabriele,hey gabriele,HH EY1 G AA0 B R IY0 EH1 L,4,1-0-0-1,given_name,prefix-required,gabriele,NEW ASSISTANT IDENTITY - would replace or sit beside ARIA; Michael's decision,0,written form reads as intended,9,9,8,,7,5.0,3,"gabriele 0.002%, gabriele",0.5,5.0,0.498,gabriele (0.0); gabrielle (0.0714); gabriella (0.125); gabriela (0.125),preliminary trademark / naming review required; personal name,G4_domain_names_commands,7.1,7.3,fail,mechanical score 7.1 below the 250th survivor
304,qualified (top 250),REJECTED (human suitability),hey podiva,hey podiva,HH EY1 P OW0 D IY1 V AH0,4,1-0-1-0,constructed,prefix-required,podiva,NEW ASSISTANT IDENTITY - would replace or sit beside ARIA; Michael's decision,7,spelling suggests a different pronunciation (HH EY1 P OW0 T IY1 V AH0),10.0,6,3,invented word looks less name-like than 96% of real first names; spelling does not show how to say it,8,1.9,0,,0.5,5.2,0.516,hated every (0.1562); hated everyone (0.1562); antipodes (0.17); hated the (0.1938),preliminary trademark / naming review required; invented word: clearance search needed,,8.56,7.3,fail,dignity naturalness 3 < 7; pronunciation ambiguity 7 > 4
305,qualified (top 250),REJECTED (human suitability),okay attendant,okay attendant,OW2 K EY1 AH0 T EH1 N D AH0 N T,5,2-1-0-1-0,role,prefix-required,attendant,no new identity (functional),0,written form reads as intended,8,7,5,servant/switchboard connotation,3,1.4,0,,3.4,5.8,0.579,flight attendant (0.1773); a flight attendant (0.1773); the flight attendant (0.1773); flight attendants (0.1773),preliminary trademark / naming review required,,7.8,7.3,fail,dignity naturalness 5 < 7
306,generated,REJECTED (mechanical),okay celeste,okay celeste,OW2 K EY1 S AH0 L EH1 S T,4,2-1-0-1,word_name,prefix-required,celeste,NEW ASSISTANT IDENTITY - would replace or sit beside ARIA; Michael's decision,0,written form reads as intended,6,9,7,,6,1.4,0,,5.3,5.4,0.54,catalyst (0.1812); take a left (0.1988); coalesced (0.2); vacation last (0.2133),preliminary trademark / naming review required,G2_near_high_frequency,6.94,7.3,fail,text collision gates failed: G2_near_high_frequency
307,qualified (top 250),REJECTED (human suitability),hey samoda,hey samoda,HH EY1 S AH0 M OW1 D AH0,4,1-0-1-0,constructed,prefix-required,samoda,NEW ASSISTANT IDENTITY - would replace or sit beside ARIA; Michael's decision,3,vowels may be read differently (HH EY1 S AA0 M OW1 D AH0),9,7,5,invented word looks less name-like than 83% of real first names,8,2.7,0,,2.3,5.1,0.506,somoza (0.1167); some soda (0.1429); snowed a (0.15); is a mobile (0.1643),preliminary trademark / naming review required; invented word: clearance search needed,,7.82,7.295,fail,dignity naturalness 5 < 7
308,qualified (top 250),REJECTED (human suitability),hey volosa,hey volosa,HH EY1 V OW0 L OW1 S AH0,4,1-0-1-0,constructed,prefix-required,volosa,NEW ASSISTANT IDENTITY - would replace or sit beside ARIA; Michael's decision,0,written form reads as intended,9,7,4,invented word looks less name-like than 99% of real first names,8,3.1,0,,2.0,5.1,0.513,evolution (0.1457); evolutionary (0.1457); has a license (0.1738); naval officer (0.1914),preliminary trademark / naming review required; invented word: clearance search needed,,7.8,7.295,fail,dignity naturalness 4 < 7
309,qualified (top 250),REJECTED (human suitability),hello aria,hello AR-ee-uh,HH AH0 L OW1 AA1 R IY0 AH0,5,0-1-1-0-0,aria,prefix-required,aria,existing identity (ARIA),6,"written form reads as intended; also spoken AIR-ee-uh = 'area' (Room 214 false wakes, 2026-09-24)",10.0,9,8,,1,2.2,3,hilaria 0.002%,2.0,5.2,0.516,hello are (0.1429); hello are you (0.15); residential area (0.1688); a residential area (0.1688),preliminary trademark / naming review required; existing assistant or product use known to the agent (unverified),G4_domain_names_commands,7.6,7.29,fail,brand suitability 1 < 3; pronunciation ambiguity 6 > 4
310,mechanical pass,below top-250 cut,hey colette,hey colette,HH EY1 K OW1 L EH1 T,3,1-1-1,given_name,prefix-required,colette,NEW ASSISTANT IDENTITY - would replace or sit beside ARIA; Michael's decision,0,written form reads as intended,10.0,9,8,,7,6.0,0,colette,2.5,4.6,0.458,colette (0.0); go let (0.09); they call it (0.1083); call it (0.13),preliminary trademark / naming review required; personal name,,7.22,7.29,fail,mechanical score 7.22 below the 250th survivor
311,generated,REJECTED (mechanical),hey denada,hey denada,HH EY1 D EH0 N AA1 D AH0,4,1-0-1-0,constructed,prefix-required,denada,NEW ASSISTANT IDENTITY - would replace or sit beside ARIA; Michael's decision,3,vowels may be read differently (HH EY1 D IH0 N AA1 D AH0),10.0,7,7,,8,2.8,0,,5.5,5.0,0.504,had an odd (0.1071); had an audition (0.1562); he denied (0.1571); paid in advance (0.1714),preliminary trademark / naming review required; invented word: clearance search needed,G3_embedded_or_contains; G7_accent_casual_variant,7.34,7.29,fail,"text collision gates failed: G3_embedded_or_contains, G7_accent_casual_variant"
312,qualified (top 250),REJECTED (human suitability),hey saroda,hey saroda,HH EY1 S AH0 R OW1 D AH0,4,1-0-1-0,constructed,prefix-required,saroda,NEW ASSISTANT IDENTITY - would replace or sit beside ARIA; Michael's decision,3,vowels may be read differently (HH EY1 S AA0 R OW1 D AH0),9,7,5,invented word looks less name-like than 83% of real first names,8,2.8,0,,2.3,5.2,0.516,he rode a (0.1583); the rota (0.17); the road i (0.17); have a road (0.1771),preliminary trademark / naming review required; invented word: clearance search needed,,7.82,7.29,fail,dignity naturalness 5 < 7
313,generated,REJECTED (mechanical),okay concierge,okay concierge,OW2 K EY1 K AA2 N S IY0 EH1 R ZH,5,2-1-2-0-1,role,prefix-required,concierge,no new identity (functional),0,written form reads as intended,5,7,7,,3,1.7,0,,0.4,5.8,0.576,a concierge (0.165); concierge (0.2),preliminary trademark / naming review required,G8_speakability,7.74,7.29,fail,text collision gates failed: G8_speakability
314,mechanical pass,below top-250 cut,okay pearl,okay pearl,OW2 K EY1 P ER1 L,3,2-1-1,word_name,prefix-required,pearl,NEW ASSISTANT IDENTITY - would replace or sit beside ARIA; Michael's decision,0,written form reads as intended,9,9,7,,3,2.8,0,,4.4,4.6,0.465,woke up early (0.1083); woke up earlier (0.1083); capel (0.12); capers (0.14),preliminary trademark / naming review required; common word: weak distinctiveness,,7.28,7.29,fail,mechanical score 7.28 below the 250th survivor
315,qualified (top 250),REJECTED (human suitability),hey balira,hey balira,HH EY1 B AH0 L IY1 R AH0,4,1-0-1-0,constructed,prefix-required,balira,NEW ASSISTANT IDENTITY - would replace or sit beside ARIA; Michael's decision,3,vowels may be read differently (HH EY1 B AH0 L IH1 R AH0),10.0,7,4,invented word looks less name-like than 93% of real first names,8,2.5,0,,3.3,5.1,0.507,table is a (0.1214); table in a (0.1214); galena (0.175); galina (0.175),preliminary trademark / naming review required; invented word: clearance search needed,,7.86,7.285,fail,dignity naturalness 4 < 7
316,generated,REJECTED (mechanical),hey nelia,hey nelia,HH EY1 N EH1 L IY0 AH0,4,1-1-0-0,given_name,prefix-required,nelia,NEW ASSISTANT IDENTITY - would replace or sit beside ARIA; Michael's decision,0,written form reads as intended,10.0,9,8,,7,3.8,3,"marianela 0.001%, nelia",4.1,4.7,0.475,melia (0.06); nary a (0.08); same area (0.1167); hey mary (0.1167),preliminary trademark / naming review required; personal name,G4_domain_names_commands; G7_accent_casual_variant,6.76,7.285,fail,text collision gates failed: G7_accent_casual_variant
317,qualified (top 250),REJECTED (human suitability),hey camuta,hey camuta,HH EY1 K AH0 M UW1 T AH0,4,1-0-1-0,constructed,prefix-required,camuta,NEW ASSISTANT IDENTITY - would replace or sit beside ARIA; Michael's decision,3,vowels may be read differently (HH EY1 K AA0 M UW1 T AH0),10.0,7,5,invented word looks less name-like than 84% of real first names,8,3.0,0,,3.2,5.0,0.503,commit a (0.1); wake me tomorrow (0.1571); come at a (0.1667); canoe to (0.1667),preliminary trademark / naming review required; invented word: clearance search needed,,7.76,7.28,fail,dignity naturalness 5 < 7
318,generated,REJECTED (mechanical),hey samara,hey samara,HH EY1 S AE1 M ER0 AH0,4,1-1-0-0,given_name,prefix-required,samara,NEW ASSISTANT IDENTITY - would replace or sit beside ARIA; Michael's decision,0,written form reads as intended,9,9,8,,7,5.0,0,samara,3.1,4.6,0.461,samara (0.0); summer a (0.06); samurai (0.09); summer i (0.15),preliminary trademark / naming review required; personal name,G2_near_high_frequency,7.1,7.28,fail,text collision gates failed: G2_near_high_frequency
319,mechanical pass,below top-250 cut,hey tahoe,hey tahoe,HH EY1 T AE1 HH OW0,3,1-1-0,word_name,prefix-required,tahoe,NEW ASSISTANT IDENTITY - would replace or sit beside ARIA; Michael's decision,0,written form reads as intended,10.0,9,7,,6,5.0,0,,2.8,4.4,0.439,tahoe (0.0); ate a whole (0.06); tasso (0.0875); hit a home (0.1083),preliminary trademark / naming review required,,7.32,7.28,fail,mechanical score 7.32 below the 250th survivor
320,mechanical pass,below top-250 cut,hey aurora,hey aurora,HH EY1 ER0 AO1 R AH0,4,1-0-1-0,word_name,prefix-required,aurora,NEW ASSISTANT IDENTITY - would replace or sit beside ARIA; Michael's decision,0,written form reads as intended,10.0,9,7,,6,5.0,0,,2.9,4.4,0.443,aurora (0.0); player or (0.12); the aurora (0.13); here aren't (0.1583),preliminary trademark / naming review required,,7.3,7.27,fail,mechanical score 7.3 below the 250th survivor
321,generated,REJECTED (mechanical),hey batuna,hey batuna,HH EY1 B AH0 T UW1 N AH0,4,1-0-1-0,constructed,prefix-required,batuna,NEW ASSISTANT IDENTITY - would replace or sit beside ARIA; Michael's decision,3,vowels may be read differently (HH EY1 B AA0 T UW1 N AH0),10.0,7,4,invented word looks less name-like than 96% of real first names,8,3.3,0,,1.7,5.0,0.499,bettina (0.0833); but in a (0.1); ate a tuna (0.1143); but on a (0.1167),preliminary trademark / naming review required; invented word: clearance search needed,G3_embedded_or_contains,8.0,7.27,fail,text collision gates failed: G3_embedded_or_contains
322,qualified (top 250),REJECTED (human suitability),hey canila,hey canila,HH EY1 K AH0 N IY1 L AH0,4,1-0-1-0,constructed,prefix-required,canila,NEW ASSISTANT IDENTITY - would replace or sit beside ARIA; Michael's decision,3,vowels may be read differently (HH EY1 K AH0 N IH1 L AH0),10.0,7,6,invented word looks less name-like than 61% of real first names,8,3.5,0,,3.3,5.0,0.497,camilla (0.075); bacon is a (0.1214); taken in a (0.1214); make me love (0.1286),preliminary trademark / naming review required; invented word: clearance search needed,,7.64,7.27,fail,dignity naturalness 6 < 7
323,qualified (top 250),REJECTED (human suitability),hey rotova,hey rotova,HH EY1 R OW0 T OW1 V AH0,4,1-0-1-0,constructed,prefix-required,rotova,NEW ASSISTANT IDENTITY - would replace or sit beside ARIA; Michael's decision,0,written form reads as intended,10.0,7,4,invented word looks less name-like than 96% of real first names,8,4.0,0,,1.8,5.0,0.503,wrote over (0.1); inherit the (0.1938); will inherit the (0.1938); wrote the (0.2),preliminary trademark / naming review required; invented word: clearance search needed,,7.84,7.27,fail,dignity naturalness 4 < 7
324,qualified (top 250),REJECTED (human suitability),hey saluva,hey saluva,HH EY1 S AH0 L UW1 V AH0,4,1-0-1-0,constructed,prefix-required,saluva,NEW ASSISTANT IDENTITY - would replace or sit beside ARIA; Michael's decision,3,vowels may be read differently (HH EY1 S AA0 L UW1 V AH0),9,7,4,invented word looks less name-like than 97% of real first names,8,2.8,0,,1.2,5.0,0.504,helluva (0.1083); slew the (0.1333); dissolution (0.1643); dissolution of (0.1643),preliminary trademark / naming review required; invented word: clearance search needed,,8.0,7.27,fail,dignity naturalness 4 < 7
325,generated,REJECTED (mechanical),hello room assistant,hello room assistant,HH AH0 L OW1 R UW1 M AH0 S IH1 S T AH0 N T,6,0-1-1-0-1-0,role,prefix-required,room assistant,no new identity (functional),0,written form reads as intended,7,6,0.0,contains 'ass',3,0.2,0,,0.0,6.7,0.669,your assistant (0.2377); the new assistant (0.2438); mary's assistant (0.25),preliminary trademark / naming review required; common word: weak distinctiveness,G8_speakability,8.7,7.265,fail,dignity: contains 'ass'; text collision gates failed: G8_speakability
326,qualified (top 250),REJECTED (human suitability),hey sadala,hey sadala,HH EY1 S AH0 D AA1 L AH0,4,1-0-1-0,constructed,prefix-required,sadala,NEW ASSISTANT IDENTITY - would replace or sit beside ARIA; Michael's decision,3,vowels may be read differently (HH EY1 S AA0 D AA1 L AH0),9,7,5,invented word looks less name-like than 77% of real first names,8,2.5,0,,3.0,5.1,0.509,hated all (0.1286); etodolac (0.15); shoelaces are untied (0.1571); octisalate (0.1571),preliminary trademark / naming review required; invented word: clearance search needed,,7.72,7.265,fail,dignity naturalness 5 < 7
327,mechanical pass,below top-250 cut,hey curtis,hey curtis,HH EY1 K ER1 T AH0 S,3,1-1-0,given_name,prefix-required,curtis,NEW ASSISTANT IDENTITY - would replace or sit beside ARIA; Michael's decision,2,written form reads as intended; 2 dictionary pronunciations,9,9,8,,7,5.0,0,curtis,2.3,4.6,0.458,curtis (0.0); curtiss (0.1); kurtis (0.1); a courtesy (0.1083),preliminary trademark / naming review required; personal name,,7.26,7.26,fail,mechanical score 7.26 below the 250th survivor
328,generated,REJECTED (mechanical),hey emogene,hey emogene,HH EY1 EH1 M AH0 G IY0 N,4,1-1-0-0,given_name,prefix-required,emogene,NEW ASSISTANT IDENTITY - would replace or sit beside ARIA; Michael's decision,0,written form reads as intended,10.0,9,8,,7,3.5,3,"emogene 0.003%, emogene",5.4,5.0,0.497,a mug in (0.075); imogene (0.1317); imogen (0.1333); them again (0.1857),preliminary trademark / naming review required; personal name,G2_near_high_frequency; G4_domain_names_commands; G7_accent_casual_variant,6.62,7.26,fail,"text collision gates failed: G2_near_high_frequency, G7_accent_casual_variant"
329,mechanical pass,below top-250 cut,hey sequoia,hey sequoia,HH EY1 S IH0 K W OY1 AH0,4,1-0-1-0,word_name,prefix-required,sequoia,NEW ASSISTANT IDENTITY - would replace or sit beside ARIA; Michael's decision,0,written form reads as intended,8,9,7,,6,5.0,0,,0.6,4.8,0.479,sequoia (0.0); sequoyah (0.0833); place it was (0.2); someplace quiet (0.2),preliminary trademark / naming review required,,7.44,7.26,fail,mechanical score 7.44 below the 250th survivor
330,generated,REJECTED (mechanical),hey tanner,hey tanner,HH EY1 T AE1 N ER0,3,1-1-0,given_name,prefix-required,tanner,NEW ASSISTANT IDENTITY - would replace or sit beside ARIA; Michael's decision,0,written form reads as intended,10.0,9,8,,7,5.0,0,tanner,4.5,4.4,0.439,tanner (0.0); tenor (0.05); tenner (0.05); hey can (0.07),preliminary trademark / naming review required; personal name,G7_accent_casual_variant,6.98,7.26,fail,text collision gates failed: G7_accent_casual_variant
331,generated,REJECTED (mechanical),hey kati,hey kati,HH EY1 K EY1 T IY0,3,1-1-0,given_name,prefix-required,kati,NEW ASSISTANT IDENTITY - would replace or sit beside ARIA; Michael's decision,0,written form reads as intended,10.0,9,8,,7,5.0,0,kati,4.6,4.4,0.439,katie (0.0); katy (0.0); k t (0.0); kati (0.0),preliminary trademark / naming review required; personal name,G3_embedded_or_contains; G7_accent_casual_variant,6.96,7.25,fail,"text collision gates failed: G3_embedded_or_contains, G7_accent_casual_variant"
332,mechanical pass,below top-250 cut,hey loraine,hey loraine,HH EY1 L ER0 EY1 N,3,1-0-1,given_name,prefix-required,loraine,NEW ASSISTANT IDENTITY - would replace or sit beside ARIA; Michael's decision,0,written form reads as intended,10.0,9,8,,7,5.0,0,loraine,4.6,4.4,0.439,lorraine (0.0); lorain (0.0); loraine (0.0); i'll arrange (0.12),preliminary trademark / naming review required; personal name,,6.96,7.25,fail,mechanical score 6.96 below the 250th survivor
333,generated,REJECTED (mechanical),hey lorraine,hey lorraine,HH EY1 L ER0 EY1 N,3,1-0-1,given_name,prefix-required,lorraine,NEW ASSISTANT IDENTITY - would replace or sit beside ARIA; Michael's decision,0,written form reads as intended,10.0,9,8,,7,5.0,0,lorraine,4.6,4.4,0.439,lorraine (0.0); lorain (0.0); loraine (0.0); i'll arrange (0.12),preliminary trademark / naming review required; personal name,,6.96,7.25,fail,same sound as 'hey loraine'
334,mechanical pass,below top-250 cut,hey marigold,hey marigold,HH EY1 M EH1 R AH0 G OW2 L D,4,1-1-0-2,word_name,prefix-required,marigold,NEW ASSISTANT IDENTITY - would replace or sit beside ARIA; Michael's decision,0,written form reads as intended,9,9,7,,6,5.0,0,,2.8,5.2,0.516,marigold (0.0); the marigold (0.0722); marigolds (0.1111); likes marigolds (0.135),preliminary trademark / naming review required,,7.28,7.25,fail,mechanical score 7.28 below the 250th survivor
335,qualified (top 250),REJECTED (human suitability),hey podula,hey podula,HH EY1 P OW0 D UW1 L AH0,4,1-0-1-0,constructed,prefix-required,podula,NEW ASSISTANT IDENTITY - would replace or sit beside ARIA; Michael's decision,7,spelling suggests a different pronunciation (HH EY1 P OW0 T UW1 L AH0),10.0,6,3,invented word looks less name-like than 95% of real first names; spelling does not show how to say it,8,2.4,0,,0.0,5.2,0.521,hated all (0.1812); padilla (0.2083); capabilities (0.2213); capability (0.2213),preliminary trademark / naming review required; invented word: clearance search needed,,8.56,7.25,fail,dignity naturalness 3 < 7; pronunciation ambiguity 7 > 4
336,generated,REJECTED (mechanical),hey sherron,hey sherron,HH EY1 SH EH1 R AH0 N,3,1-1-0,given_name,prefix-required,sherron,NEW ASSISTANT IDENTITY - would replace or sit beside ARIA; Michael's decision,0,written form reads as intended,9,9,8,,7,5.0,0,sherron,3.4,4.6,0.458,sharon (0.0); sheeran (0.04); shirin (0.04); sharron (0.04),preliminary trademark / naming review required; personal name,G6_clipped_boundary,7.04,7.25,fail,text collision gates failed: G6_clipped_boundary
337,mechanical pass,below top-250 cut,hey verona,hey verona,HH EY1 V ER0 OW1 N AH0,4,1-0-1-0,word_name,prefix-required,verona,NEW ASSISTANT IDENTITY - would replace or sit beside ARIA; Michael's decision,0,written form reads as intended,10.0,9,7,,6,5.0,0,,3.5,4.6,0.461,verona (0.0); verena (0.12); never owned (0.1583); never owned a (0.1583),preliminary trademark / naming review required,,7.22,7.24,fail,mechanical score 7.22 below the 250th survivor
338,generated,REJECTED (mechanical),hey tedana,hey tedana,HH EY1 T EH0 D AA1 N AH0,4,1-0-1-0,constructed,prefix-required,tedana,NEW ASSISTANT IDENTITY - would replace or sit beside ARIA; Michael's decision,3,vowels may be read differently (HH EY1 T AH0 D AE1 N AH0),10.0,7,6,invented word looks less name-like than 68% of real first names,8,2.7,0,,5.4,5.1,0.506,skated on (0.1143); grated on (0.1143); ate a donut (0.1357); seated on (0.1429),preliminary trademark / naming review required; invented word: clearance search needed,G7_accent_casual_variant,7.4,7.235,fail,text collision gates failed: G7_accent_casual_variant
339,qualified (top 250),REJECTED (human suitability),okay butler,okay butler,OW2 K EY1 B AH1 T L ER0,4,2-1-1-0,role,prefix-required,butler,no new identity (functional),0,written form reads as intended,8,7,5,servant/switchboard connotation,3,2.2,0,,1.4,5.1,0.512,ok but (0.1429); okay but (0.1429); gabler (0.2071); ok but mary (0.2125),preliminary trademark / naming review required; common word: weak distinctiveness,,7.9,7.235,fail,dignity naturalness 5 < 7
340,mechanical pass,below top-250 cut,hey flossie,hey flossie,HH EY1 F L AO1 S IY0,3,1-1-0,given_name,prefix-required,flossie,NEW ASSISTANT IDENTITY - would replace or sit beside ARIA; Michael's decision,0,written form reads as intended,8,9,7,diminutive form,7,5.4,0,flossie,0.3,4.6,0.465,law she (0.03); law he (0.0875); rossi (0.1); law say (0.1125),preliminary trademark / naming review required; personal name,,7.38,7.23,fail,mechanical score 7.38 below the 250th survivor
341,generated,REJECTED (mechanical),hey nichol,hey nichol,HH EY1 N IH1 K AO0 L,3,1-1-0,given_name,prefix-required,nichol,NEW ASSISTANT IDENTITY - would replace or sit beside ARIA; Michael's decision,0,written form reads as intended,10.0,9,8,,7,5.0,0,nichol,5.1,4.6,0.458,nichol (0.0); nickel (0.08); nicol (0.08); nicoll (0.08),preliminary trademark / naming review required; personal name,G3_embedded_or_contains; G7_accent_casual_variant,6.9,7.23,fail,"text collision gates failed: G3_embedded_or_contains, G7_accent_casual_variant"
342,qualified (top 250),REJECTED (human suitability),hey pedila,hey pedila,HH EY1 P EH0 D IY1 L AH0,4,1-0-1-0,constructed,prefix-required,pedila,NEW ASSISTANT IDENTITY - would replace or sit beside ARIA; Michael's decision,0,written form reads as intended,10.0,7,4,invented word looks less name-like than 90% of real first names,8,4.5,0,,1.2,5.0,0.497,padilla (0.075); capabilities (0.1143); capability (0.1143); paddle a (0.1333),preliminary trademark / naming review required; invented word: clearance search needed,,7.86,7.23,fail,dignity naturalness 4 < 7
343,generated,REJECTED (mechanical),hey clover,hey clover,HH EY1 K L OW1 V ER0,3,1-1-0,word_name,prefix-required,clover,NEW ASSISTANT IDENTITY - would replace or sit beside ARIA; Michael's decision,0,written form reads as intended,9,9,7,,6,4.0,0,,4.3,4.7,0.469,lowther (0.05); rover (0.1); the clover (0.1083); loafer (0.1125),preliminary trademark / naming review required,G3_embedded_or_contains; G7_accent_casual_variant,7.08,7.225,fail,"text collision gates failed: G3_embedded_or_contains, G7_accent_casual_variant"
344,qualified (top 250),REJECTED (human suitability),hey coroda,hey coroda,HH EY1 K OW0 R OW1 D AH0,4,1-0-1-0,constructed,prefix-required,coroda,NEW ASSISTANT IDENTITY - would replace or sit beside ARIA; Michael's decision,7,spelling suggests a different pronunciation (HH EY1 K ER0 OW1 D AH0),10.0,6,4,invented word looks less name-like than 78% of real first names; spelling does not show how to say it,8,2.0,0,,1.9,5.1,0.514,diego rode (0.15); colonna (0.1583); toyoda (0.165); co wrote (0.175),preliminary trademark / naming review required; invented word: clearance search needed,,8.24,7.225,fail,dignity naturalness 4 < 7; pronunciation ambiguity 7 > 4
345,qualified (top 250),REJECTED (human suitability),hey radeta,hey radeta,HH EY1 R AH0 D EH1 T AH0,4,1-0-1-0,constructed,prefix-required,radeta,NEW ASSISTANT IDENTITY - would replace or sit beside ARIA; Michael's decision,3,vowels may be read differently (HH EY1 R AH0 D EY1 T AH0),10.0,7,5,invented word looks less name-like than 83% of real first names,8,2.7,0,,4.5,5.1,0.506,rebecca (0.1167); he read it (0.1357); here a bit (0.1429); iridescent (0.15),preliminary trademark / naming review required; invented word: clearance search needed,,7.58,7.225,fail,dignity naturalness 5 < 7
346,generated,REJECTED (mechanical),okay summit,okay summit,OW2 K EY1 S AH1 M AH0 T,4,2-1-1-0,word_name,prefix-required,summit,NEW ASSISTANT IDENTITY - would replace or sit beside ARIA; Michael's decision,2,written form reads as intended; 2 dictionary pronunciations,8,9,7,,3,2.5,0,,3.9,5.1,0.509,location to (0.1275); case might (0.15); case but (0.1643); showcasing its (0.1688),preliminary trademark / naming review required; common word: weak distinctiveness,G3_embedded_or_contains,7.34,7.225,fail,text collision gates failed: G3_embedded_or_contains
347,generated,REJECTED (mechanical),hey lowell,hey lowell,HH EY1 L OW1 AH0 L,3,1-1-0,given_name,prefix-required,lowell,NEW ASSISTANT IDENTITY - would replace or sit beside ARIA; Michael's decision,0,written form reads as intended,10.0,9,8,,7,6.0,0,lowell,2.9,4.4,0.439,lowell (0.0); loyal (0.05); halo (0.12); layla a lot (0.13),preliminary trademark / naming review required; personal name,G6_clipped_boundary; G7_accent_casual_variant,7.1,7.22,fail,"text collision gates failed: G6_clipped_boundary, G7_accent_casual_variant"
348,generated,REJECTED (mechanical),hey ruben,hey ruben,HH EY1 R UW1 B AH0 N,3,1-1-0,given_name,prefix-required,ruben,NEW ASSISTANT IDENTITY - would replace or sit beside ARIA; Michael's decision,0,written form reads as intended,10.0,9,8,,7,6.0,0,ruben,3.2,4.6,0.458,reuben (0.0); ruben (0.0); rubin (0.1); rumen (0.11),preliminary trademark / naming review required; personal name,G7_accent_casual_variant,7.08,7.22,fail,text collision gates failed: G7_accent_casual_variant
349,mechanical pass,below top-250 cut,hey azalea,hey azalea,HH EY1 AH0 Z EY1 L Y AH0,4,1-0-1-0,word_name,prefix-required,azalea,NEW ASSISTANT IDENTITY - would replace or sit beside ARIA; Michael's decision,0,written form reads as intended,8,9,7,,6,5.0,0,,1.1,4.8,0.479,azalea (0.0); azaleas (0.1429); be a valuable (0.1771); resilience (0.1857),preliminary trademark / naming review required,,7.34,7.21,fail,mechanical score 7.34 below the 250th survivor
350,mechanical pass,below top-250 cut,hey evergreen,hey evergreen,HH EY1 EH1 V ER0 G R IY2 N,4,1-1-0-2,word_name,prefix-required,evergreen,NEW ASSISTANT IDENTITY - would replace or sit beside ARIA; Michael's decision,0,written form reads as intended,9,9,7,,6,5.0,0,,2.9,5.0,0.498,evergreen (0.0); an evergreen (0.125); are evergreen (0.125); evergreens (0.125),preliminary trademark / naming review required,,7.22,7.21,fail,mechanical score 7.22 below the 250th survivor
351,mechanical pass,below top-250 cut,hey mohammed,hey mohammed,HH EY1 M OW0 HH AE1 M IH0 D,4,1-0-1-0,given_name,prefix-required,mohammed,NEW ASSISTANT IDENTITY - would replace or sit beside ARIA; Michael's decision,0,written form reads as intended,10.0,9,8,,7,5.0,3,"mohammed 0.007%, mohammed",2.9,5.0,0.498,mohammed (0.0); mohammad (0.1); mohamed (0.1); to mohammed (0.1188),preliminary trademark / naming review required; personal name,G4_domain_names_commands,6.82,7.21,fail,mechanical score 6.82 below the 250th survivor
352,mechanical pass,below top-250 cut,hey prudence,hey prudence,HH EY1 P R UW1 D AH0 N S,3,1-1-0,word_name,prefix-required,prudence,NEW ASSISTANT IDENTITY - would replace or sit beside ARIA; Michael's decision,0,written form reads as intended,8,9,7,,6,3.0,3,prudence 0.004%,2.7,5.2,0.518,riddance (0.1); prudence (0.125); of prudence (0.125); rubens (0.1333),preliminary trademark / naming review required,G4_domain_names_commands,6.9,7.21,fail,mechanical score 6.9 below the 250th survivor
353,mechanical pass,below top-250 cut,hey stacy,hey stacy,HH EY1 S T EY1 S IY0,3,1-1-0,given_name,prefix-required,stacy,NEW ASSISTANT IDENTITY - would replace or sit beside ARIA; Michael's decision,0,written form reads as intended,7,9,7,diminutive form,7,3.2,0,stacy,3.7,4.8,0.478,casey (0.0875); pacey (0.0875); tessie (0.0875); dacey (0.1125),preliminary trademark / naming review required; personal name,,6.98,7.21,fail,mechanical score 6.98 below the 250th survivor
354,mechanical pass,below top-250 cut,hey willis,hey willis,HH EY1 W IH1 L IH0 S,3,1-1-0,given_name,prefix-required,willis,NEW ASSISTANT IDENTITY - would replace or sit beside ARIA; Michael's decision,0,written form reads as intended,9,9,8,,7,5.0,0,willis,3.8,4.6,0.458,willis (0.0); will if (0.048); well if (0.088); will is (0.09),preliminary trademark / naming review required; personal name,,6.96,7.21,fail,mechanical score 6.96 below the 250th survivor
355,qualified (top 250),REJECTED (human suitability),hey sonula,hey sonula,HH EY1 S OW0 N UW1 L AH0,4,1-0-1-0,constructed,prefix-required,sonula,NEW ASSISTANT IDENTITY - would replace or sit beside ARIA; Michael's decision,7,spelling suggests a different pronunciation (HH EY1 S AA1 N Y AH0 L AH0),9,6,4,invented word looks less name-like than 88% of real first names; spelling does not show how to say it,8,2.1,0,,0.4,5.1,0.513,conversationalist (0.1462); a good conversationalist (0.1462); good conversationalist (0.1462); educational and (0.205),preliminary trademark / naming review required; invented word: clearance search needed,,8.32,7.205,fail,dignity naturalness 4 < 7; pronunciation ambiguity 7 > 4
356,qualified (top 250),REJECTED (human suitability),hey vonila,hey vonila,HH EY1 V OW0 N IY1 L AH0,4,1-0-1-0,constructed,prefix-required,vonila,NEW ASSISTANT IDENTITY - would replace or sit beside ARIA; Michael's decision,3,vowels may be read differently (HH EY1 V AA0 N IY1 L AH0),10.0,7,5,invented word looks less name-like than 78% of real first names,8,3.5,0,,3.1,5.1,0.508,have a military (0.125); vanilla (0.1333); have any luck (0.1625); seventy one (0.1812),preliminary trademark / naming review required; invented word: clearance search needed,,7.7,7.205,fail,dignity naturalness 5 < 7
357,generated,REJECTED (mechanical),hey zedana,hey zedana,HH EY1 Z EH0 D AA1 N AH0,4,1-0-1-0,constructed,prefix-required,zedana,NEW ASSISTANT IDENTITY - would replace or sit beside ARIA; Michael's decision,3,vowels may be read differently (HH EY1 Z EY0 D AA1 N AH0),9,7,5,invented word looks less name-like than 86% of real first names,8,2.3,0,,4.0,5.1,0.51,head on a (0.1333); there on a (0.1367); they're on a (0.1367); he's an honest (0.15),preliminary trademark / naming review required; invented word: clearance search needed,G2_near_high_frequency; G7_accent_casual_variant,7.56,7.205,fail,"text collision gates failed: G2_near_high_frequency, G7_accent_casual_variant"
358,mechanical pass,below top-250 cut,hey laurel,hey laurel,HH EY1 L AO1 R AH0 L,3,1-1-0,word_name,prefix-required,laurel,NEW ASSISTANT IDENTITY - would replace or sit beside ARIA; Michael's decision,0,written form reads as intended,10.0,9,7,,6,5.0,0,,3.9,4.6,0.458,laurel (0.0); loral (0.0); and layla really (0.1167); lauren (0.14),preliminary trademark / naming review required,,7.14,7.2,fail,mechanical score 7.14 below the 250th survivor
359,generated,REJECTED (mechanical),hey marcy,hey marcy,HH EY1 M AA1 R S IY0,3,1-1-0,given_name,prefix-required,marcy,NEW ASSISTANT IDENTITY - would replace or sit beside ARIA; Michael's decision,0,written form reads as intended,8,9,7,diminutive form,7,5.0,0,marcy,1.4,4.6,0.458,marcy (0.0); marci (0.0); marshy (0.024); more sci (0.04),preliminary trademark / naming review required; personal name,G7_accent_casual_variant,7.24,7.2,fail,text collision gates failed: G7_accent_casual_variant
360,generated,REJECTED (mechanical),okay compass,okay compass,OW2 K EY1 K AH1 M P AH0 S,4,2-1-1-0,word_name,prefix-required,compass,NEW ASSISTANT IDENTITY - would replace or sit beside ARIA; Michael's decision,0,written form reads as intended,7,9,0.0,contains 'ass',6,1.1,0,,1.4,5.4,0.543,university campus (0.1944); to campus (0.2); a compass (0.2062); the compass (0.2062),preliminary trademark / naming review required,,7.98,7.2,fail,dignity: contains 'ass'
361,mechanical pass,below top-250 cut,okay companion,okay companion,OW2 K EY1 K AH0 M P AE1 N Y AH0 N,5,2-1-0-1-0,role,prefix-required,companion,no new identity (functional),0,written form reads as intended,8,7,7,,3,3.1,0,,3.2,5.9,0.59,my companion (0.1455); a companion (0.15); her companion (0.1655); his companion (0.1808),preliminary trademark / naming review required; common word: weak distinctiveness,,7.52,7.195,fail,mechanical score 7.52 below the 250th survivor
362,mechanical pass,below top-250 cut,okay willow,okay willow,OW2 K EY1 W IH1 L OW2,4,2-1-1-2,word_name,prefix-required,willow,NEW ASSISTANT IDENTITY - would replace or sit beside ARIA; Michael's decision,0,written form reads as intended,9,9,7,,6,5.5,0,,1.6,4.7,0.467,okay we'll (0.025); ok where (0.1); ok with (0.1367); okay with (0.1367),preliminary trademark / naming review required,,7.32,7.195,fail,mechanical score 7.32 below the 250th survivor
363,generated,REJECTED (mechanical),hey deanna,hey deanna,HH EY1 D IY2 AE1 N AH0,4,1-2-1-0,given_name,prefix-required,deanna,NEW ASSISTANT IDENTITY - would replace or sit beside ARIA; Michael's decision,0,written form reads as intended,10.0,9,8,,7,5.0,0,deanna,5.5,4.6,0.461,deanna (0.0); deana (0.0); lady in a (0.0667); canadian embassy (0.1),preliminary trademark / naming review required; personal name,G3_embedded_or_contains; G7_accent_casual_variant,6.82,7.19,fail,"text collision gates failed: G3_embedded_or_contains, G7_accent_casual_variant"
364,mechanical pass,below top-250 cut,hey meadow,hey meadow,HH EY1 M EH1 D OW2,3,1-1-2,word_name,prefix-required,meadow,NEW ASSISTANT IDENTITY - would replace or sit beside ARIA; Michael's decision,0,written form reads as intended,10.0,9,7,,6,5.0,0,,3.7,4.4,0.439,meadow (0.0); a meadow (0.12); aux meadows (0.12); the meadow (0.13),preliminary trademark / naming review required,,7.14,7.19,fail,mechanical score 7.14 below the 250th survivor
365,generated,REJECTED (mechanical),hey vemeva,hey vemeva,HH EY1 V EH0 M EH1 V AH0,4,1-0-1-0,constructed,prefix-required,vemeva,NEW ASSISTANT IDENTITY - would replace or sit beside ARIA; Michael's decision,3,vowels may be read differently (HH EY1 V EY0 M EY1 V AH0),10.0,7,4,invented word looks less name-like than 96% of real first names,8,2.5,0,,4.3,5.1,0.509,haven of (0.1286); believe in evolution (0.1357); behaving as (0.1738); have imagined (0.1812),preliminary trademark / naming review required; invented word: clearance search needed,G3_embedded_or_contains,7.66,7.185,fail,text collision gates failed: G3_embedded_or_contains
366,mechanical pass,below top-250 cut,hey elia,hey elia,HH EY1 AH0 L AY1 AH0,4,1-0-1-0,given_name,prefix-required,elia,NEW ASSISTANT IDENTITY - would replace or sit beside ARIA; Michael's decision,0,written form reads as intended,10.0,9,8,,7,5.0,3,"zelaya 0.00422%, elia",2.3,4.4,0.443,elia (0.0); allow a (0.0375); stay alive (0.12); to stay alive (0.12),preliminary trademark / naming review required; personal name,G4_domain_names_commands,6.82,7.18,fail,mechanical score 6.82 below the 250th survivor
367,mechanical pass,below top-250 cut,hey grover,hey grover,HH EY1 G R OW1 V ER0,3,1-1-0,given_name,prefix-required,grover,NEW ASSISTANT IDENTITY - would replace or sit beside ARIA; Michael's decision,0,written form reads as intended,9,9,8,,7,5.0,0,grover,4.1,4.6,0.458,rover (0.0); he grows (0.115); he drove (0.1333); robotic rovers (0.1333),preliminary trademark / naming review required; personal name,,6.9,7.18,fail,mechanical score 6.9 below the 250th survivor
368,generated,REJECTED (mechanical),hey nanette,hey nanette,HH EY1 N AH0 N EH1 T,3,1-0-1,given_name,prefix-required,nanette,NEW ASSISTANT IDENTITY - would replace or sit beside ARIA; Michael's decision,0,written form reads as intended,10.0,9,8,,7,6.0,0,nanette,3.6,4.6,0.458,nanette (0.0); none at (0.04); canaanite (0.125); nine at (0.13),preliminary trademark / naming review required; personal name,G7_accent_casual_variant,7.0,7.18,fail,text collision gates failed: G7_accent_casual_variant
369,generated,REJECTED (mechanical),fovida,fovida,F OW0 V IY1 D AH0,3,0-1-0,constructed,bare,fovida,NEW ASSISTANT IDENTITY - would replace or sit beside ARIA; Michael's decision,0,written form reads as intended,10.0,7,5,invented word looks less name-like than 87% of real first names,8,2.8,0,,3.3,3.1,0.312,feed a (0.1125); veda (0.1125); vena (0.1375); vina (0.1375),preliminary trademark / naming review required; invented word: clearance search needed,G7_accent_casual_variant,7.4,7.175,fail,text collision gates failed: G7_accent_casual_variant
370,qualified (top 250),REJECTED (human suitability),hey damota,hey damota,HH EY1 D AH0 M OW1 T AH0,4,1-0-1-0,constructed,prefix-required,damota,NEW ASSISTANT IDENTITY - would replace or sit beside ARIA; Michael's decision,3,vowels may be read differently (HH EY1 D AA0 M OW1 T AH0),10.0,7,5,invented word looks less name-like than 85% of real first names,8,3.3,0,,3.8,5.1,0.51,had a motive (0.1313); had a motorcycle (0.1437); made a model (0.1571); dakota (0.1667),preliminary trademark / naming review required; invented word: clearance search needed,,7.6,7.175,fail,dignity naturalness 5 < 7
371,generated,REJECTED (mechanical),hey rolena,hey rolena,HH EY1 R OW0 L EH1 N AH0,4,1-0-1-0,constructed,prefix-required,rolena,NEW ASSISTANT IDENTITY - would replace or sit beside ARIA; Michael's decision,3,vowels may be read differently (HH EY1 R OW0 L IY1 N AH0),10.0,7,7,,8,5.3,0,,1.5,4.9,0.487,role in a (0.0333); rolling a (0.0917); role in (0.1333); roll in (0.1333),preliminary trademark / naming review required; invented word: clearance search needed,G7_accent_casual_variant,7.62,7.175,fail,text collision gates failed: G7_accent_casual_variant
372,generated,REJECTED (mechanical),hey good helper,hey good helper,HH EY1 G UH1 D HH EH1 L P ER0,4,1-1-1-0,role,prefix-required,good helper,no new identity (functional),0,written form reads as intended,9,7,7,,3,3.0,0,,4.4,5.4,0.539,he could help (0.1); good help (0.125); she could help (0.1389); they could help (0.1389),preliminary trademark / naming review required,G2_near_high_frequency; G6_clipped_boundary; G7_accent_casual_variant,7.4,7.17,fail,"text collision gates failed: G2_near_high_frequency, G6_clipped_boundary, G7_accent_casual_variant"
373,generated,REJECTED (mechanical),hey kali,hey kali,HH EY1 K AA1 L IY2,3,1-1-2,given_name,prefix-required,kali,NEW ASSISTANT IDENTITY - would replace or sit beside ARIA; Michael's decision,0,written form reads as intended,10.0,9,8,,7,5.0,0,kali,5.4,4.4,0.439,cali (0.0); kali (0.0); collie (0.0); colley (0.0),preliminary trademark / naming review required; personal name,G4_domain_names_commands,6.8,7.17,fail,text collision gates failed: G4_domain_names_commands
374,generated,REJECTED (mechanical),hey lucile,hey lucile,HH EY1 L UW0 S IY1 L,3,1-0-1,given_name,prefix-required,lucile,NEW ASSISTANT IDENTITY - would replace or sit beside ARIA; Michael's decision,0,written form reads as intended,9,9,8,,7,5.0,0,lucile,4.2,4.6,0.458,lucille (0.0); lucile (0.0); lucy's (0.14); roussel (0.14),preliminary trademark / naming review required; personal name,G2_near_high_frequency,6.88,7.17,fail,text collision gates failed: G2_near_high_frequency
375,mechanical pass,below top-250 cut,hey niki,hey niki,HH EY1 N IH1 K IY0,3,1-1-0,given_name,prefix-required,niki,NEW ASSISTANT IDENTITY - would replace or sit beside ARIA; Michael's decision,0,written form reads as intended,10.0,9,8,,7,5.0,3,"honeycutt 0.00562%, vasiliki 0.001%, niki",2.4,4.4,0.439,nikki (0.0); nicky (0.0); nicki (0.0); niki (0.0),preliminary trademark / naming review required; personal name,G4_domain_names_commands,6.8,7.17,fail,mechanical score 6.8 below the 250th survivor
376,generated,REJECTED (mechanical),hey coral,hey coral,HH EY1 K AO1 R AH0 L,3,1-1-0,word_name,prefix-required,coral,NEW ASSISTANT IDENTITY - would replace or sit beside ARIA; Michael's decision,0,written form reads as intended,10.0,9,7,,6,6.0,0,,2.3,4.6,0.458,coral (0.0); choral (0.0); carle (0.04); corel (0.06),preliminary trademark / naming review required,G6_clipped_boundary; G7_accent_casual_variant,7.26,7.16,fail,"text collision gates failed: G6_clipped_boundary, G7_accent_casual_variant"
377,generated,REJECTED (mechanical),hey felice,hey felice,HH EY1 F AH0 L IY1 S,3,1-0-1,given_name,prefix-required,felice,NEW ASSISTANT IDENTITY - would replace or sit beside ARIA; Michael's decision,0,written form reads as intended,9,9,8,,7,5.0,0,felice,4.3,4.6,0.458,felice (0.0); syphilis (0.0833); felis (0.09); pay the lease (0.095),preliminary trademark / naming review required; personal name,G7_accent_casual_variant,6.86,7.16,fail,text collision gates failed: G7_accent_casual_variant
378,generated,REJECTED (mechanical),hey sibyl,hey sibyl,HH EY1 S IH1 B AH0 L,3,1-1-0,given_name,prefix-required,sibyl,NEW ASSISTANT IDENTITY - would replace or sit beside ARIA; Michael's decision,0,written form reads as intended,9,9,8,,7,5.0,0,sibyl,4.3,4.6,0.458,sibyl (0.0); siebel (0.03); sable (0.07); sigel (0.07),preliminary trademark / naming review required; personal name,G3_embedded_or_contains; G7_accent_casual_variant,6.86,7.16,fail,"text collision gates failed: G3_embedded_or_contains, G7_accent_casual_variant"
379,generated,REJECTED (mechanical),thomasina,thomasina,TH OW0 M AA0 S IY1 N AH0,4,0-0-1-0,given_name,bare,thomasina,NEW ASSISTANT IDENTITY - would replace or sit beside ARIA; Michael's decision,2,written form reads as intended; 2 dictionary pronunciations,9,8,8,,7,3.5,3,"thomasine 0.002%, thomasena 0.001%, thomasina 0.003%",0.5,3.4,0.343,thomasine (0.075); machine a (0.0867); thomasena (0.1025); the machine off (0.1213),preliminary trademark / naming review required; personal name,G4_domain_names_commands; G7_accent_casual_variant,7.08,7.16,fail,text collision gates failed: G7_accent_casual_variant
380,mechanical pass,below top-250 cut,hey falena,hey falena,HH EY1 F AH0 L EH1 N AH0,4,1-0-1-0,constructed,prefix-required,falena,NEW ASSISTANT IDENTITY - would replace or sit beside ARIA; Michael's decision,3,vowels may be read differently (HH EY1 F AH0 L IY1 N AH0),10.0,7,7,,8,3.3,3,heflin 0.0025800000000000003%,2.9,5.0,0.499,fell in a (0.0833); selena (0.09); selina (0.09); salina (0.09),preliminary trademark / naming review required; invented word: clearance search needed,G4_domain_names_commands,7.16,7.15,fail,mechanical score 7.16 below the 250th survivor
381,generated,REJECTED (mechanical),hey heidi,hey heidi,HH EY1 HH AY1 D IY0,3,1-1-0,given_name,prefix-required,heidi,NEW ASSISTANT IDENTITY - would replace or sit beside ARIA; Michael's decision,0,written form reads as intended,10.0,9,8,,7,5.0,0,heidi,5.6,4.4,0.439,heidi (0.0); howdy (0.0375); he hide (0.09); he hiding (0.1),preliminary trademark / naming review required; personal name,G3_embedded_or_contains,6.76,7.15,fail,text collision gates failed: G3_embedded_or_contains
382,generated,REJECTED (mechanical),hey scarlett,hey scarlett,HH EY1 S K AA1 R L IH0 T,3,1-1-0,given_name,prefix-required,scarlett,NEW ASSISTANT IDENTITY - would replace or sit beside ARIA; Michael's decision,0,written form reads as intended,8,9,8,,7,2.5,3,"scarlett 0.004%, scarlett",5.8,5.2,0.523,scarlett (0.125); the starlit (0.125); garlic (0.1333); garlick (0.1333),preliminary trademark / naming review required; personal name,G2_near_high_frequency; G3_embedded_or_contains; G4_domain_names_commands,6.38,7.15,fail,"text collision gates failed: G2_near_high_frequency, G3_embedded_or_contains"
383,generated,REJECTED (mechanical),okay dawn,okay dawn,OW2 K EY1 D AO1 N,3,2-1-1,word_name,prefix-required,dawn,NEW ASSISTANT IDENTITY - would replace or sit beside ARIA; Michael's decision,0,written form reads as intended,9,9,7,,3,3.5,0,,4.4,4.6,0.457,ok don't (0.075); ok don't worry (0.075); it's ok don't (0.075); kaden (0.08),preliminary trademark / naming review required; common word: weak distinctiveness,G3_embedded_or_contains,7.14,7.15,fail,text collision gates failed: G3_embedded_or_contains
384,qualified (top 250),REJECTED (human suitability),hey savura,hey savura,HH EY1 S AH0 V UW1 R AH0,4,1-0-1-0,constructed,prefix-required,savura,NEW ASSISTANT IDENTITY - would replace or sit beside ARIA; Michael's decision,3,vowels may be read differently (HH EY1 S AA0 V UH1 R AH0),9,7,4,invented word looks less name-like than 95% of real first names,8,3.0,0,,2.2,5.1,0.514,glass of orange (0.15); faces are (0.1843); place of residence (0.1857); play several (0.1857),preliminary trademark / naming review required; invented word: clearance search needed,,7.78,7.145,fail,dignity naturalness 4 < 7
385,mechanical pass,below top-250 cut,hey helene,hey helene,HH EY1 HH AH0 L IY1 N,3,1-0-1,given_name,prefix-required,helene,NEW ASSISTANT IDENTITY - would replace or sit beside ARIA; Michael's decision,0,written form reads as intended,10.0,9,8,,7,5.0,3,"ethelene 0.002%, kathaleen 0.002%, katheleen 0.001%, helene",3.0,4.6,0.458,helene (0.0); saline (0.07); celine (0.07); selene (0.07),preliminary trademark / naming review required; personal name,G4_domain_names_commands,6.72,7.14,fail,mechanical score 6.72 below the 250th survivor
386,generated,REJECTED (mechanical),hey navoda,hey navoda,HH EY1 N AH0 V OW1 D AH0,4,1-0-1-0,constructed,prefix-required,navoda,NEW ASSISTANT IDENTITY - would replace or sit beside ARIA; Michael's decision,3,vowels may be read differently (HH EY1 N AA0 V OW1 D AH0),10.0,7,4,invented word looks less name-like than 99% of real first names,8,3.8,0,,2.0,5.0,0.504,nevada (0.1083); is unavoidable (0.1214); was unavoidable (0.1214); an unavoidable (0.1214),preliminary trademark / naming review required; invented word: clearance search needed,G6_clipped_boundary; G7_accent_casual_variant,7.84,7.14,fail,"text collision gates failed: G6_clipped_boundary, G7_accent_casual_variant"
387,mechanical pass,below top-250 cut,hey cordelia,hey cordelia,HH EY1 K AO2 R D IY1 L IY2 AH0,5,1-2-1-2-0,word_name,prefix-required,cordelia,NEW ASSISTANT IDENTITY - would replace or sit beside ARIA; Michael's decision,0,written form reads as intended,9,9,7,,6,5.0,3,cordelia 0.005%,1.0,5.2,0.519,cordelia (0.0); cornelia (0.1313); cordially (0.2087); make algeria (0.2133),preliminary trademark / naming review required,G4_domain_names_commands,7.04,7.13,fail,mechanical score 7.04 below the 250th survivor
388,generated,REJECTED (mechanical),hey leonard,hey leonard,HH EY1 L EH1 N ER0 D,3,1-1-0,given_name,prefix-required,leonard,NEW ASSISTANT IDENTITY - would replace or sit beside ARIA; Michael's decision,0,written form reads as intended,10.0,9,8,,7,6.0,0,leonard,4.1,4.6,0.458,leonard (0.0); lennard (0.0); lenard (0.0); reynard (0.15),preliminary trademark / naming review required; personal name,G6_clipped_boundary; G7_accent_casual_variant,6.9,7.13,fail,"text collision gates failed: G6_clipped_boundary, G7_accent_casual_variant"
389,mechanical pass,below top-250 cut,hey verity,hey verity,HH EY1 V EH1 R AH0 T IY0,4,1-1-0-0,word_name,prefix-required,verity,NEW ASSISTANT IDENTITY - would replace or sit beside ARIA; Michael's decision,2,written form reads as intended; 2 dictionary pronunciations,10.0,9,7,,6,5.0,0,,3.9,4.8,0.479,verity (0.0); geraghty (0.1167); severity (0.1214); the severity of (0.1214),preliminary trademark / naming review required,,7.18,7.13,fail,mechanical score 7.18 below the 250th survivor
390,generated,REJECTED (mechanical),hey datora,hey datora,HH EY1 D AH0 T AO1 R AH0,4,1-0-1-0,constructed,prefix-required,datora,NEW ASSISTANT IDENTITY - would replace or sit beside ARIA; Michael's decision,0,written form reads as intended,10.0,7,5,invented word looks less name-like than 81% of real first names,8,3.7,0,,4.7,4.9,0.495,datura (0.0667); the editorial (0.1357); the torah (0.1367); did a terrible (0.15),preliminary trademark / naming review required; invented word: clearance search needed,G3_embedded_or_contains,7.3,7.125,fail,text collision gates failed: G3_embedded_or_contains
391,mechanical pass,below top-250 cut,hey cascade,hey cascade,HH EY1 K AE0 S K EY1 D,3,1-0-1,word_name,prefix-required,cascade,NEW ASSISTANT IDENTITY - would replace or sit beside ARIA; Michael's decision,0,written form reads as intended,8,9,7,,6,5.0,0,,2.0,4.8,0.476,cascade (0.0); the cascade (0.0929); cascades (0.1429); cascading (0.1429),preliminary trademark / naming review required,,7.16,7.12,fail,mechanical score 7.16 below the 250th survivor
392,generated,REJECTED (mechanical),hey debra,hey debra,HH EY1 D EH1 B R AH0,3,1-1-0,given_name,prefix-required,debra,NEW ASSISTANT IDENTITY - would replace or sit beside ARIA; Michael's decision,0,written form reads as intended,9,9,8,,7,5.0,0,debra,4.7,4.6,0.458,deborah (0.0); debra (0.0); debora (0.0); had a brother (0.1214),preliminary trademark / naming review required; personal name,G3_embedded_or_contains,6.78,7.12,fail,text collision gates failed: G3_embedded_or_contains
393,generated,REJECTED (mechanical),hey lonnie,hey lonnie,HH EY1 L AO1 N IY0,3,1-1-0,given_name,prefix-required,lonnie,NEW ASSISTANT IDENTITY - would replace or sit beside ARIA; Michael's decision,0,written form reads as intended,10.0,9,7,diminutive form,7,5.0,0,lonnie,4.9,4.4,0.439,lonnie (0.0); lonny (0.0); lani (0.05); loni (0.05),preliminary trademark / naming review required; personal name,G3_embedded_or_contains,6.9,7.12,fail,text collision gates failed: G3_embedded_or_contains
394,generated,REJECTED (mechanical),okay serena,okay serena,OW2 K EY1 S AH0 R IY1 N AH0,5,2-1-0-1-0,word_name,prefix-required,serena,NEW ASSISTANT IDENTITY - would replace or sit beside ARIA; Michael's decision,0,written form reads as intended,8,9,7,,6,2.5,3,katharina 0.002%,4.8,5.3,0.529,katharina (0.1213); kiss rima (0.1562); located in a (0.1722); vacation in a (0.1744),preliminary trademark / naming review required,G3_embedded_or_contains; G4_domain_names_commands,6.6,7.115,fail,text collision gates failed: G3_embedded_or_contains
395,mechanical pass,below top-250 cut,hey cedar,hey cedar,HH EY1 S IY1 D ER0,3,1-1-0,word_name,prefix-required,cedar,NEW ASSISTANT IDENTITY - would replace or sit beside ARIA; Michael's decision,0,written form reads as intended,9,9,7,,6,5.0,0,,3.0,4.4,0.439,cedar (0.0); feeder (0.06); seeger (0.0875); seager (0.0875),preliminary trademark / naming review required,,7.08,7.11,fail,mechanical score 7.08 below the 250th survivor
396,generated,REJECTED (mechanical),hey joseph,hey joseph,HH EY1 JH OW1 S AH0 F,3,1-1-0,given_name,prefix-required,joseph,NEW ASSISTANT IDENTITY - would replace or sit beside ARIA; Michael's decision,2,written form reads as intended; 2 dictionary pronunciations,8,9,8,,7,6.0,0,joseph,0.3,4.6,0.458,joseph (0.0); josef (0.0); jozef (0.09); to joseph (0.1583),preliminary trademark / naming review required; personal name,G6_clipped_boundary; G7_accent_casual_variant,7.26,7.11,fail,"text collision gates failed: G6_clipped_boundary, G7_accent_casual_variant"
397,generated,REJECTED (mechanical),hey tania,hey tania,HH EY1 T AA1 N Y AH0,3,1-1-0,given_name,prefix-required,tania,NEW ASSISTANT IDENTITY - would replace or sit beside ARIA; Michael's decision,0,written form reads as intended,9,9,8,,7,5.0,0,tania,4.8,4.6,0.458,tanya (0.0); tania (0.0); tonya (0.0); titania (0.1083),preliminary trademark / naming review required; personal name,G2_near_high_frequency; G7_accent_casual_variant,6.76,7.11,fail,"text collision gates failed: G2_near_high_frequency, G7_accent_casual_variant"
398,qualified (top 250),REJECTED (human suitability),hey baruda,hey baruda,HH EY1 B AH0 R UW1 D AH0,4,1-0-1-0,constructed,prefix-required,baruda,NEW ASSISTANT IDENTITY - would replace or sit beside ARIA; Michael's decision,3,vowels may be read differently (HH EY1 B AA0 R UW1 D AH0),10.0,7,4,invented word looks less name-like than 95% of real first names,8,3.8,0,,2.2,4.9,0.493,garuda (0.0583); brewed a (0.1); buried a (0.1333); neruda (0.15),preliminary trademark / naming review required; invented word: clearance search needed,,7.78,7.105,fail,dignity naturalness 4 < 7
399,mechanical pass,below top-250 cut,hey letena,hey letena,HH EY1 L EH0 T EH1 N AH0,4,1-0-1-0,constructed,prefix-required,letena,NEW ASSISTANT IDENTITY - would replace or sit beside ARIA; Michael's decision,3,vowels may be read differently (HH EY1 L EY0 T EY1 N AH0),10.0,7,6,invented word looks less name-like than 65% of real first names,8,4.3,0,,3.2,4.9,0.487,let in a (0.0333); let anna (0.0333); letting a (0.0917); latina (0.1),preliminary trademark / naming review required; invented word: clearance search needed,,7.48,7.105,fail,mechanical score 7.48 below the 250th survivor
400,generated,REJECTED (mechanical),hey metina,hey metina,HH EY1 M EH0 T IY1 N AH0,4,1-0-1-0,constructed,prefix-required,metina,NEW ASSISTANT IDENTITY - would replace or sit beside ARIA; Michael's decision,0,written form reads as intended,10.0,7,7,,8,5.5,0,,3.3,4.9,0.485,met in a (0.025); meet in a (0.075); met anna (0.0833); he met in (0.0857),preliminary trademark / naming review required; invented word: clearance search needed,G7_accent_casual_variant,7.22,7.105,fail,text collision gates failed: G7_accent_casual_variant
401,mechanical pass,below top-250 cut,hey marco,hey marco,HH EY1 M AA1 R K OW0,3,1-1-0,given_name,prefix-required,marco,NEW ASSISTANT IDENTITY - would replace or sit beside ARIA; Michael's decision,0,written form reads as intended,9,9,8,,7,5.0,3,"demarco 0.0049900000000000005%, marco",1.9,4.6,0.458,marco (0.0); marko (0.0); demarco (0.0583); narco (0.06),preliminary trademark / naming review required; personal name,G4_domain_names_commands,6.74,7.1,fail,mechanical score 6.74 below the 250th survivor
402,mechanical pass,below top-250 cut,hey toby,hey toby,HH EY1 T OW1 B IY0,3,1-1-0,given_name,prefix-required,toby,NEW ASSISTANT IDENTITY - would replace or sit beside ARIA; Michael's decision,0,written form reads as intended,10.0,9,7,diminutive form,7,5.0,0,toby,5.1,4.4,0.439,toby (0.0); tobey (0.0); coby (0.0875); koby (0.0875),preliminary trademark / naming review required; personal name,,6.86,7.1,fail,mechanical score 6.86 below the 250th survivor
403,generated,REJECTED (mechanical),hey betava,hey betava,HH EY1 B EH0 T AA1 V AH0,4,1-0-1-0,constructed,prefix-required,betava,NEW ASSISTANT IDENTITY - would replace or sit beside ARIA; Michael's decision,3,vowels may be read differently (HH EY1 B EY0 T AA1 V AH0),10.0,7,5,invented word looks less name-like than 84% of real first names,8,4.0,0,,3.1,5.0,0.503,bit of a (0.1); maybe tom and (0.16); bet on the (0.1714); habit of (0.1786),preliminary trademark / naming review required; invented word: clearance search needed,G6_clipped_boundary; G7_accent_casual_variant,7.58,7.09,fail,"text collision gates failed: G6_clipped_boundary, G7_accent_casual_variant"
404,mechanical pass,below top-250 cut,hey nada,hey nada,HH EY1 N AA1 D AA0,3,1-1-0,given_name,prefix-required,nada,NEW ASSISTANT IDENTITY - would replace or sit beside ARIA; Michael's decision,0,written form reads as intended,10.0,9,8,,7,5.0,3,"lashawnda 0.001%, nada",3.2,4.4,0.439,nada (0.0); may not always (0.13); she nodded (0.1333); she nodded her (0.1333),preliminary trademark / naming review required; personal name,G4_domain_names_commands,6.64,7.09,fail,mechanical score 6.64 below the 250th survivor
405,mechanical pass,below top-250 cut,hey sapphire,hey sapphire,HH EY1 S AE1 F AY0 ER0,4,1-1-0-0,word_name,prefix-required,sapphire,NEW ASSISTANT IDENTITY - would replace or sit beside ARIA; Michael's decision,0,written form reads as intended,9,9,7,,6,5.0,0,,3.5,4.6,0.461,sapphire (0.0); half hour (0.1); half our (0.1); pacifier (0.1417),preliminary trademark / naming review required,,7.02,7.09,fail,mechanical score 7.02 below the 250th survivor
406,mechanical pass,below top-250 cut,hey trinity,hey trinity,HH EY1 T R IH1 N AH0 T IY0,4,1-1-0-0,word_name,prefix-required,trinity,NEW ASSISTANT IDENTITY - would replace or sit beside ARIA; Michael's decision,2,written form reads as intended; 2 dictionary pronunciations,9,9,7,,6,3.3,3,trinity 0.002%,3.8,5.2,0.517,the trinity (0.0813); trinity (0.125); trinity is (0.125); rarity (0.15),preliminary trademark / naming review required,G4_domain_names_commands,6.82,7.09,fail,mechanical score 6.82 below the 250th survivor
407,generated,REJECTED (mechanical),hey tyler,hey tyler,HH EY1 T AY1 L ER0,3,1-1-0,given_name,prefix-required,tyler,NEW ASSISTANT IDENTITY - would replace or sit beside ARIA; Michael's decision,0,written form reads as intended,10.0,9,8,,7,6.0,0,tyler,4.2,4.4,0.439,tyler (0.0); pilar (0.0875); kyler (0.0875); way taller (0.13),preliminary trademark / naming review required; personal name,G2_near_high_frequency; G6_clipped_boundary; G7_accent_casual_variant,6.84,7.09,fail,"text collision gates failed: G2_near_high_frequency, G6_clipped_boundary, G7_accent_casual_variant"
408,generated,REJECTED (mechanical),hey cadesa,hey cadesa,HH EY1 K AH0 D EH1 S AH0,4,1-0-1-0,constructed,prefix-required,cadesa,NEW ASSISTANT IDENTITY - would replace or sit beside ARIA; Michael's decision,0,written form reads as intended,9,7,5,invented word looks less name-like than 86% of real first names,8,3.2,0,,4.8,5.0,0.501,hated us (0.0929); naked as a (0.0929); hated each other (0.14); hated islam (0.1437),preliminary trademark / naming review required; invented word: clearance search needed,G3_embedded_or_contains,7.2,7.08,fail,text collision gates failed: G3_embedded_or_contains
409,generated,REJECTED (mechanical),hey johnnie,hey johnnie,HH EY1 JH AA1 N IY0,3,1-1-0,given_name,prefix-required,johnnie,NEW ASSISTANT IDENTITY - would replace or sit beside ARIA; Michael's decision,0,written form reads as intended,9,9,7,diminutive form,7,6.0,0,johnnie,1.8,4.4,0.439,johnny (0.0); johnnie (0.0); gianni (0.0); johny (0.0),preliminary trademark / naming review required; personal name,G6_clipped_boundary; G7_accent_casual_variant,7.12,7.08,fail,"text collision gates failed: G6_clipped_boundary, G7_accent_casual_variant"
410,generated,REJECTED (mechanical),hey kimber,hey kimber,HH EY1 K IH1 M B ER0,3,1-1-0,given_name,prefix-required,kimber,NEW ASSISTANT IDENTITY - would replace or sit beside ARIA; Michael's decision,0,written form reads as intended,9,9,8,,7,6.0,0,kimber,3.1,4.6,0.458,kimber (0.0); timber (0.07); timbre (0.07); camber (0.08),preliminary trademark / naming review required; personal name,G3_embedded_or_contains; G6_clipped_boundary; G7_accent_casual_variant,6.9,7.08,fail,"text collision gates failed: G3_embedded_or_contains, G6_clipped_boundary, G7_accent_casual_variant"
411,generated,REJECTED (mechanical),hey mirna,hey mirna,HH EY1 M ER1 N AH0,3,1-1-0,given_name,prefix-required,mirna,NEW ASSISTANT IDENTITY - would replace or sit beside ARIA; Michael's decision,0,written form reads as intended,10.0,9,8,,7,5.0,0,mirna,6.3,4.4,0.439,mirna (0.0); myrna (0.0); heyman (0.12); hayman (0.12),preliminary trademark / naming review required; personal name,G3_embedded_or_contains; G4_domain_names_commands,6.62,7.08,fail,"text collision gates failed: G3_embedded_or_contains, G4_domain_names_commands"
412,generated,REJECTED (mechanical),hey oscar,hey oscar,HH EY1 AO1 S K ER0,3,1-1-0,given_name,prefix-required,oscar,NEW ASSISTANT IDENTITY - would replace or sit beside ARIA; Michael's decision,0,written form reads as intended,8,9,8,,7,6.0,0,oscar,1.3,4.4,0.439,oscar (0.0); oskar (0.0); auster (0.0875); asker (0.125),preliminary trademark / naming review required; personal name,G6_clipped_boundary; G7_accent_casual_variant,7.02,7.08,fail,"text collision gates failed: G6_clipped_boundary, G7_accent_casual_variant"
413,mechanical pass,below top-250 cut,hey padeta,hey padeta,HH EY1 P AH0 D EH1 T AH0,4,1-0-1-0,constructed,prefix-required,padeta,NEW ASSISTANT IDENTITY - would replace or sit beside ARIA; Michael's decision,3,vowels may be read differently (HH EY1 P AH0 D EY1 T AH0),10.0,7,5,invented word looks less name-like than 89% of real first names,8,3.5,0,,4.2,5.0,0.498,hated it (0.0786); panetta (0.0917); hated each other (0.14); perdita (0.15),preliminary trademark / naming review required; invented word: clearance search needed,,7.46,7.08,fail,mechanical score 7.46 below the 250th survivor
414,qualified (top 250),REJECTED (human suitability),hey modesa,hey modesa,HH EY1 M OW0 D EH1 S AH0,4,1-0-1-0,constructed,prefix-required,modesa,NEW ASSISTANT IDENTITY - would replace or sit beside ARIA; Michael's decision,7,spelling suggests a different pronunciation (HH EY1 M OW0 D EY1 Z AH0),9,6,4,invented word looks less name-like than 82% of real first names; spelling does not show how to say it,8,2.0,0,,1.9,5.1,0.514,modus (0.15); made us a (0.15); odessa (0.1667); modena (0.1667),preliminary trademark / naming review required; invented word: clearance search needed,,8.04,7.075,fail,dignity naturalness 4 < 7; pronunciation ambiguity 7 > 4
415,mechanical pass,below top-250 cut,hey magnolia,hey magnolia,HH EY1 M AE0 G N OW1 L Y AH0,4,1-0-1-0,word_name,prefix-required,magnolia,NEW ASSISTANT IDENTITY - would replace or sit beside ARIA; Michael's decision,0,written form reads as intended,9,9,7,,6,5.0,3,magnolia 0.004%,1.6,5.2,0.516,magnolia (0.0); magnolias (0.1111); mongolia (0.2438),preliminary trademark / naming review required,G4_domain_names_commands,6.92,7.07,fail,mechanical score 6.92 below the 250th survivor
416,generated,REJECTED (mechanical),hey blanca,hey blanca,HH EY1 B L AA1 NG K AH0,3,1-1-0,given_name,prefix-required,blanca,NEW ASSISTANT IDENTITY - would replace or sit beside ARIA; Michael's decision,0,written form reads as intended,9,9,8,,7,3.0,6,"blanca 0.041%, blanca",3.9,5.0,0.499,lanka (0.1); blanca (0.1429); my blanket (0.1571); a blanket (0.1643),preliminary trademark / naming review required; personal name,G3_embedded_or_contains; G4_domain_names_commands,6.22,7.06,fail,"text collision gates failed: G3_embedded_or_contains, G4_domain_names_commands"
417,generated,REJECTED (mechanical),hey mitchel,hey mitchel,HH EY1 M IH1 CH AH0 L,3,1-1-0,given_name,prefix-required,mitchel,NEW ASSISTANT IDENTITY - would replace or sit beside ARIA; Michael's decision,0,written form reads as intended,9,9,8,,7,6.0,0,mitchel,3.3,4.6,0.458,mitchell (0.0); michel (0.0); michal (0.0); mitchel (0.0),preliminary trademark / naming review required; personal name,G6_clipped_boundary; G7_accent_casual_variant,6.86,7.06,fail,"text collision gates failed: G6_clipped_boundary, G7_accent_casual_variant"
418,generated,REJECTED (mechanical),hey panila,hey panila,HH EY1 P AH0 N IY1 L AH0,4,1-0-1-0,constructed,prefix-required,panila,NEW ASSISTANT IDENTITY - would replace or sit beside ARIA; Michael's decision,3,vowels may be read differently (HH EY1 P AA0 N IY1 L AH0),10.0,7,5,invented word looks less name-like than 78% of real first names,8,3.0,0,,5.4,5.0,0.503,bonilla (0.1); padilla (0.1167); was taken ill (0.1571); hate and love (0.1688),preliminary trademark / naming review required; invented word: clearance search needed,G3_embedded_or_contains,7.32,7.06,fail,text collision gates failed: G3_embedded_or_contains
419,mechanical pass,below top-250 cut,hey geoffrey,hey geoffrey,HH EY1 JH EH1 F R IY0,3,1-1-0,given_name,prefix-required,geoffrey,NEW ASSISTANT IDENTITY - would replace or sit beside ARIA; Michael's decision,0,written form reads as intended,8,9,7,diminutive form,7,5.0,0,geoffrey,2.9,4.6,0.458,jeffrey (0.0); geoffrey (0.0); jeffry (0.0); jaffrey (0.04),preliminary trademark / naming review required; personal name,,6.94,7.05,fail,mechanical score 6.94 below the 250th survivor
420,generated,REJECTED (mechanical),hey laurene,hey laurene,HH EY1 L AO0 R IY1 N,3,1-0-1,given_name,prefix-required,laurene,NEW ASSISTANT IDENTITY - would replace or sit beside ARIA; Michael's decision,0,written form reads as intended,10.0,9,8,,7,4.4,3,"florene 0.003%, florinda 0.002%, florine 0.009%, florencia 0.002%, florencio 0.005%",5.1,4.6,0.465,lorin (0.03); loring (0.1); loran (0.1); layla ran (0.1167),preliminary trademark / naming review required; personal name,G2_near_high_frequency; G4_domain_names_commands,6.42,7.05,fail,text collision gates failed: G2_near_high_frequency
421,generated,REJECTED (mechanical),hey lura,hey lura,HH EY1 L UH1 R AH0,3,1-1-0,given_name,prefix-required,lura,NEW ASSISTANT IDENTITY - would replace or sit beside ARIA; Michael's decision,0,written form reads as intended,10.0,9,8,,7,4.0,6,"segura 0.01047%, lura",2.9,4.6,0.463,laura (0.1); lora (0.1); layla received (0.12); layla received a (0.12),preliminary trademark / naming review required; personal name,G4_domain_names_commands; G6_clipped_boundary,6.34,7.05,fail,"text collision gates failed: G4_domain_names_commands, G6_clipped_boundary"
422,generated,REJECTED (mechanical),hey neva,hey neva,HH EY1 N EY1 V AH0,3,1-1-0,given_name,prefix-required,neva,NEW ASSISTANT IDENTITY - would replace or sit beside ARIA; Michael's decision,0,written form reads as intended,10.0,9,8,,7,5.0,3,"senaida 0.001%, neva",3.6,4.4,0.439,neva (0.0); menezes (0.108); spain is a (0.118); ukraine is a (0.118),preliminary trademark / naming review required; personal name,G4_domain_names_commands; G7_accent_casual_variant,6.56,7.05,fail,text collision gates failed: G7_accent_casual_variant
423,generated,REJECTED (mechanical),hey fabian,hey fabian,HH EY1 F EY1 B IY0 AH0 N,4,1-1-0-0,given_name,prefix-required,fabian,NEW ASSISTANT IDENTITY - would replace or sit beside ARIA; Michael's decision,0,written form reads as intended,10.0,9,8,,7,5.0,6,"fabian 0.012%, fabian",1.3,4.8,0.479,fabian (0.0); kasabian (0.1271); chadian (0.175); homo sapiens (0.1843),preliminary trademark / naming review required; personal name,G4_domain_names_commands,6.5,7.04,fail,text collision gates failed: G4_domain_names_commands
424,mechanical pass,below top-250 cut,hey lantern,hey lantern,HH EY1 L AE1 N T ER0 N,3,1-1-0,word_name,prefix-required,lantern,NEW ASSISTANT IDENTITY - would replace or sit beside ARIA; Michael's decision,0,written form reads as intended,9,9,7,,6,5.0,0,,4.3,4.8,0.476,lantern (0.0); a lantern (0.0857); the lantern (0.0929); lanterns (0.1429),preliminary trademark / naming review required,,6.9,7.04,fail,mechanical score 6.9 below the 250th survivor
425,generated,REJECTED (mechanical),hey darena,hey darena,HH EY1 D AH0 R EH1 N AH0,4,1-0-1-0,constructed,prefix-required,darena,NEW ASSISTANT IDENTITY - would replace or sit beside ARIA; Michael's decision,7,spelling suggests a different pronunciation (HH EY1 D ER0 IY1 N AH0),10.0,6,6,spelling does not show how to say it,8,2.5,0,,4.8,5.1,0.507,had a run (0.1214); done in a (0.15); needle in a (0.15); hidden in a (0.1562),preliminary trademark / naming review required; invented word: clearance search needed,G7_accent_casual_variant,7.56,7.035,fail,text collision gates failed: G7_accent_casual_variant
426,generated,REJECTED (mechanical),hey dominique,hey dominique,HH EY1 D AO0 M IH0 N IY1 K,4,1-0-0-1,given_name,prefix-required,dominique,NEW ASSISTANT IDENTITY - would replace or sit beside ARIA; Michael's decision,0,written form reads as intended,10.0,9,8,,7,5.0,6,"dominique 0.016%, dominique",1.7,5.0,0.498,dominique (0.0); dominik (0.0786); dominic (0.1214); dominick (0.1214),preliminary trademark / naming review required; personal name,G4_domain_names_commands,6.46,7.03,fail,text collision gates failed: G4_domain_names_commands
427,mechanical pass,below top-250 cut,hey ferdinand,hey ferdinand,HH EY1 F ER1 D IH0 N AE2 N D,4,1-1-0-2,given_name,prefix-required,ferdinand,NEW ASSISTANT IDENTITY - would replace or sit beside ARIA; Michael's decision,2,written form reads as intended; 2 dictionary pronunciations,9,9,8,,7,5.0,3,"ferdinand 0.007%, ferdinand",2.5,5.2,0.516,ferdinand (0.0); virgin and (0.1525); our demand (0.1625); her demands (0.1833),preliminary trademark / naming review required; personal name,G4_domain_names_commands,6.74,7.03,fail,mechanical score 6.74 below the 250th survivor
428,generated,REJECTED (mechanical),hey heron,hey heron,HH EY1 HH EH1 R AH0 N,3,1-1-0,word_name,prefix-required,heron,NEW ASSISTANT IDENTITY - would replace or sit beside ARIA; Michael's decision,0,written form reads as intended,10.0,9,7,,6,5.0,0,,5.6,4.6,0.458,heron (0.0); herron (0.0); haren (0.0); herren (0.0),preliminary trademark / naming review required,G3_embedded_or_contains; G6_clipped_boundary; G7_accent_casual_variant,6.8,7.03,fail,"text collision gates failed: G3_embedded_or_contains, G6_clipped_boundary, G7_accent_casual_variant"
429,generated,REJECTED (mechanical),hey larissa,hey larissa,HH EY1 L AA0 R IY1 S AH0,4,1-0-1-0,given_name,prefix-required,larissa,NEW ASSISTANT IDENTITY - would replace or sit beside ARIA; Michael's decision,0,written form reads as intended,9,9,8,,7,5.0,3,"hilaria 0.002%, clarisa 0.001%, larisa 0.002%, larissa 0.006%, larissa",2.9,4.8,0.479,larissa (0.0); layla reached (0.1529); carissa (0.1667); was hilarious (0.1688),preliminary trademark / naming review required; personal name,G4_domain_names_commands; G7_accent_casual_variant,6.58,7.03,fail,text collision gates failed: G7_accent_casual_variant
430,generated,REJECTED (mechanical),hey tami,hey tami,HH EY1 T AE1 M IY0,3,1-1-0,given_name,prefix-required,tami,NEW ASSISTANT IDENTITY - would replace or sit beside ARIA; Michael's decision,0,written form reads as intended,10.0,9,8,,7,5.0,0,tami,6.8,4.4,0.439,tammy (0.0); tami (0.0); tammie (0.0); tummy (0.075),preliminary trademark / naming review required; personal name,G2_near_high_frequency,6.52,7.03,fail,text collision gates failed: G2_near_high_frequency
431,generated,REJECTED (mechanical),hey aletha,hey aletha,HH EY1 AH0 L IY1 TH AH0,4,1-0-1-0,given_name,prefix-required,aletha,NEW ASSISTANT IDENTITY - would replace or sit beside ARIA; Michael's decision,0,written form reads as intended,10.0,9,8,,7,4.5,6,"felicia 0.068%, phylicia 0.001%, aletha",2.3,4.7,0.467,elisa (0.024); alisa (0.024); alyssa (0.054); alissa (0.054),preliminary trademark / naming review required; personal name,G4_domain_names_commands,6.38,7.025,fail,text collision gates failed: G4_domain_names_commands
432,mechanical pass,below top-250 cut,hey kayla,hey kayla,HH EY1 K EY1 L AH0,3,1-1-0,given_name,prefix-required,kayla,NEW ASSISTANT IDENTITY - would replace or sit beside ARIA; Michael's decision,0,written form reads as intended,10.0,9,8,,7,5.0,3,"micaela 0.005%, mikaela 0.001%, kayla",3.9,4.4,0.439,kayla (0.0); k le (0.0); michela (0.07); kill a (0.0875),preliminary trademark / naming review required; personal name,G4_domain_names_commands,6.5,7.02,fail,mechanical score 6.5 below the 250th survivor
433,generated,REJECTED (mechanical),hey madelyn,hey madelyn,HH EY1 M AE1 D IH0 L IH0 N,4,1-1-0-0,given_name,prefix-required,madelyn,NEW ASSISTANT IDENTITY - would replace or sit beside ARIA; Michael's decision,2,written form reads as intended; 2 dictionary pronunciations,10.0,9,8,,7,5.0,6,"madelyn 0.01%, madelyn",0.9,5.0,0.498,madelyn (0.0); madeline (0.0714); medellin (0.0857); madeleine (0.1),preliminary trademark / naming review required; personal name,G4_domain_names_commands,6.62,7.01,fail,text collision gates failed: G4_domain_names_commands
434,mechanical pass,below top-250 cut,hey sonora,hey sonora,HH EY1 S AH0 N AO1 R AH0,4,1-0-1-0,word_name,prefix-required,sonora,NEW ASSISTANT IDENTITY - would replace or sit beside ARIA; Michael's decision,0,written form reads as intended,9,9,7,,6,5.0,0,,4.6,4.8,0.479,sonora (0.0); son or a (0.0); son or (0.1); sun or (0.1),preliminary trademark / naming review required,,6.84,7.01,fail,mechanical score 6.84 below the 250th survivor
435,generated,REJECTED (mechanical),hey greta,hey greta,HH EY1 G R IY1 T AH0,3,1-1-0,given_name,prefix-required,greta,NEW ASSISTANT IDENTITY - would replace or sit beside ARIA; Michael's decision,0,written form reads as intended,9,9,8,,7,5.0,0,greta,5.9,4.6,0.458,rita (0.0); he greeted (0.0643); he greeted me (0.0643); he greeted the (0.0643),preliminary trademark / naming review required; personal name,G3_embedded_or_contains; G7_accent_casual_variant,6.54,7.0,fail,"text collision gates failed: G3_embedded_or_contains, G7_accent_casual_variant"
436,mechanical pass,below top-250 cut,okay ivy,okay ivy,OW2 K EY1 AY1 V IY0,4,2-1-1-0,word_name,prefix-required,ivy,NEW ASSISTANT IDENTITY - would replace or sit beside ARIA; Michael's decision,0,written form reads as intended,9,9,7,,1,5.0,0,,1.6,4.4,0.443,ok i've (0.0); ok i think (0.12); ok as (0.158); okay as (0.158),preliminary trademark / naming review required; existing assistant or product use known to the agent (unverified),,7.36,7.0,fail,mechanical score 7.36 below the 250th survivor
437,generated,REJECTED (mechanical),hey kestrel,hey kestrel,HH EY1 K EH1 S T R AH0 L,3,1-1-0,word_name,prefix-required,kestrel,NEW ASSISTANT IDENTITY - would replace or sit beside ARIA; Michael's decision,0,written form reads as intended,7,8,7,,6,3.3,0,,4.6,5.1,0.514,castrol (0.0857); take a stroll (0.1188); orchestral (0.125); pastoral (0.15),preliminary trademark / naming review required,G4_domain_names_commands,6.84,6.995,fail,text collision gates failed: G4_domain_names_commands
438,mechanical pass,below top-250 cut,hey cardinal,hey cardinal,HH EY1 K AA1 R D AH0 N AH0 L,4,1-1-0-0,word_name,prefix-required,cardinal,NEW ASSISTANT IDENTITY - would replace or sit beside ARIA; Michael's decision,2,written form reads as intended; 2 dictionary pronunciations,9,9,7,,6,5.0,0,,4.4,5.2,0.516,cardinal (0.0); a cardinal (0.0667); the cardinal (0.0722); garden all (0.1063),preliminary trademark / naming review required,,6.96,6.99,fail,mechanical score 6.96 below the 250th survivor
439,generated,REJECTED (mechanical),hey denila,hey denila,HH EY1 D EH0 N IY1 L AH0,4,1-0-1-0,constructed,prefix-required,denila,NEW ASSISTANT IDENTITY - would replace or sit beside ARIA; Michael's decision,3,vowels may be read differently (HH EY1 D IH0 N IY1 L AH0),10.0,7,6,invented word looks less name-like than 52% of real first names,8,3.6,0,,5.9,5.0,0.495,had any luck (0.0688); daniell (0.1333); hidden in a (0.15); hate anyone (0.15),preliminary trademark / naming review required; invented word: clearance search needed,G3_embedded_or_contains,7.1,6.99,fail,text collision gates failed: G3_embedded_or_contains
440,generated,REJECTED (mechanical),hey everly,hey everly,HH EY1 EH1 V ER0 L IY0,4,1-1-0-0,word_name,prefix-required,everly,NEW ASSISTANT IDENTITY - would replace or sit beside ARIA; Michael's decision,0,written form reads as intended,10.0,9,7,,6,5.0,0,,6.0,4.6,0.461,everly (0.0); of early (0.06); as early (0.088); is early (0.088),preliminary trademark / naming review required,G2_near_high_frequency; G6_clipped_boundary; G7_accent_casual_variant,6.72,6.99,fail,"text collision gates failed: G2_near_high_frequency, G6_clipped_boundary, G7_accent_casual_variant"
441,mechanical pass,below top-250 cut,hey indigo,hey indigo,HH EY1 IH1 N D AH0 G OW2,4,1-1-0-2,word_name,prefix-required,indigo,NEW ASSISTANT IDENTITY - would replace or sit beside ARIA; Michael's decision,2,written form reads as intended; 2 dictionary pronunciations,9,9,7,,6,5.0,0,,3.8,4.8,0.479,indigo (0.0); the indigo (0.0929); he ended (0.1429); indigo dye (0.1429),preliminary trademark / naming review required,,7.0,6.99,fail,mechanical score 7.0 below the 250th survivor
442,generated,REJECTED (mechanical),hey stefan,hey stefan,HH EY1 S T EH1 F AA0 N,3,1-1-0,given_name,prefix-required,stefan,NEW ASSISTANT IDENTITY - would replace or sit beside ARIA; Michael's decision,0,written form reads as intended,8,9,8,,7,3.8,3,"destefano 0.00239%, stefan 0.009%, stephane 0.002%, stefan",4.4,4.9,0.49,tough on (0.06); estefan (0.0786); teeth on (0.1); death on (0.13),preliminary trademark / naming review required; personal name,G3_embedded_or_contains; G4_domain_names_commands,6.34,6.985,fail,text collision gates failed: G3_embedded_or_contains
443,generated,REJECTED (mechanical),hey daylight,hey daylight,HH EY1 D EY1 L AY2 T,3,1-1-2,word_name,prefix-required,daylight,NEW ASSISTANT IDENTITY - would replace or sit beside ARIA; Michael's decision,0,written form reads as intended,10.0,9,7,,6,5.0,0,,6.1,4.6,0.458,daylight (0.0); delight (0.07); day like (0.07); day right (0.08),preliminary trademark / naming review required,G2_near_high_frequency; G4_domain_names_commands,6.7,6.98,fail,"text collision gates failed: G2_near_high_frequency, G4_domain_names_commands"
444,generated,REJECTED (mechanical),hey opal,hey opal,HH EY1 OW1 P AH0 L,3,1-1-0,word_name,prefix-required,opal,NEW ASSISTANT IDENTITY - would replace or sit beside ARIA; Michael's decision,0,written form reads as intended,10.0,9,7,,6,5.0,0,,5.8,4.4,0.439,opal (0.0); opel (0.0); the geopolitical (0.09); a geopolitical (0.09),preliminary trademark / naming review required,G3_embedded_or_contains,6.72,6.98,fail,text collision gates failed: G3_embedded_or_contains
445,generated,REJECTED (mechanical),hey padena,hey padena,HH EY1 P AH0 D EH1 N AH0,4,1-0-1-0,constructed,prefix-required,padena,NEW ASSISTANT IDENTITY - would replace or sit beside ARIA; Michael's decision,3,vowels may be read differently (HH EY1 P AA0 D IY1 N AH0),10.0,7,6,invented word looks less name-like than 63% of real first names,8,3.5,0,,6.2,5.0,0.498,hated in (0.0786); cadena (0.1083); patina (0.125); hope again (0.1357),preliminary trademark / naming review required; invented word: clearance search needed,G3_embedded_or_contains; G7_accent_casual_variant,7.06,6.98,fail,"text collision gates failed: G3_embedded_or_contains, G7_accent_casual_variant"
446,generated,REJECTED (mechanical),hey televa,hey televa,HH EY1 T EH0 L EH1 V AH0,4,1-0-1-0,constructed,prefix-required,televa,NEW ASSISTANT IDENTITY - would replace or sit beside ARIA; Michael's decision,3,vowels may be read differently (HH EY1 T EH2 L EY1 V AH0),10.0,7,5,invented word looks less name-like than 89% of real first names,8,3.0,0,,6.2,5.0,0.502,fatalism (0.0988); at eleven (0.1071); tell if a (0.1083); tail of a (0.1083),preliminary trademark / naming review required; invented word: clearance search needed,G4_domain_names_commands,7.16,6.98,fail,text collision gates failed: G4_domain_names_commands
447,generated,REJECTED (mechanical),hey janet,hey janet,HH EY1 JH AE1 N AH0 T,3,1-1-0,given_name,prefix-required,janet,NEW ASSISTANT IDENTITY - would replace or sit beside ARIA; Michael's decision,2,written form reads as intended; 2 dictionary pronunciations,9,9,8,,7,5.0,0,janet,5.2,4.6,0.458,janet (0.0); a janitor (0.1083); jeanette (0.12); jeannette (0.12),preliminary trademark / naming review required; personal name,G2_near_high_frequency; G7_accent_casual_variant,6.68,6.97,fail,"text collision gates failed: G2_near_high_frequency, G7_accent_casual_variant"
448,generated,REJECTED (mechanical),hey manuela,hey manuela,HH EY1 M AE0 N W EY1 L AH0,4,1-0-1-0,given_name,prefix-required,manuela,NEW ASSISTANT IDENTITY - would replace or sit beside ARIA; Michael's decision,0,written form reads as intended,9,9,8,,7,5.0,6,"manuela 0.016%, manuela",0.8,5.0,0.498,manuela (0.0); man will (0.1357); meanwhile a (0.1571); men will (0.1643),preliminary trademark / naming review required; personal name,G4_domain_names_commands,6.44,6.97,fail,text collision gates failed: G4_domain_names_commands
449,qualified (top 250),REJECTED (human suitability),hey natura,hey natura,HH EY1 N AH0 T UW1 R AH0,4,1-0-1-0,constructed,prefix-required,natura,NEW ASSISTANT IDENTITY - would replace or sit beside ARIA; Michael's decision,7,spelling suggests a different pronunciation (HH EY1 N AA0 CH UH1 R AH0),10.0,6,4,invented word looks less name-like than 86% of real first names; spelling does not show how to say it,8,2.7,0,,3.1,5.1,0.506,datura (0.1167); into russia (0.1357); rima to read (0.15); in tourist (0.1571),preliminary trademark / naming review required; invented word: clearance search needed,,7.86,6.965,fail,dignity naturalness 4 < 7; pronunciation ambiguity 7 > 4
450,mechanical pass,below top-250 cut,hey zevada,hey zevada,HH EY1 Z EH0 V AA1 D AH0,4,1-0-1-0,constructed,prefix-required,zevada,NEW ASSISTANT IDENTITY - would replace or sit beside ARIA; Michael's decision,3,vowels may be read differently (HH EY1 Z AH0 V AA1 D AH0),9,7,5,invented word looks less name-like than 90% of real first names,8,3.5,0,,4.0,5.1,0.508,with evidence (0.1243); give evidence (0.1414); have evidence (0.1487); we have evidence (0.1487),preliminary trademark / naming review required; invented word: clearance search needed,,7.32,6.965,fail,mechanical score 7.32 below the 250th survivor
451,generated,REJECTED (mechanical),hey acacia,hey acacia,HH EY1 AH0 K EY1 SH AH0,4,1-0-1-0,word_name,prefix-required,acacia,NEW ASSISTANT IDENTITY - would replace or sit beside ARIA; Michael's decision,0,written form reads as intended,9,9,7,,6,6.0,0,,2.8,4.6,0.461,acacia (0.0); vacation (0.1); the acacia (0.1083); a case (0.144),preliminary trademark / naming review required,G3_embedded_or_contains,6.96,6.96,fail,text collision gates failed: G3_embedded_or_contains
452,generated,REJECTED (mechanical),hey alta,hey alta,HH EY1 AA1 L T AH0,3,1-1-0,given_name,prefix-required,alta,NEW ASSISTANT IDENTITY - would replace or sit beside ARIA; Michael's decision,0,written form reads as intended,9,9,8,,7,5.0,0,alta,6.0,4.4,0.439,alta (0.0); art a (0.1); alda (0.1125); aorta (0.12),preliminary trademark / naming review required; personal name,G3_embedded_or_contains,6.48,6.96,fail,text collision gates failed: G3_embedded_or_contains
453,mechanical pass,below top-250 cut,hey hettie,hey hettie,HH EY1 HH EH1 T IY0,3,1-1-0,given_name,prefix-required,hettie,NEW ASSISTANT IDENTITY - would replace or sit beside ARIA; Michael's decision,0,written form reads as intended,10.0,9,7,diminutive form,7,5.0,3,"hastings 0.0095%, hettie",3.5,4.4,0.439,hetty (0.0); hettie (0.0); hattie (0.05); they hit it (0.07),preliminary trademark / naming review required; personal name,G4_domain_names_commands,6.58,6.96,fail,mechanical score 6.58 below the 250th survivor
454,generated,REJECTED (mechanical),hey mauricio,hey mauricio,HH EY1 M AW0 R IY1 S IY0 OW0,5,1-0-1-0-0,given_name,prefix-required,mauricio,NEW ASSISTANT IDENTITY - would replace or sit beside ARIA; Michael's decision,0,written form reads as intended,9,9,8,,7,5.0,6,"mauricio 0.01%, mauricio",0.9,5.0,0.501,mauricio (0.0); maurizio (0.1643); my receipt (0.1857); how mary feels (0.2044),preliminary trademark / naming review required; personal name,G4_domain_names_commands,6.42,6.96,fail,text collision gates failed: G4_domain_names_commands
455,generated,REJECTED (mechanical),hey robin,hey robin,HH EY1 R AA1 B AH0 N,3,1-1-0,given_name,prefix-required,robin,NEW ASSISTANT IDENTITY - would replace or sit beside ARIA; Michael's decision,2,written form reads as intended; 2 dictionary pronunciations,10.0,9,8,,7,6.0,0,robin,4.8,4.6,0.458,robin (0.0); robben (0.0); robyn (0.1); a robin (0.1),preliminary trademark / naming review required; personal name,G2_near_high_frequency; G6_clipped_boundary; G7_accent_casual_variant,6.76,6.96,fail,"text collision gates failed: G2_near_high_frequency, G6_clipped_boundary, G7_accent_casual_variant"
456,mechanical pass,below top-250 cut,okay sage,okay sage,OW2 K EY1 S EY1 JH,3,2-1-1,word_name,prefix-required,sage,NEW ASSISTANT IDENTITY - would replace or sit beside ARIA; Michael's decision,0,written form reads as intended,7,9,7,,6,4.2,0,,3.4,4.6,0.46,ok see (0.09); ok so (0.12); showcases (0.1367); cases (0.164),preliminary trademark / naming review required,,6.8,6.96,fail,mechanical score 6.8 below the 250th survivor
457,mechanical pass,below top-250 cut,tovoda,tovoda,T OW0 V OW1 D AH0,3,0-1-0,constructed,bare,tovoda,NEW ASSISTANT IDENTITY - would replace or sit beside ARIA; Michael's decision,0,written form reads as intended,10.0,7,4,invented word looks less name-like than 98% of real first names,8,2.8,0,,4.5,3.1,0.311,gustavo doesn't (0.1083); not avoiding (0.1167); can't avoid (0.1333); must avoid (0.1333),preliminary trademark / naming review required; invented word: clearance search needed,,7.16,6.955,fail,mechanical score 7.16 below the 250th survivor
458,generated,REJECTED (mechanical),arnulfo,arnulfo,AA0 R N AH1 L F OW0,3,0-1-0,given_name,bare,arnulfo,NEW ASSISTANT IDENTITY - would replace or sit beside ARIA; Michael's decision,0,written form reads as intended,8,8,8,,7,2.2,3,"arnoldo 0.004%, arnulfo 0.007%",4.7,3.4,0.337,on all fours (0.1417); national forest (0.1417); professional football (0.1417); a national forest (0.1417),preliminary trademark / naming review required; personal name,G2_near_high_frequency; G4_domain_names_commands,6.3,6.95,fail,text collision gates failed: G2_near_high_frequency
459,mechanical pass,below top-250 cut,hey masako,hey masako,HH EY1 M AH0 S AA1 K OW2,4,1-0-1-2,given_name,prefix-required,masako,NEW ASSISTANT IDENTITY - would replace or sit beside ARIA; Michael's decision,0,written form reads as intended,9,9,8,,7,5.0,3,"hisako 0.001%, masako 0.002%, masako",3.7,4.8,0.479,masako (0.0); famous all over (0.1938); became a successful (0.2); machado (0.2117),preliminary trademark / naming review required; personal name,G4_domain_names_commands,6.42,6.95,fail,mechanical score 6.42 below the 250th survivor
460,generated,REJECTED (mechanical),hey peter,hey peter,HH EY1 P IY1 T ER0,3,1-1-0,given_name,prefix-required,peter,NEW ASSISTANT IDENTITY - would replace or sit beside ARIA; Michael's decision,0,written form reads as intended,10.0,9,8,,7,6.0,0,peter,5.6,4.4,0.439,peter (0.0); pieter (0.0); repeater (0.07); petr (0.075),preliminary trademark / naming review required; personal name,G3_embedded_or_contains; G6_clipped_boundary; G7_accent_casual_variant,6.56,6.95,fail,"text collision gates failed: G3_embedded_or_contains, G6_clipped_boundary, G7_accent_casual_variant"
461,generated,REJECTED (mechanical),hey robyn,hey robyn,HH EY1 R AA1 B IH0 N,3,1-1-0,given_name,prefix-required,robyn,NEW ASSISTANT IDENTITY - would replace or sit beside ARIA; Michael's decision,0,written form reads as intended,10.0,9,8,,7,6.0,3,"scroggins 0.00322%, robyn",2.9,4.6,0.458,robin (0.0); robyn (0.0); robbin (0.0); rabin (0.03),preliminary trademark / naming review required; personal name,G4_domain_names_commands; G6_clipped_boundary; G7_accent_casual_variant,6.54,6.95,fail,"text collision gates failed: G6_clipped_boundary, G7_accent_casual_variant"
462,generated,REJECTED (mechanical),hey vallie,hey vallie,HH EY1 V AO1 L IY0,3,1-1-0,given_name,prefix-required,vallie,NEW ASSISTANT IDENTITY - would replace or sit beside ARIA; Michael's decision,0,written form reads as intended,10.0,9,7,diminutive form,7,5.0,0,vallie,6.8,4.5,0.451,volley (0.05); save all (0.07); have all (0.11); save a little (0.11),preliminary trademark / naming review required; personal name,G2_near_high_frequency; G6_clipped_boundary,6.54,6.945,fail,"text collision gates failed: G2_near_high_frequency, G6_clipped_boundary"
463,generated,REJECTED (mechanical),hey janie,hey janie,HH EY1 JH EY1 N IY0,3,1-1-0,given_name,prefix-required,janie,NEW ASSISTANT IDENTITY - would replace or sit beside ARIA; Michael's decision,0,written form reads as intended,9,9,7,diminutive form,7,6.0,0,janie,3.2,4.4,0.439,janie (0.0); janey (0.0); jamie (0.075); jami (0.075),preliminary trademark / naming review required; personal name,G6_clipped_boundary,6.84,6.94,fail,text collision gates failed: G6_clipped_boundary
464,generated,REJECTED (mechanical),hey jimmy,hey jimmy,HH EY1 JH IH1 M IY0,3,1-1-0,given_name,prefix-required,jimmy,NEW ASSISTANT IDENTITY - would replace or sit beside ARIA; Michael's decision,0,written form reads as intended,9,9,7,diminutive form,7,6.0,0,jimmy,3.2,4.4,0.439,jimmy (0.0); jimi (0.0); jimmie (0.0); mae jemison (0.07),preliminary trademark / naming review required; personal name,G6_clipped_boundary; G7_accent_casual_variant,6.84,6.94,fail,"text collision gates failed: G6_clipped_boundary, G7_accent_casual_variant"
465,generated,REJECTED (mechanical),hey rosario,hey rosario,HH EY1 R OW0 Z AA1 R IY0 OW0,5,1-0-1-0-0,given_name,prefix-required,rosario,NEW ASSISTANT IDENTITY - would replace or sit beside ARIA; Michael's decision,0,written form reads as intended,9,9,8,,7,5.0,6,"rosario 0.02%, rosario",1.1,5.0,0.501,rosario (0.0); heroes are (0.1688); delrosario (0.1812); rosaria (0.2062),preliminary trademark / naming review required; personal name,G4_domain_names_commands,6.38,6.94,fail,text collision gates failed: G4_domain_names_commands
466,mechanical pass,below top-250 cut,hey sedeva,hey sedeva,HH EY1 S EH0 D EH1 V AH0,4,1-0-1-0,constructed,prefix-required,sedeva,NEW ASSISTANT IDENTITY - would replace or sit beside ARIA; Michael's decision,3,vowels may be read differently (HH EY1 S EY0 D EY1 V AH0),9,7,4,invented word looks less name-like than 96% of real first names,8,3.5,0,,3.1,5.0,0.496,said is a (0.0733); said as a (0.0733); head of a (0.1083); he said is (0.1271),preliminary trademark / naming review required; invented word: clearance search needed,,7.48,6.94,fail,mechanical score 7.48 below the 250th survivor
467,generated,REJECTED (mechanical),hey vamela,hey vamela,HH EY1 V AH0 M EH1 L AH0,4,1-0-1-0,constructed,prefix-required,vamela,NEW ASSISTANT IDENTITY - would replace or sit beside ARIA; Michael's decision,3,vowels may be read differently (HH EY1 V AA0 M IY1 L AH0),10.0,7,5,invented word looks less name-like than 78% of real first names,8,3.3,0,,6.0,5.0,0.499,vanilla (0.0833); have a military (0.0938); have american (0.1188); have a meal (0.1214),preliminary trademark / naming review required; invented word: clearance search needed,G3_embedded_or_contains,7.14,6.94,fail,text collision gates failed: G3_embedded_or_contains
468,mechanical pass,below top-250 cut,covuna,covuna,K OW0 V UW1 N AH0,3,0-1-0,constructed,bare,covuna,NEW ASSISTANT IDENTITY - would replace or sit beside ARIA; Michael's decision,0,written form reads as intended,10.0,7,4,invented word looks less name-like than 94% of real first names,8,4.0,0,,2.2,3.0,0.297,ozuna (0.048); covina (0.0833); vena (0.125); vina (0.125),preliminary trademark / naming review required; invented word: clearance search needed,,7.36,6.93,fail,mechanical score 7.36 below the 250th survivor
469,generated,REJECTED (mechanical),hey daniella,hey daniella,HH EY1 D AE2 N Y EH1 L AH0,4,1-2-1-0,given_name,prefix-required,daniella,NEW ASSISTANT IDENTITY - would replace or sit beside ARIA; Michael's decision,0,written form reads as intended,9,9,8,,7,6.0,3,"daniela 0.007%, daniella 0.004%, daniella",2.2,5.0,0.498,daniela (0.0); daniella (0.0); danielle (0.0857); daniele (0.0857),preliminary trademark / naming review required; personal name,G4_domain_names_commands; G7_accent_casual_variant,6.56,6.93,fail,text collision gates failed: G7_accent_casual_variant
470,generated,REJECTED (mechanical),hey darnell,hey darnell,HH EY1 D AA0 R N EH1 L,3,1-0-1,given_name,prefix-required,darnell,NEW ASSISTANT IDENTITY - would replace or sit beside ARIA; Michael's decision,0,written form reads as intended,9,9,8,,7,5.0,6,"darnell 0.02%, darnell",0.9,4.8,0.476,darnell (0.0); a doornail (0.1643); cornell (0.1667); had an alibi (0.1786),preliminary trademark / naming review required; personal name,G4_domain_names_commands,6.38,6.93,fail,text collision gates failed: G4_domain_names_commands
471,generated,REJECTED (mechanical),hey tammy,hey tammy,HH EY1 T AE1 M IY0,3,1-1-0,given_name,prefix-required,tammy,NEW ASSISTANT IDENTITY - would replace or sit beside ARIA; Michael's decision,0,written form reads as intended,10.0,9,7,diminutive form,7,5.0,0,tammy,6.8,4.4,0.439,tammy (0.0); tami (0.0); tammie (0.0); tummy (0.075),preliminary trademark / naming review required; personal name,G2_near_high_frequency,6.52,6.93,fail,text collision gates failed: G2_near_high_frequency; same sound as 'hey tami'
472,generated,REJECTED (mechanical),hey volisa,hey volisa,HH EY1 V OW0 L IY1 S AH0,4,1-0-1-0,constructed,prefix-required,volisa,NEW ASSISTANT IDENTITY - would replace or sit beside ARIA; Michael's decision,3,vowels may be read differently (HH EY1 V AH0 L IY1 S AH0),9,7,4,invented word looks less name-like than 93% of real first names,8,3.2,0,,4.0,5.1,0.511,evolution (0.1386); evolutionary (0.1386); save a little (0.15); have a little (0.175),preliminary trademark / naming review required; invented word: clearance search needed,G7_accent_casual_variant,7.38,6.925,fail,text collision gates failed: G7_accent_casual_variant
473,mechanical pass,below top-250 cut,pomuda,pomuda,P OW0 M UW1 D AH0,3,0-1-0,constructed,bare,pomuda,NEW ASSISTANT IDENTITY - would replace or sit beside ARIA; Michael's decision,0,written form reads as intended,10.0,7,4,invented word looks less name-like than 100% of real first names,8,3.8,0,,2.8,3.1,0.312,mood i (0.1125); company doesn't (0.1333); company does (0.1333); buddha (0.1375),preliminary trademark / naming review required; invented word: clearance search needed,,7.3,6.925,fail,mechanical score 7.3 below the 250th survivor
474,generated,REJECTED (mechanical),hey zerata,hey zerata,HH EY1 Z EH0 R AA1 T AH0,4,1-0-1-0,constructed,prefix-required,zerata,NEW ASSISTANT IDENTITY - would replace or sit beside ARIA; Michael's decision,0,written form reads as intended,9,7,4,invented word looks less name-like than 99% of real first names,8,4.2,0,,3.4,5.0,0.501,is a rotten (0.0929); they're not a (0.16); he's a lot (0.1643); hirata (0.1667),preliminary trademark / naming review required; invented word: clearance search needed,G7_accent_casual_variant,7.28,6.92,fail,text collision gates failed: G7_accent_casual_variant
475,generated,BENCHMARK - acoustic reference only,kookaburra,kookaburra,K UW2 K AH0 B UH1 R AH0,4,2-0-1-0,benchmark,bare,kookaburra,benchmark only,0,written form reads as intended,10.0,9,0.0,childish / novelty word,2,2.2,0,,1.8,3.6,0.359,took a beer (0.1429); kabila (0.15); camorra (0.1583); kabbalah (0.1667),preliminary trademark / naming review required,,7.92,6.92,fail,acoustic benchmark only - not a product candidate
476,generated,REJECTED (mechanical),hey lavinia,hey lavinia,HH EY1 L AH0 V IH1 N Y AH0,4,1-0-1-0,given_name,prefix-required,lavinia,NEW ASSISTANT IDENTITY - would replace or sit beside ARIA; Michael's decision,0,written form reads as intended,9,9,8,,7,5.0,3,"lavinia 0.003%, lavinia",4.4,5.0,0.498,lavinia (0.0); lavigne (0.0857); love in the (0.1429); loving you (0.15),preliminary trademark / naming review required; personal name,G3_embedded_or_contains; G4_domain_names_commands,6.32,6.91,fail,text collision gates failed: G3_embedded_or_contains
477,generated,REJECTED (mechanical),hey nora,hey nora,HH EY1 N AO1 R AH0,3,1-1-0,given_name,prefix-required,nora,NEW ASSISTANT IDENTITY - would replace or sit beside ARIA; Michael's decision,0,written form reads as intended,10.0,9,8,,7,5.0,3,"villasenor 0.00481%, dinorah 0.001%, sanora 0.002%, nora",5.0,4.4,0.439,nora (0.0); nor a (0.0); norah (0.0); nara (0.05),preliminary trademark / naming review required; personal name,G2_near_high_frequency; G4_domain_names_commands; G7_accent_casual_variant,6.28,6.91,fail,"text collision gates failed: G2_near_high_frequency, G7_accent_casual_variant"
478,generated,REJECTED (mechanical),hey sedana,hey sedana,HH EY1 S EH0 D AA1 N AH0,4,1-0-1-0,constructed,prefix-required,sedana,NEW ASSISTANT IDENTITY - would replace or sit beside ARIA; Michael's decision,3,vowels may be read differently (HH EY1 S EY0 D AA1 N AH0),9,7,5,invented word looks less name-like than 83% of real first names,8,3.8,0,,3.7,4.9,0.493,head on a (0.0583); had on a (0.0917); said on (0.1); sat on a (0.1083),preliminary trademark / naming review required; invented word: clearance search needed,G6_clipped_boundary; G7_accent_casual_variant,7.28,6.905,fail,"text collision gates failed: G6_clipped_boundary, G7_accent_casual_variant"
479,generated,REJECTED (mechanical),hey lumina,hey lumina,HH EY1 L UW1 M IH0 N AH0,4,1-1-0-0,word_name,prefix-required,lumina,NEW ASSISTANT IDENTITY - would replace or sit beside ARIA; Michael's decision,0,written form reads as intended,10.0,8,7,,6,5.0,0,,6.2,4.8,0.479,lumina (0.0); room in a (0.0667); aluminium (0.0929); of aluminium (0.0929),preliminary trademark / naming review required,G3_embedded_or_contains,6.72,6.9,fail,text collision gates failed: G3_embedded_or_contains
480,generated,REJECTED (mechanical),hey renate,hey renate,HH EY1 R AH0 N AA1 T AH0,4,1-0-1-0,given_name,prefix-required,renate,NEW ASSISTANT IDENTITY - would replace or sit beside ARIA; Michael's decision,0,written form reads as intended,10.0,9,8,,7,5.0,3,"renata 0.005%, renate 0.005%, renate",5.7,4.8,0.479,renata (0.0); renate (0.0); ramada (0.125); janata (0.1367),preliminary trademark / naming review required; personal name,G2_near_high_frequency; G3_embedded_or_contains; G4_domain_names_commands; G7_accent_casual_variant,6.22,6.9,fail,"text collision gates failed: G2_near_high_frequency, G3_embedded_or_contains, G7_accent_casual_variant"
481,generated,REJECTED (mechanical),hey wyatt,hey wyatt,HH EY1 W AY1 AH0 T,3,1-1-0,given_name,prefix-required,wyatt,NEW ASSISTANT IDENTITY - would replace or sit beside ARIA; Michael's decision,0,written form reads as intended,10.0,9,8,,7,6.0,0,wyatt,6.1,4.4,0.439,wyatt (0.0); why at (0.075); hey why (0.12); why it (0.125),preliminary trademark / naming review required; personal name,G2_near_high_frequency; G3_embedded_or_contains; G7_accent_casual_variant,6.46,6.9,fail,"text collision gates failed: G2_near_high_frequency, G3_embedded_or_contains, G7_accent_casual_variant"
482,generated,REJECTED (mechanical),hey valada,hey valada,HH EY1 V AH0 L AA1 D AH0,4,1-0-1-0,constructed,prefix-required,valada,NEW ASSISTANT IDENTITY - would replace or sit beside ARIA; Michael's decision,3,vowels may be read differently (HH EY1 V AA0 L AA1 D AH0),10.0,7,6,invented word looks less name-like than 74% of real first names,8,3.7,0,,6.8,5.1,0.506,save a lot (0.1143); have a lot (0.1429); have allowed (0.1571); travel on a (0.1571),preliminary trademark / naming review required; invented word: clearance search needed,G2_near_high_frequency; G3_embedded_or_contains,6.92,6.895,fail,"text collision gates failed: G2_near_high_frequency, G3_embedded_or_contains"
483,generated,REJECTED (mechanical),hey volusa,hey volusa,HH EY1 V OW0 L UW1 S AH0,4,1-0-1-0,constructed,prefix-required,volusa,NEW ASSISTANT IDENTITY - would replace or sit beside ARIA; Michael's decision,3,vowels may be read differently (HH EY1 V AH0 L UW1 S AH0),9,7,4,invented word looks less name-like than 100% of real first names,8,4.7,0,,1.0,4.9,0.495,evolution (0.0671); of evolution (0.1588); theory of evolution (0.1588); of evolution is (0.1588),preliminary trademark / naming review required; invented word: clearance search needed,G7_accent_casual_variant,7.64,6.895,fail,text collision gates failed: G7_accent_casual_variant
484,generated,REJECTED (mechanical),hey coleen,hey coleen,HH EY1 K AO0 L IY1 N,3,1-0-1,given_name,prefix-required,coleen,NEW ASSISTANT IDENTITY - would replace or sit beside ARIA; Michael's decision,0,written form reads as intended,10.0,9,8,,7,6.0,3,"michelina 0.001%, coleen",3.5,4.6,0.458,coleen (0.0); call in (0.03); colleen (0.04); pauline (0.07),preliminary trademark / naming review required; personal name,G4_domain_names_commands; G6_clipped_boundary,6.42,6.89,fail,text collision gates failed: G6_clipped_boundary
485,generated,REJECTED (mechanical),hey reyna,hey reyna,HH EY1 R EY1 N AH0,3,1-1-0,given_name,prefix-required,reyna,NEW ASSISTANT IDENTITY - would replace or sit beside ARIA; Michael's decision,0,written form reads as intended,10.0,9,8,,7,5.0,3,"katharina 0.002%, irena 0.003%, reyna",5.2,4.4,0.439,rain a (0.0); raina (0.0); reyna (0.0); irena (0.07),preliminary trademark / naming review required; personal name,G4_domain_names_commands; G7_accent_casual_variant,6.24,6.89,fail,text collision gates failed: G7_accent_casual_variant
486,generated,REJECTED (mechanical),hey vameta,hey vameta,HH EY1 V AH0 M EH1 T AH0,4,1-0-1-0,constructed,prefix-required,vameta,NEW ASSISTANT IDENTITY - would replace or sit beside ARIA; Michael's decision,3,vowels may be read differently (HH EY1 V AA0 M IY1 T AH0),10.0,7,5,invented word looks less name-like than 89% of real first names,8,3.3,0,,6.5,5.0,0.499,is a metal (0.0843); heavy metal (0.1188); liked heavy metal (0.1188); a heavy metal (0.1188),preliminary trademark / naming review required; invented word: clearance search needed,G2_near_high_frequency; G3_embedded_or_contains; G7_accent_casual_variant,7.04,6.89,fail,"text collision gates failed: G2_near_high_frequency, G3_embedded_or_contains, G7_accent_casual_variant"
487,mechanical pass,below top-250 cut,hey alphonse,hey alphonse,HH EY1 AE0 L F AA1 N Z,3,1-0-1,given_name,prefix-required,alphonse,NEW ASSISTANT IDENTITY - would replace or sit beside ARIA; Michael's decision,0,written form reads as intended,8,9,8,,7,5.0,3,"alphonse 0.007%, alphonse",2.9,4.8,0.476,alphonse (0.0); alfonse (0.075); alfonzo (0.1429); alfons (0.1917),preliminary trademark / naming review required; personal name,G4_domain_names_commands,6.38,6.88,fail,mechanical score 6.38 below the 250th survivor
488,generated,REJECTED (mechanical),okay room assistant,okay room assistant,OW2 K EY1 R UW1 M AH0 S IH1 S T AH0 N T,6,2-1-1-0-1-0,role,prefix-required,room assistant,no new identity (functional),0,written form reads as intended,6,6,0.0,contains 'ass',3,0.8,0,,0.7,6.4,0.645,teaching assistant (0.2115); mary's assistant (0.2192); a teaching assistant (0.2393); a childcare assistant (0.2393),preliminary trademark / naming review required; common word: weak distinctiveness,G8_speakability,8.18,6.88,fail,dignity: contains 'ass'; text collision gates failed: G8_speakability
489,mechanical pass,below top-250 cut,hey caretaker,hey caretaker,HH EY1 K EH1 R T EY2 K ER0,4,1-1-2-0,role,prefix-required,caretaker,no new identity (functional),0,written form reads as intended,9,7,7,,3,5.0,0,,2.8,5.0,0.498,caretaker (0.0); a caretaker (0.075); the caretaker (0.0813); caretakers (0.125),preliminary trademark / naming review required,,7.24,6.87,fail,mechanical score 7.24 below the 250th survivor
490,generated,REJECTED (mechanical),hey ivy,hey ivy,HH EY1 AY1 V IY0,3,1-1-0,word_name,prefix-required,ivy,NEW ASSISTANT IDENTITY - would replace or sit beside ARIA; Michael's decision,0,written form reads as intended,10.0,9,7,,1,5.0,0,,4.1,4.2,0.421,ivy (0.0); ivey (0.0); say i've (0.0875); way i feel (0.1125),preliminary trademark / naming review required; existing assistant or product use known to the agent (unverified),G3_embedded_or_contains; G7_accent_casual_variant,7.02,6.87,fail,"text collision gates failed: G3_embedded_or_contains, G7_accent_casual_variant"
491,mechanical pass,below top-250 cut,hey lamida,hey lamida,HH EY1 L AH0 M IY1 D AH0,4,1-0-1-0,constructed,prefix-required,lamida,NEW ASSISTANT IDENTITY - would replace or sit beside ARIA; Michael's decision,3,vowels may be read differently (HH EY1 L AA0 M IY1 D AH0),10.0,7,6,invented word looks less name-like than 73% of real first names,8,3.5,3,"filomena 0.006%, philomena 0.005%",4.3,5.0,0.498,alameda (0.0786); layla made a (0.1214); philomena (0.1286); filomena (0.1286),preliminary trademark / naming review required; invented word: clearance search needed,G4_domain_names_commands,6.84,6.87,fail,mechanical score 6.84 below the 250th survivor
492,generated,REJECTED (mechanical),hey tonie,hey tonie,HH EY1 T OW1 N IY0,3,1-1-0,given_name,prefix-required,tonie,NEW ASSISTANT IDENTITY - would replace or sit beside ARIA; Michael's decision,0,written form reads as intended,10.0,9,7,diminutive form,7,6.0,0,tonie,5.4,4.4,0.439,tony (0.0); toni (0.0); toney (0.0); pony (0.0875),preliminary trademark / naming review required; personal name,G2_near_high_frequency; G6_clipped_boundary; G7_accent_casual_variant,6.6,6.87,fail,"text collision gates failed: G2_near_high_frequency, G6_clipped_boundary, G7_accent_casual_variant"
493,generated,REJECTED (mechanical),hey malona,hey malona,HH EY1 M AH0 L OW1 N AH0,4,1-0-1-0,constructed,prefix-required,malona,NEW ASSISTANT IDENTITY - would replace or sit beside ARIA; Michael's decision,0,written form reads as intended,10.0,7,7,,8,5.0,0,,6.7,4.9,0.491,him alone (0.05); home alone (0.0857); i came alone (0.0857); malone (0.1),preliminary trademark / naming review required; invented word: clearance search needed,G2_near_high_frequency; G6_clipped_boundary,6.64,6.865,fail,"text collision gates failed: G2_near_high_frequency, G6_clipped_boundary"
494,generated,REJECTED (mechanical),hey starling,hey starling,HH EY1 S T AA1 R L IH0 NG,3,1-1-0,word_name,prefix-required,starling,NEW ASSISTANT IDENTITY - would replace or sit beside ARIA; Michael's decision,0,written form reads as intended,8,9,7,,6,4.8,3,starling 0.0033900000000000002%,2.4,5.1,0.508,carling (0.0583); darling (0.075); carlin (0.1167); karlin (0.1167),preliminary trademark / naming review required,G4_domain_names_commands; G6_clipped_boundary; G7_accent_casual_variant,6.58,6.865,fail,"text collision gates failed: G6_clipped_boundary, G7_accent_casual_variant"
495,generated,REJECTED (mechanical),hey marcella,hey marcella,HH EY1 M AA0 R S EH1 L AH0,4,1-0-1-0,given_name,prefix-required,marcella,NEW ASSISTANT IDENTITY - would replace or sit beside ARIA; Michael's decision,0,written form reads as intended,8,9,8,,7,5.0,6,"marcella 0.037%, marcella",0.5,5.0,0.498,marcella (0.0); marcela (0.0671); marcel (0.0857); marcelle (0.0857),preliminary trademark / naming review required; personal name,G4_domain_names_commands,6.3,6.85,fail,text collision gates failed: G4_domain_names_commands
496,mechanical pass,below top-250 cut,hey nodesa,hey nodesa,HH EY1 N OW0 D EH1 S AH0,4,1-0-1-0,constructed,prefix-required,nodesa,NEW ASSISTANT IDENTITY - would replace or sit beside ARIA; Michael's decision,3,vowels may be read differently (HH EY1 N OW0 D EY1 S AH0),9,7,4,invented word looks less name-like than 92% of real first names,8,2.6,3,hinojosa 0.00886%,3.0,5.1,0.507,no death (0.12); notice a (0.125); he notices (0.15); had a disagreement (0.1625),preliminary trademark / naming review required; invented word: clearance search needed,G4_domain_names_commands,7.1,6.845,fail,mechanical score 7.1 below the 250th survivor
497,mechanical pass,below top-250 cut,hey jeanie,hey jeanie,HH EY1 JH IY1 N IY0,3,1-1-0,given_name,prefix-required,jeanie,NEW ASSISTANT IDENTITY - would replace or sit beside ARIA; Michael's decision,0,written form reads as intended,9,9,7,diminutive form,7,5.0,3,"regenia 0.002%, reginia 0.001%, jeanie",3.2,4.4,0.439,genie (0.0); jeannie (0.0); je ne (0.0); jeanie (0.0),preliminary trademark / naming review required; personal name,G4_domain_names_commands,6.44,6.84,fail,mechanical score 6.44 below the 250th survivor
498,generated,REJECTED (mechanical),hey nelda,hey nelda,HH EY1 N EH1 L D AH0,3,1-1-0,given_name,prefix-required,nelda,NEW ASSISTANT IDENTITY - would replace or sit beside ARIA; Michael's decision,0,written form reads as intended,9,9,8,,7,3.0,6,"emelda 0.002%, imelda 0.01%, senaida 0.001%, nelda",5.8,4.8,0.481,hey zelda (0.1); imelda (0.1083); mailed a (0.13); melba (0.13),preliminary trademark / naming review required; personal name,G3_embedded_or_contains; G4_domain_names_commands,5.8,6.84,fail,"text collision gates failed: G3_embedded_or_contains, G4_domain_names_commands"
499,generated,REJECTED (mechanical),hey valentin,hey valentin,HH EY1 V AA2 L EH1 N T IY2 N,4,1-2-1-2,given_name,prefix-required,valentin,NEW ASSISTANT IDENTITY - would replace or sit beside ARIA; Michael's decision,0,written form reads as intended,9,9,8,,7,6.0,3,"valentin 0.007%, valentin",3.4,5.2,0.516,valentin (0.0); valentina (0.0667); valenti (0.125); valente (0.125),preliminary trademark / naming review required; personal name,G4_domain_names_commands; G7_accent_casual_variant,6.36,6.84,fail,text collision gates failed: G7_accent_casual_variant
500,generated,REJECTED (mechanical),hey glenna,hey glenna,HH EY1 G L EH1 N AH0,3,1-1-0,given_name,prefix-required,glenna,NEW ASSISTANT IDENTITY - would replace or sit beside ARIA; Michael's decision,0,written form reads as intended,9,9,8,,7,4.0,6,"helena 0.021%, glenna",3.7,4.7,0.469,lana (0.05); lanna (0.05); lena (0.075); lemme (0.075),preliminary trademark / naming review required; personal name,G4_domain_names_commands,6.0,6.835,fail,text collision gates failed: G4_domain_names_commands
501,generated,REJECTED (mechanical),hey debbie,hey debbie,HH EY1 D EH1 B IY0,3,1-1-0,given_name,prefix-required,debbie,NEW ASSISTANT IDENTITY - would replace or sit beside ARIA; Michael's decision,0,written form reads as intended,10.0,9,7,diminutive form,7,5.0,0,debbie,7.8,4.4,0.439,debbie (0.0); debby (0.0); debi (0.0); dubey (0.075),preliminary trademark / naming review required; personal name,G2_near_high_frequency; G3_embedded_or_contains,6.32,6.83,fail,"text collision gates failed: G2_near_high_frequency, G3_embedded_or_contains"
502,generated,REJECTED (mechanical),hey debby,hey debby,HH EY1 D EH1 B IY0,3,1-1-0,given_name,prefix-required,debby,NEW ASSISTANT IDENTITY - would replace or sit beside ARIA; Michael's decision,0,written form reads as intended,10.0,9,7,diminutive form,7,5.0,0,debby,7.8,4.4,0.439,debbie (0.0); debby (0.0); debi (0.0); dubey (0.075),preliminary trademark / naming review required; personal name,G2_near_high_frequency; G3_embedded_or_contains,6.32,6.83,fail,"text collision gates failed: G2_near_high_frequency, G3_embedded_or_contains; same sound as 'hey debbie'"
503,mechanical pass,below top-250 cut,hey sigrid,hey sigrid,HH EY1 S IH1 G R IH0 D,3,1-1-0,given_name,prefix-required,sigrid,NEW ASSISTANT IDENTITY - would replace or sit beside ARIA; Michael's decision,0,written form reads as intended,8,9,8,,7,6.0,3,"sigrid 0.003%, sigrid",1.4,4.8,0.476,sigrid (0.0); sacred (0.1333); disagreed with (0.1429); disagreed (0.1429),preliminary trademark / naming review required; personal name,G4_domain_names_commands,6.48,6.83,fail,mechanical score 6.48 below the 250th survivor
504,generated,REJECTED (mechanical),hey zonesa,hey zonesa,HH EY1 Z OW0 N EH1 S AH0,4,1-0-1-0,constructed,prefix-required,zonesa,NEW ASSISTANT IDENTITY - would replace or sit beside ARIA; Michael's decision,3,vowels may be read differently (HH EY1 Z OW0 N IY1 S AH0),8,7,4,invented word looks less name-like than 94% of real first names,8,2.5,0,,4.9,5.1,0.508,his own isn't (0.125); have a message (0.1363); vanessa (0.1483); has a nasty (0.1688),preliminary trademark / naming review required; invented word: clearance search needed,G7_accent_casual_variant,7.14,6.825,fail,text collision gates failed: G7_accent_casual_variant
505,generated,REJECTED (mechanical),hey hazel,hey hazel,HH EY1 HH EY1 Z AH0 L,3,1-1-0,word_name,prefix-required,hazel,NEW ASSISTANT IDENTITY - would replace or sit beside ARIA; Michael's decision,0,written form reads as intended,9,9,7,,6,5.0,0,,6.2,4.6,0.458,hazel (0.0); faisal (0.07); hazell (0.11); say he's a (0.1333),preliminary trademark / naming review required,G3_embedded_or_contains,6.48,6.82,fail,text collision gates failed: G3_embedded_or_contains
506,generated,REJECTED (mechanical),hey helen,hey helen,HH EY1 HH EH1 L AH0 N,3,1-1-0,given_name,prefix-required,helen,NEW ASSISTANT IDENTITY - would replace or sit beside ARIA; Michael's decision,0,written form reads as intended,10.0,9,8,,7,6.0,0,helen,7.2,4.6,0.458,helen (0.0); hellen (0.0); felon (0.07); phelan (0.07),preliminary trademark / naming review required; personal name,G2_near_high_frequency; G3_embedded_or_contains; G6_clipped_boundary; G7_accent_casual_variant,6.28,6.82,fail,"text collision gates failed: G2_near_high_frequency, G3_embedded_or_contains, G6_clipped_boundary, G7_accent_casual_variant"
507,generated,REJECTED (mechanical),hey precious,hey precious,HH EY1 P R EH1 SH AH0 S,3,1-1-0,given_name,prefix-required,precious,NEW ASSISTANT IDENTITY - would replace or sit beside ARIA; Michael's decision,0,written form reads as intended,7,9,8,,7,3.3,3,"precious 0.005%, precious",5.7,5.0,0.496,rhesus (0.084); my precious (0.0857); so precious (0.0857); a precious (0.0929),preliminary trademark / naming review required; personal name,G2_near_high_frequency; G4_domain_names_commands,6.0,6.82,fail,text collision gates failed: G2_near_high_frequency
508,generated,REJECTED (mechanical),hey tasha,hey tasha,HH EY1 T AE1 SH AH0,3,1-1-0,given_name,prefix-required,tasha,NEW ASSISTANT IDENTITY - would replace or sit beside ARIA; Michael's decision,0,written form reads as intended,9,9,8,,7,5.0,3,"anastacia 0.003%, letisha 0.001%, tasha",4.4,4.4,0.439,tasha (0.0); hate us (0.084); data suggest (0.084); cash a (0.0875),preliminary trademark / naming review required; personal name,G4_domain_names_commands; G7_accent_casual_variant,6.2,6.82,fail,text collision gates failed: G7_accent_casual_variant
509,generated,REJECTED (mechanical),okay wren,okay wren,OW2 K EY1 R EH1 N,3,2-1-1,word_name,prefix-required,wren,NEW ASSISTANT IDENTITY - would replace or sit beside ARIA; Michael's decision,0,written form reads as intended,9,9,7,,6,3.6,3,keren 0.001%,6.0,4.6,0.456,keren (0.07); so paranoid (0.1083); no parents (0.1083); no parent (0.1083),preliminary trademark / naming review required,G3_embedded_or_contains; G4_domain_names_commands; G7_accent_casual_variant,6.2,6.82,fail,"text collision gates failed: G3_embedded_or_contains, G7_accent_casual_variant"
510,generated,REJECTED (mechanical),pavota,pavota,P AH0 V OW1 T AH0,3,0-1-0,constructed,bare,pavota,NEW ASSISTANT IDENTITY - would replace or sit beside ARIA; Michael's decision,0,written form reads as intended,10.0,7,4,invented word looks less name-like than 92% of real first names,8,2.6,0,,6.3,3.1,0.314,a vote (0.12); avoid a (0.13); opposite of (0.1483); the opposite of (0.1483),preliminary trademark / naming review required; invented word: clearance search needed,G3_embedded_or_contains,6.84,6.815,fail,text collision gates failed: G3_embedded_or_contains
511,mechanical pass,below top-250 cut,pedota,pedota,P EH0 D OW1 T AH0,3,0-1-0,constructed,bare,pedota,NEW ASSISTANT IDENTITY - would replace or sit beside ARIA; Michael's decision,3,vowels may be read differently (P AH0 D OW1 T AH0),10.0,7,4,invented word looks less name-like than 96% of real first names,8,3.3,0,,3.4,3.1,0.305,sped out of (0.0833); botha (0.0875); goat a (0.0875); dopa (0.0875),preliminary trademark / naming review required; invented word: clearance search needed,,7.28,6.815,fail,mechanical score 7.28 below the 250th survivor
512,generated,REJECTED (mechanical),hey dora,hey dora,HH EY1 D AO1 R AH0,3,1-1-0,given_name,prefix-required,dora,NEW ASSISTANT IDENTITY - would replace or sit beside ARIA; Michael's decision,0,written form reads as intended,10.0,9,8,,7,5.0,3,"theodora 0.007%, isadora 0.001%, dora",6.0,4.4,0.439,dora (0.0); door a (0.0); fedora (0.07); head or (0.07),preliminary trademark / naming review required; personal name,G3_embedded_or_contains; G4_domain_names_commands; G7_accent_casual_variant,6.08,6.81,fail,"text collision gates failed: G3_embedded_or_contains, G7_accent_casual_variant"
513,generated,REJECTED (mechanical),hey renida,hey renida,HH EY1 R EH0 N IY1 D AH0,4,1-0-1-0,constructed,prefix-required,renida,NEW ASSISTANT IDENTITY - would replace or sit beside ARIA; Michael's decision,3,vowels may be read differently (HH EY1 R IY0 N IY1 D AH0),10.0,7,7,,8,4.2,0,,7.5,5.0,0.501,mary need a (0.0929); hear anybody (0.1); didn't hear anybody (0.1); karenina (0.1286),preliminary trademark / naming review required; invented word: clearance search needed,G3_embedded_or_contains; G7_accent_casual_variant,6.66,6.81,fail,"text collision gates failed: G3_embedded_or_contains, G7_accent_casual_variant"
514,generated,REJECTED (mechanical),hey solace,hey solace,HH EY1 S AA1 L AH0 S,3,1-1-0,word_name,prefix-required,solace,NEW ASSISTANT IDENTITY - would replace or sit beside ARIA; Michael's decision,2,written form reads as intended; 2 dictionary pronunciations,8,9,7,,6,5.0,0,,3.8,4.6,0.458,solace (0.0); silas (0.09); salis (0.1); saleh (0.13),preliminary trademark / naming review required,G3_embedded_or_contains,6.76,6.81,fail,text collision gates failed: G3_embedded_or_contains
515,generated,REJECTED (mechanical),fodova,fodova,F OW0 D OW1 V AH0,3,0-1-0,constructed,bare,fodova,NEW ASSISTANT IDENTITY - would replace or sit beside ARIA; Michael's decision,0,written form reads as intended,10.0,7,4,invented word looks less name-like than 99% of real first names,8,2.7,0,,6.2,3.1,0.313,photos of (0.115); photos of the (0.115); took photos of (0.115); photos of his (0.115),preliminary trademark / naming review required; invented word: clearance search needed,G2_near_high_frequency; G3_embedded_or_contains,6.84,6.805,fail,"text collision gates failed: G2_near_high_frequency, G3_embedded_or_contains"
516,generated,REJECTED (mechanical),hey carida,hey carida,HH EY1 K AH0 R IY1 D AH0,4,1-0-1-0,constructed,prefix-required,carida,NEW ASSISTANT IDENTITY - would replace or sit beside ARIA; Michael's decision,3,vowels may be read differently (HH EY1 K AA0 R IY1 D AH0),10.0,7,7,,8,5.0,0,,5.8,4.9,0.491,carried a (0.05); he carried a (0.0938); he carried (0.1071); she carried a (0.1071),preliminary trademark / naming review required; invented word: clearance search needed,G2_near_high_frequency,6.82,6.805,fail,text collision gates failed: G2_near_high_frequency
517,mechanical pass,below top-250 cut,hey palara,hey palara,HH EY1 P AH0 L AA1 R AH0,4,1-0-1-0,constructed,prefix-required,palara,NEW ASSISTANT IDENTITY - would replace or sit beside ARIA; Michael's decision,3,vowels may be read differently (HH EY1 P AA0 L AA1 R AH0),10.0,7,5,invented word looks less name-like than 79% of real first names,8,4.7,0,,4.4,4.9,0.494,people are a (0.0643); apple or a (0.1071); many people are (0.15); some people are (0.15),preliminary trademark / naming review required; invented word: clearance search needed,,7.16,6.805,fail,mechanical score 7.16 below the 250th survivor
518,generated,REJECTED (mechanical),hey zanuva,hey zanuva,HH EY1 Z AH0 N UW1 V AH0,4,1-0-1-0,constructed,prefix-required,zanuva,NEW ASSISTANT IDENTITY - would replace or sit beside ARIA; Michael's decision,3,vowels may be read differently (HH EY1 Z AA0 N UW1 V AH0),9,7,4,invented word looks less name-like than 99% of real first names,8,3.5,0,,4.6,5.1,0.507,is uneven (0.1214); haven of (0.1343); is a novelist (0.15); is a novel (0.15),preliminary trademark / naming review required; invented word: clearance search needed,G3_embedded_or_contains; G7_accent_casual_variant,7.2,6.805,fail,"text collision gates failed: G3_embedded_or_contains, G7_accent_casual_variant"
519,mechanical pass,below top-250 cut,nodula,nodula,N OW0 D UW1 L AH0,3,0-1-0,constructed,bare,nodula,NEW ASSISTANT IDENTITY - would replace or sit beside ARIA; Michael's decision,0,written form reads as intended,10.0,7,4,invented word looks less name-like than 94% of real first names,8,3.0,0,,5.6,3.1,0.309,no deal (0.1); tula (0.1125); tool a (0.1125); no rule (0.14),preliminary trademark / naming review required; invented word: clearance search needed,,6.9,6.805,fail,mechanical score 6.9 below the 250th survivor
520,generated,REJECTED (mechanical),hey anchor,hey anchor,HH EY1 AE1 NG K ER0,3,1-1-0,word_name,prefix-required,anchor,NEW ASSISTANT IDENTITY - would replace or sit beside ARIA; Michael's decision,0,written form reads as intended,9,9,7,,3,6.0,0,,2.7,4.4,0.439,anchor (0.0); anker (0.0); they encourage (0.11); they encouraged (0.11),preliminary trademark / naming review required; common word: weak distinctiveness,G6_clipped_boundary; G7_accent_casual_variant,6.94,6.79,fail,"text collision gates failed: G6_clipped_boundary, G7_accent_casual_variant"
521,mechanical pass,below top-250 cut,hey cypress,hey cypress,HH EY1 S AY1 P R AH0 S,3,1-1-0,word_name,prefix-required,cypress,NEW ASSISTANT IDENTITY - would replace or sit beside ARIA; Michael's decision,2,written form reads as intended; 2 dictionary pronunciations,7,9,7,,6,5.0,0,,2.8,4.8,0.476,cyprus (0.0); cypress (0.0); fibrous (0.115); suppress (0.125),preliminary trademark / naming review required,,6.8,6.79,fail,mechanical score 6.8 below the 250th survivor
522,generated,REJECTED (mechanical),hey essie,hey essie,HH EY1 EH1 S IY0,3,1-1-0,given_name,prefix-required,essie,NEW ASSISTANT IDENTITY - would replace or sit beside ARIA; Michael's decision,0,written form reads as intended,9,9,7,diminutive form,7,5.0,3,"hassie 0.001%, essie",3.4,4.2,0.421,essie (0.0); asea (0.0); assay (0.0667); issy (0.0667),preliminary trademark / naming review required; personal name,G4_domain_names_commands; G6_clipped_boundary; G7_accent_casual_variant,6.36,6.79,fail,"text collision gates failed: G6_clipped_boundary, G7_accent_casual_variant"
523,generated,REJECTED (mechanical),hey latisha,hey latisha,HH EY1 L AH0 T IH1 SH AH0,4,1-0-1-0,given_name,prefix-required,latisha,NEW ASSISTANT IDENTITY - would replace or sit beside ARIA; Michael's decision,0,written form reads as intended,9,9,8,,7,5.0,6,"laticia 0.002%, latisha 0.015%, leticia 0.04%, latisha",2.4,4.8,0.479,leticia (0.0); facilitation (0.1312); relativity (0.1643); relative of (0.1643),preliminary trademark / naming review required; personal name,G3_embedded_or_contains; G4_domain_names_commands,6.08,6.78,fail,"text collision gates failed: G3_embedded_or_contains, G4_domain_names_commands"
524,mechanical pass,below top-250 cut,hey ambrose,hey ambrose,HH EY1 AE1 M B R OW2 Z,3,1-1-2,given_name,prefix-required,ambrose,NEW ASSISTANT IDENTITY - would replace or sit beside ARIA; Michael's decision,0,written form reads as intended,7,9,8,,7,5.0,3,"ambrose 0.004%, ambrose",2.5,4.8,0.476,ambrose (0.0); ambrosia (0.1029); embryos (0.1714); they embraced (0.1786),preliminary trademark / naming review required; personal name,G4_domain_names_commands,6.26,6.77,fail,mechanical score 6.26 below the 250th survivor
525,generated,REJECTED (mechanical),hey pia,hey pia,HH EY1 P IY1 AH0,3,1-1-0,given_name,prefix-required,pia,NEW ASSISTANT IDENTITY - would replace or sit beside ARIA; Michael's decision,0,written form reads as intended,10.0,9,8,,7,5.0,0,pia,9.1,4.2,0.421,pia (0.0); sapiens (0.07); play piano (0.075); to play piano (0.075),preliminary trademark / naming review required; personal name,G2_near_high_frequency; G3_embedded_or_contains; G4_domain_names_commands; G7_accent_casual_variant,6.02,6.77,fail,"text collision gates failed: G2_near_high_frequency, G3_embedded_or_contains, G4_domain_names_commands, G7_accent_casual_variant"
526,generated,REJECTED (mechanical),hey sheree,hey sheree,HH EY1 SH ER0 IY1,3,1-0-1,given_name,prefix-required,sheree,NEW ASSISTANT IDENTITY - would replace or sit beside ARIA; Michael's decision,0,written form reads as intended,9,9,8,,7,6.0,0,sheree,5.6,4.2,0.421,sheree (0.0); surrey (0.04); surry (0.04); fishery (0.0875),preliminary trademark / naming review required; personal name,G4_domain_names_commands; G6_clipped_boundary,6.32,6.77,fail,"text collision gates failed: G4_domain_names_commands, G6_clipped_boundary"
527,generated,REJECTED (mechanical),hey antonia,hey antonia,HH EY1 AE0 N T OW1 N IY0 AH0,5,1-0-1-0-0,given_name,prefix-required,antonia,NEW ASSISTANT IDENTITY - would replace or sit beside ARIA; Michael's decision,0,written form reads as intended,9,9,8,,7,6.0,6,"antonia 0.035%, antonia",0.9,5.0,0.501,antonia (0.0); antonio (0.0929); ansonia (0.1); antonius (0.125),preliminary trademark / naming review required; personal name,G4_domain_names_commands; G6_clipped_boundary; G7_accent_casual_variant,6.22,6.76,fail,"text collision gates failed: G4_domain_names_commands, G6_clipped_boundary, G7_accent_casual_variant"
528,mechanical pass,below top-250 cut,hey aspen,hey aspen,HH EY1 AE1 S P AH0 N,3,1-1-0,word_name,prefix-required,aspen,NEW ASSISTANT IDENTITY - would replace or sit beside ARIA; Michael's decision,0,written form reads as intended,8,9,7,,6,5.0,3,huston 0.00557%,2.3,4.6,0.458,aspen (0.0); aston (0.07); ashton (0.094); a span (0.12),preliminary trademark / naming review required,G4_domain_names_commands,6.46,6.76,fail,mechanical score 6.46 below the 250th survivor
529,generated,REJECTED (mechanical),hey caprice,hey caprice,HH EY1 K AH0 P R IY1 S,3,1-0-1,given_name,prefix-required,caprice,NEW ASSISTANT IDENTITY - would replace or sit beside ARIA; Michael's decision,0,written form reads as intended,8,9,8,,7,5.0,3,"caprice 0.002%, caprice",4.1,4.8,0.476,caprice (0.0); patrice (0.1167); take a breath (0.1243); wake up this (0.1386),preliminary trademark / naming review required; personal name,G4_domain_names_commands; G7_accent_casual_variant,6.14,6.76,fail,text collision gates failed: G7_accent_casual_variant
530,generated,REJECTED (mechanical),hey gertie,hey gertie,HH EY1 JH ER1 T IY0,3,1-1-0,given_name,prefix-required,gertie,NEW ASSISTANT IDENTITY - would replace or sit beside ARIA; Michael's decision,0,written form reads as intended,9,9,7,diminutive form,7,6.0,3,"haggerty 0.0038399999999999997%, gertie",2.0,4.4,0.439,gertie (0.0); jerky (0.0875); hagerty (0.0917); dirty (0.1175),preliminary trademark / naming review required; personal name,G4_domain_names_commands; G6_clipped_boundary; G7_accent_casual_variant,6.48,6.76,fail,"text collision gates failed: G6_clipped_boundary, G7_accent_casual_variant"
531,mechanical pass,below top-250 cut,hey lavender,hey lavender,HH EY1 L AE1 V AH0 N D ER0,4,1-1-0-0,word_name,prefix-required,lavender,NEW ASSISTANT IDENTITY - would replace or sit beside ARIA; Michael's decision,0,written form reads as intended,9,9,7,,6,5.0,3,lavender 0.00263%,4.4,5.0,0.498,lavender (0.0); a lavender (0.075); live under (0.0786); of lavender (0.125),preliminary trademark / naming review required,G4_domain_names_commands,6.32,6.76,fail,mechanical score 6.32 below the 250th survivor
532,generated,REJECTED (mechanical),hey marida,hey marida,HH EY1 M AH0 R IY1 D AH0,4,1-0-1-0,constructed,prefix-required,marida,NEW ASSISTANT IDENTITY - would replace or sit beside ARIA; Michael's decision,3,vowels may be read differently (HH EY1 M AA0 R IY1 D AH0),10.0,7,7,,8,5.0,0,,6.3,4.9,0.491,married a (0.05); he married a (0.0938); he married (0.1071); she married a (0.1071),preliminary trademark / naming review required; invented word: clearance search needed,G2_near_high_frequency; G3_embedded_or_contains; G6_clipped_boundary; G7_accent_casual_variant,6.72,6.755,fail,"text collision gates failed: G2_near_high_frequency, G3_embedded_or_contains, G6_clipped_boundary, G7_accent_casual_variant"
533,generated,REJECTED (mechanical),hey damesa,hey damesa,HH EY1 D AH0 M EH1 S AH0,4,1-0-1-0,constructed,prefix-required,damesa,NEW ASSISTANT IDENTITY - would replace or sit beside ARIA; Michael's decision,3,vowels may be read differently (HH EY1 D AH0 M IY1 S AH0),9,7,5,invented word looks less name-like than 84% of real first names,8,3.6,0,,5.8,5.0,0.495,had a message (0.0688); had a misunderstanding (0.0938); dumb as a (0.1083); had a mission (0.1087),preliminary trademark / naming review required; invented word: clearance search needed,G3_embedded_or_contains,6.92,6.75,fail,text collision gates failed: G3_embedded_or_contains
534,generated,REJECTED (mechanical),hey josette,hey josette,HH EY1 ZH AH0 S EH1 T,3,1-0-1,given_name,prefix-required,josette,NEW ASSISTANT IDENTITY - would replace or sit beside ARIA; Michael's decision,0,written form reads as intended,7,9,8,,7,5.0,0,josette,5.4,4.6,0.458,josette (0.0); the set (0.048); is a set (0.0783); thus it (0.088),preliminary trademark / naming review required; personal name,G3_embedded_or_contains; G6_clipped_boundary; G7_accent_casual_variant; G8_speakability,6.24,6.75,fail,"text collision gates failed: G3_embedded_or_contains, G6_clipped_boundary, G7_accent_casual_variant, G8_speakability"
535,qualified (top 250),REJECTED (human suitability),hey zadula,hey zadula,HH EY1 Z AH0 D UW1 L AH0,4,1-0-1-0,constructed,prefix-required,zadula,NEW ASSISTANT IDENTITY - would replace or sit beside ARIA; Michael's decision,7,spelling suggests a different pronunciation (HH EY1 Z AA0 Y UW1 L AH0),9,6,3,invented word looks less name-like than 96% of real first names; spelling does not show how to say it,8,1.8,0,,4.7,5.2,0.517,his ability (0.1625); his ability to (0.1625); his abilities (0.1625); in his ability (0.1625),preliminary trademark / naming review required; invented word: clearance search needed,,7.54,6.75,fail,dignity naturalness 3 < 7; pronunciation ambiguity 7 > 4
536,generated,REJECTED (mechanical),albertina,albertina,AA0 L B ER0 T IY1 N AH0,4,0-0-1-0,given_name,bare,albertina,NEW ASSISTANT IDENTITY - would replace or sit beside ARIA; Michael's decision,0,written form reads as intended,8,7,8,,7,3.8,3,"albertine 0.003%, albina 0.004%, valentina 0.005%, albertina 0.002%",2.6,3.4,0.339,burkina (0.0583); albertine (0.0714); bettina (0.1); bird in a (0.1),preliminary trademark / naming review required; personal name,G3_embedded_or_contains; G4_domain_names_commands,6.4,6.74,fail,text collision gates failed: G3_embedded_or_contains
537,generated,REJECTED (mechanical),hey davis,hey davis,HH EY1 D EY1 V AH0 S,3,1-1-0,given_name,prefix-required,davis,NEW ASSISTANT IDENTITY - would replace or sit beside ARIA; Michael's decision,2,written form reads as intended; 2 dictionary pronunciations,9,9,8,,7,6.0,0,davis,5.5,4.6,0.458,davis (0.0); they gave us (0.0583); gave us (0.07); he gave us (0.1143),preliminary trademark / naming review required; personal name,G3_embedded_or_contains; G6_clipped_boundary; G7_accent_casual_variant,6.42,6.74,fail,"text collision gates failed: G3_embedded_or_contains, G6_clipped_boundary, G7_accent_casual_variant"
538,generated,REJECTED (mechanical),hey robert,hey robert,HH EY1 R AA1 B ER0 T,3,1-1-0,given_name,prefix-required,robert,NEW ASSISTANT IDENTITY - would replace or sit beside ARIA; Michael's decision,0,written form reads as intended,10.0,9,8,,7,6.0,6,"heriberto 0.01%, robert",2.0,4.6,0.458,robert (0.0); by robert (0.1); the robert (0.1083); rare opportunity (0.1333),preliminary trademark / naming review required; personal name,G4_domain_names_commands; G6_clipped_boundary; G7_accent_casual_variant,6.12,6.74,fail,"text collision gates failed: G4_domain_names_commands, G6_clipped_boundary, G7_accent_casual_variant"
539,generated,REJECTED (mechanical),hey bradford,hey bradford,HH EY1 B R AE1 D F ER0 D,3,1-1-0,given_name,prefix-required,bradford,NEW ASSISTANT IDENTITY - would replace or sit beside ARIA; Michael's decision,0,written form reads as intended,9,9,8,,7,5.0,6,"bradford 0.021%, bradford",3.0,4.9,0.494,radford (0.0); redford (0.0333); bradford (0.125); redfern (0.125),preliminary trademark / naming review required; personal name,G4_domain_names_commands,5.98,6.735,fail,text collision gates failed: G4_domain_names_commands
540,generated,REJECTED (mechanical),hey juliet,hey juliet,HH EY1 JH UW1 L IY0 EH2 T,4,1-1-0-2,given_name,prefix-required,juliet,NEW ASSISTANT IDENTITY - would replace or sit beside ARIA; Michael's decision,0,written form reads as intended,9,9,8,,7,5.0,6,"juliet 0.009%, juliette 0.01%, juliet",2.9,4.8,0.479,juliet (0.0); juliette (0.0); joliet (0.0917); hey julia (0.1143),preliminary trademark / naming review required; personal name,G4_domain_names_commands,5.98,6.73,fail,text collision gates failed: G4_domain_names_commands
541,generated,REJECTED (mechanical),hey taduva,hey taduva,HH EY1 T AH0 D UW1 V AH0,4,1-0-1-0,constructed,prefix-required,taduva,NEW ASSISTANT IDENTITY - would replace or sit beside ARIA; Michael's decision,3,vowels may be read differently (HH EY1 T AA0 D UW1 V AH0),10.0,7,4,invented word looks less name-like than 100% of real first names,8,4.2,0,,5.3,5.0,0.501,data to the (0.0929); ate a dozen (0.1343); to do the (0.15); hated the (0.15),preliminary trademark / naming review required; invented word: clearance search needed,G2_near_high_frequency; G3_embedded_or_contains; G7_accent_casual_variant,7.1,6.73,fail,"text collision gates failed: G2_near_high_frequency, G3_embedded_or_contains, G7_accent_casual_variant"
542,generated,REJECTED (mechanical),hey wilbert,hey wilbert,HH EY1 W IH1 L B ER0 T,3,1-1-0,given_name,prefix-required,wilbert,NEW ASSISTANT IDENTITY - would replace or sit beside ARIA; Michael's decision,0,written form reads as intended,9,9,8,,7,5.0,6,"wilbert 0.027%, wilbert",2.9,4.8,0.476,wilbert (0.0); will but (0.1); well but (0.1333); they will get (0.15),preliminary trademark / naming review required; personal name,G4_domain_names_commands,5.98,6.73,fail,text collision gates failed: G4_domain_names_commands
543,mechanical pass,below top-250 cut,pedova,pedova,P EH0 D OW1 V AH0,3,0-1-0,constructed,bare,pedova,NEW ASSISTANT IDENTITY - would replace or sit beside ARIA; Michael's decision,3,vowels may be read differently (P AH0 D OW1 V AH0),10.0,7,4,invented word looks less name-like than 98% of real first names,8,2.2,3,pedroza 0.0037%,3.6,3.2,0.318,nova (0.1375); dove (0.15); dover (0.15); pedophile (0.15),preliminary trademark / naming review required; invented word: clearance search needed,G4_domain_names_commands,6.88,6.73,fail,mechanical score 6.88 below the 250th survivor
544,generated,REJECTED (mechanical),hey harland,hey harland,HH EY1 HH AA1 R L AH0 N D,3,1-1-0,given_name,prefix-required,harland,NEW ASSISTANT IDENTITY - would replace or sit beside ARIA; Michael's decision,0,written form reads as intended,9,9,8,,7,5.0,6,"harland 0.004%, mcfarland 0.014%, harland",3.2,4.9,0.494,harland (0.0); hard and (0.1); hardened (0.1); karl and (0.1171),preliminary trademark / naming review required; personal name,G4_domain_names_commands; G6_clipped_boundary; G7_accent_casual_variant,5.94,6.715,fail,"text collision gates failed: G4_domain_names_commands, G6_clipped_boundary, G7_accent_casual_variant"
545,generated,REJECTED (mechanical),hey kristy,hey kristy,HH EY1 K R IH1 S T IY0,3,1-1-0,given_name,prefix-required,kristy,NEW ASSISTANT IDENTITY - would replace or sit beside ARIA; Michael's decision,0,written form reads as intended,8,9,7,diminutive form,7,3.6,6,"christi 0.017%, christiana 0.003%, christie 0.034%, christinia 0.001%, christy 0.077%",3.5,4.9,0.492,risky (0.07); rusty (0.1); agatha christie (0.125); he crashed (0.1386),preliminary trademark / naming review required; personal name,G4_domain_names_commands,5.96,6.715,fail,text collision gates failed: G4_domain_names_commands
546,qualified (top 250),REJECTED (human suitability),hey nerova,hey nerova,HH EY1 N EH0 R OW1 V AH0,4,1-0-1-0,constructed,prefix-required,nerova,NEW ASSISTANT IDENTITY - would replace or sit beside ARIA; Michael's decision,7,spelling suggests a different pronunciation (HH EY1 N ER0 OW1 V AH0),10.0,6,3,invented word looks less name-like than 98% of real first names; spelling does not show how to say it,8,4.3,0,,1.1,4.9,0.487,narrow the (0.0333); narrows (0.14); narrowed the (0.1714); in provence (0.1929),preliminary trademark / naming review required; invented word: clearance search needed,,7.9,6.715,fail,dignity naturalness 3 < 7; pronunciation ambiguity 7 > 4
547,generated,REJECTED (mechanical),vorata,vorata,V OW0 R AA1 T AH0,3,0-1-0,constructed,bare,vorata,NEW ASSISTANT IDENTITY - would replace or sit beside ARIA; Michael's decision,3,vowels may be read differently (V AO0 R AA1 T AH0),10.0,7,4,invented word looks less name-like than 94% of real first names,8,3.2,0,,4.6,3.1,0.306,rocca (0.0875); the rocket (0.0917); the rocket was (0.0917); the rock and (0.0917),preliminary trademark / naming review required; invented word: clearance search needed,G6_clipped_boundary,7.06,6.715,fail,text collision gates failed: G6_clipped_boundary
548,mechanical pass,below top-250 cut,hey bambi,hey bambi,HH EY1 B AE1 M B IY0,3,1-1-0,given_name,prefix-required,bambi,NEW ASSISTANT IDENTITY - would replace or sit beside ARIA; Michael's decision,0,written form reads as intended,9,9,2,strong public negative association,7,5.0,0,bambi,2.8,4.6,0.458,bambi (0.0); bamboo (0.1); bamba (0.12); bandy (0.13),preliminary trademark / naming review required; personal name,,7.16,6.71,fail,mechanical score 7.16 below the 250th survivor
549,generated,REJECTED (mechanical),hey bridgette,hey bridgette,HH EY1 B R IH1 JH IH0 T,3,1-1-0,given_name,prefix-required,bridgette,NEW ASSISTANT IDENTITY - would replace or sit beside ARIA; Michael's decision,2,written form reads as intended; 2 dictionary pronunciations,8,9,8,,7,4.2,6,"bridget 0.045%, bridgett 0.009%, bridgette 0.015%, brigitte 0.009%, bridgette",2.5,5.0,0.497,rigid (0.09); legit (0.12); reach it (0.12); read it (0.134),preliminary trademark / naming review required; personal name,G4_domain_names_commands; G6_clipped_boundary,6.06,6.71,fail,"text collision gates failed: G4_domain_names_commands, G6_clipped_boundary"
550,generated,REJECTED (mechanical),hey christina,hey christina,HH EY1 K R IH0 S T IY1 N AH0,4,1-0-1-0,given_name,prefix-required,christina,NEW ASSISTANT IDENTITY - would replace or sit beside ARIA; Michael's decision,0,written form reads as intended,8,9,8,,7,2.8,9,"christena 0.002%, christina 0.275%, cristina 0.033%, kristina 0.065%, krystina 0.001%",3.9,5.4,0.542,christina (0.1111); cristina (0.1111); kristina (0.1111); risking a (0.1214),preliminary trademark / naming review required; personal name,G4_domain_names_commands; G7_accent_casual_variant,5.54,6.71,fail,"text collision gates failed: G4_domain_names_commands, G7_accent_casual_variant"
551,generated,REJECTED (mechanical),hey dian,hey dian,HH EY1 D AY1 AH0 N,3,1-1-0,given_name,prefix-required,dian,NEW ASSISTANT IDENTITY - would replace or sit beside ARIA; Michael's decision,0,written form reads as intended,10.0,9,8,,7,5.0,3,"hayden 0.004%, hagan 0.0071200000000000005%, hagen 0.00801%, dian",7.0,4.4,0.439,dion (0.0); dian (0.0); diane (0.075); dianne (0.075),preliminary trademark / naming review required; personal name,G2_near_high_frequency; G3_embedded_or_contains; G4_domain_names_commands,5.88,6.71,fail,"text collision gates failed: G2_near_high_frequency, G3_embedded_or_contains"
552,mechanical pass,below top-250 cut,hey dahlia,hey dahlia,HH EY1 D AE1 L Y AH0,3,1-1-0,given_name,prefix-required,dahlia,NEW ASSISTANT IDENTITY - would replace or sit beside ARIA; Michael's decision,0,written form reads as intended,9,9,8,,7,6.0,3,"fidelia 0.001%, dahlia",3.9,4.6,0.458,dahlia (0.0); gallia (0.07); delia (0.1); dalia (0.1),preliminary trademark / naming review required; personal name,G4_domain_names_commands,6.14,6.7,fail,mechanical score 6.14 below the 250th survivor
553,qualified (top 250),REJECTED (human suitability),hey peresa,hey peresa,HH EY1 P EH0 R EH1 S AH0,4,1-0-1-0,constructed,prefix-required,peresa,NEW ASSISTANT IDENTITY - would replace or sit beside ARIA; Michael's decision,7,spelling suggests a different pronunciation (HH EY1 P ER0 IY1 S AH0),9,6,4,invented word looks less name-like than 78% of real first names; spelling does not show how to say it,8,3.8,0,,1.9,5.0,0.504,paris i (0.1083); paris (0.1333); parris (0.1333); see paris (0.1429),preliminary trademark / naming review required; invented word: clearance search needed,,7.66,6.7,fail,dignity naturalness 4 < 7; pronunciation ambiguity 7 > 4
554,generated,REJECTED (mechanical),hey sierra,hey sierra,HH EY1 S IY0 EH1 R AH0,4,1-0-1-0,word_name,prefix-required,sierra,NEW ASSISTANT IDENTITY - would replace or sit beside ARIA; Michael's decision,0,written form reads as intended,9,9,7,,3,6.0,3,cecila 0.002%,0.9,4.6,0.461,sierra (0.0); the sierra (0.1083); sea air (0.12); vieira (0.138),preliminary trademark / naming review required; common word: weak distinctiveness,G4_domain_names_commands; G6_clipped_boundary; G7_accent_casual_variant,6.74,6.7,fail,"text collision gates failed: G6_clipped_boundary, G7_accent_casual_variant"
555,generated,REJECTED (mechanical),votona,votona,V OW0 T OW1 N AH0,3,0-1-0,constructed,bare,votona,NEW ASSISTANT IDENTITY - would replace or sit beside ARIA; Michael's decision,0,written form reads as intended,10.0,7,4,invented word looks less name-like than 94% of real first names,8,3.5,0,,5.5,3.0,0.303,toma (0.075); thoma (0.075); kona (0.0875); his opponent (0.0983),preliminary trademark / naming review required; invented word: clearance search needed,G3_embedded_or_contains,6.8,6.7,fail,text collision gates failed: G3_embedded_or_contains
556,generated,REJECTED (mechanical),tolura,tolura,T OW0 L UW1 R AH0,3,0-1-0,constructed,bare,tolura,NEW ASSISTANT IDENTITY - would replace or sit beside ARIA; Michael's decision,3,vowels may be read differently (T AH0 L UW1 R AH0),10.0,7,4,invented word looks less name-like than 96% of real first names,8,3.0,0,,5.2,3.1,0.309,lula (0.1); a little irritated (0.1); little irritated (0.1); a little irritable (0.1),preliminary trademark / naming review required; invented word: clearance search needed,G3_embedded_or_contains,6.98,6.695,fail,text collision gates failed: G3_embedded_or_contains
557,generated,REJECTED (mechanical),hey olga,hey olga,HH EY1 OW1 L G AH0,3,1-1-0,given_name,prefix-required,olga,NEW ASSISTANT IDENTITY - would replace or sit beside ARIA; Michael's decision,0,written form reads as intended,9,9,8,,7,5.0,3,"helga 0.009%, olga",5.7,4.4,0.439,olga (0.0); old a (0.0875); very old and (0.16); be old and (0.16),preliminary trademark / naming review required; personal name,G2_near_high_frequency; G3_embedded_or_contains; G4_domain_names_commands,5.94,6.69,fail,"text collision gates failed: G2_near_high_frequency, G3_embedded_or_contains"
558,generated,REJECTED (mechanical),hey ramena,hey ramena,HH EY1 R AH0 M EH1 N AH0,4,1-0-1-0,constructed,prefix-required,ramena,NEW ASSISTANT IDENTITY - would replace or sit beside ARIA; Michael's decision,3,vowels may be read differently (HH EY1 R AH0 M IY1 N AH0),10.0,7,6,invented word looks less name-like than 58% of real first names,8,3.3,3,herrmann 0.0044800000000000005%,6.5,5.0,0.498,here a minute (0.0813); run in a (0.0833); elemental (0.1071); ramona (0.125),preliminary trademark / naming review required; invented word: clearance search needed,G2_near_high_frequency; G3_embedded_or_contains; G4_domain_names_commands; G7_accent_casual_variant,6.44,6.69,fail,"text collision gates failed: G2_near_high_frequency, G3_embedded_or_contains, G7_accent_casual_variant"
559,generated,REJECTED (mechanical),hey gabriel,hey gabriel,HH EY1 G EY1 B R IY0 AH0 L,4,1-1-0-0,given_name,prefix-required,gabriel,NEW ASSISTANT IDENTITY - would replace or sit beside ARIA; Michael's decision,0,written form reads as intended,9,9,8,,7,5.0,6,"gabriel 0.073%, gabriel",3.7,5.0,0.498,gabriel (0.0); gabrielle (0.1214); gabriel is (0.125); gabriel saw (0.125),preliminary trademark / naming review required; personal name,G4_domain_names_commands,5.86,6.68,fail,text collision gates failed: G4_domain_names_commands
560,generated,REJECTED (mechanical),hey veronica,hey veronica,HH EY1 V ER0 AA1 N IH0 K AH0,5,1-0-1-0-0,given_name,prefix-required,veronica,NEW ASSISTANT IDENTITY - would replace or sit beside ARIA; Michael's decision,0,written form reads as intended,10.0,9,8,,7,5.0,9,"veronica 0.142%, veronika 0.001%, veronica",2.2,5.0,0.501,veronica (0.0); veronika (0.2222); have chronic (0.2278); every nook and (0.2313),preliminary trademark / naming review required; personal name,G4_domain_names_commands,5.76,6.68,fail,text collision gates failed: G4_domain_names_commands
561,generated,REJECTED (mechanical),hey derick,hey derick,HH EY1 D EH1 R IH0 K,3,1-1-0,given_name,prefix-required,derick,NEW ASSISTANT IDENTITY - would replace or sit beside ARIA; Michael's decision,0,written form reads as intended,10.0,9,8,,7,6.0,6,"fredericka 0.002%, hedrick 0.00637%, cedric 0.029%, cedrick 0.004%, derick",2.7,4.6,0.458,derek (0.0); derrick (0.0); derick (0.0); d ric (0.06),preliminary trademark / naming review required; personal name,G4_domain_names_commands; G6_clipped_boundary; G7_accent_casual_variant,5.98,6.67,fail,"text collision gates failed: G4_domain_names_commands, G6_clipped_boundary, G7_accent_casual_variant"
562,generated,REJECTED (mechanical),hey donny,hey donny,HH EY1 D AA1 N IY0,3,1-1-0,given_name,prefix-required,donny,NEW ASSISTANT IDENTITY - would replace or sit beside ARIA; Michael's decision,0,written form reads as intended,10.0,9,7,diminutive form,7,5.0,3,"hayden 0.004%, donny",6.4,4.4,0.439,dani (0.0); donnie (0.0); donny (0.0); head on (0.07),preliminary trademark / naming review required; personal name,G2_near_high_frequency; G4_domain_names_commands; G6_clipped_boundary,6.0,6.67,fail,"text collision gates failed: G2_near_high_frequency, G6_clipped_boundary"
563,generated,REJECTED (mechanical),hey harbor,hey harbor,HH EY1 HH AA1 R B ER0,3,1-1-0,word_name,prefix-required,harbor,NEW ASSISTANT IDENTITY - would replace or sit beside ARIA; Michael's decision,0,written form reads as intended,9,9,7,,3,6.0,0,,4.2,4.6,0.458,harbor (0.0); harbour (0.0); harder (0.07); farber (0.07),preliminary trademark / naming review required; common word: weak distinctiveness,G6_clipped_boundary; G7_accent_casual_variant,6.68,6.67,fail,"text collision gates failed: G6_clipped_boundary, G7_accent_casual_variant"
564,generated,REJECTED (mechanical),hey kisha,hey kisha,HH EY1 K IH1 SH AH0,3,1-1-0,given_name,prefix-required,kisha,NEW ASSISTANT IDENTITY - would replace or sit beside ARIA; Michael's decision,0,written form reads as intended,9,9,8,,7,4.4,6,"lakeesha 0.001%, lakeisha 0.01%, kisha",4.3,4.5,0.446,kiss a (0.03); lakeesha (0.03); lakeisha (0.03); he kisses (0.095),preliminary trademark / naming review required; personal name,G3_embedded_or_contains; G4_domain_names_commands,5.76,6.665,fail,"text collision gates failed: G3_embedded_or_contains, G4_domain_names_commands"
565,generated,REJECTED (mechanical),hey melida,hey melida,HH EY1 M EH0 L IY1 D AH0,4,1-0-1-0,constructed,prefix-required,melida,NEW ASSISTANT IDENTITY - would replace or sit beside ARIA; Michael's decision,0,written form reads as intended,10.0,7,7,,8,4.7,3,"emelina 0.001%, melida 0.001%",6.3,4.9,0.495,married a (0.0667); melina (0.0917); he married a (0.1063); him a little (0.1187),preliminary trademark / naming review required; invented word: clearance search needed,G2_near_high_frequency; G3_embedded_or_contains; G4_domain_names_commands; G6_clipped_boundary; G7_accent_casual_variant,6.18,6.665,fail,"text collision gates failed: G2_near_high_frequency, G3_embedded_or_contains, G6_clipped_boundary, G7_accent_casual_variant"
566,generated,REJECTED (mechanical),hey alina,hey alina,HH EY1 AH0 L IY1 N AH0,4,1-0-1-0,given_name,prefix-required,alina,NEW ASSISTANT IDENTITY - would replace or sit beside ARIA; Michael's decision,0,written form reads as intended,10.0,9,8,,7,5.0,6,"halina 0.002%, celina 0.008%, salena 0.002%, salina 0.004%, selena 0.012%",4.8,4.6,0.461,alina (0.0); all in a (0.11); lena (0.12); lina (0.12),preliminary trademark / naming review required; personal name,G4_domain_names_commands,5.76,6.66,fail,text collision gates failed: G4_domain_names_commands
567,generated,REJECTED (mechanical),hey lara,hey lara,HH EY1 L AA1 R AH0,3,1-1-0,given_name,prefix-required,lara,NEW ASSISTANT IDENTITY - would replace or sit beside ARIA; Michael's decision,0,written form reads as intended,10.0,9,8,,7,6.0,3,"hilaria 0.002%, hilario 0.005%, lara",5.5,4.4,0.439,lara (0.0); laura (0.05); lora (0.05); hell are (0.07),preliminary trademark / naming review required; personal name,G3_embedded_or_contains; G4_domain_names_commands; G6_clipped_boundary; G7_accent_casual_variant,5.98,6.66,fail,"text collision gates failed: G3_embedded_or_contains, G6_clipped_boundary, G7_accent_casual_variant"
568,generated,REJECTED (mechanical),hey zamuna,hey zamuna,HH EY1 Z AH0 M UW1 N AH0,4,1-0-1-0,constructed,prefix-required,zamuna,NEW ASSISTANT IDENTITY - would replace or sit beside ARIA; Michael's decision,3,vowels may be read differently (HH EY1 Z AA0 M UW1 N AH0),9,7,4,invented word looks less name-like than 96% of real first names,8,4.0,0,,4.9,5.0,0.503,the mena (0.1033); the mona (0.1117); have a moon (0.1129); the moon (0.12),preliminary trademark / naming review required; invented word: clearance search needed,G6_clipped_boundary; G7_accent_casual_variant,7.02,6.66,fail,"text collision gates failed: G6_clipped_boundary, G7_accent_casual_variant"
569,generated,REJECTED (mechanical),hey brenton,hey brenton,HH EY1 B R EH1 N T AH0 N,3,1-1-0,given_name,prefix-required,brenton,NEW ASSISTANT IDENTITY - would replace or sit beside ARIA; Michael's decision,0,written form reads as intended,9,9,8,,7,5.0,6,"harrington 0.022699999999999998%, herrington 0.00491%, brenton 0.006%, brenton",3.9,4.9,0.494,renton (0.0); rent an (0.05); rent on (0.0667); rent in (0.0833),preliminary trademark / naming review required; personal name,G4_domain_names_commands; G6_clipped_boundary; G7_accent_casual_variant,5.8,6.645,fail,"text collision gates failed: G4_domain_names_commands, G6_clipped_boundary, G7_accent_casual_variant"
570,generated,REJECTED (mechanical),hello front desk,hello front desk,HH AH0 L OW1 F R AH1 N T D EH1 S K,4,0-1-1-1,role,prefix-required,front desk,no new identity (functional),0,written form reads as intended,7,7,7,,3,3.3,0,,7.0,6.0,0.602,the front desk (0.1336); front desk (0.1818); call the front desk (0.2014),preliminary trademark / naming review required; common word: weak distinctiveness,G4_domain_names_commands,6.54,6.64,fail,text collision gates failed: G4_domain_names_commands
571,generated,REJECTED (mechanical),hey room assistant,hey room assistant,HH EY1 R UW1 M AH0 S IH1 S T AH0 N T,5,1-1-0-1-0,role,prefix-required,room assistant,no new identity (functional),0,written form reads as intended,7,7,0.0,contains 'ass',3,1.9,0,,3.0,6.1,0.61,mary's assistant (0.1542); new assistant (0.1545); lab assistant (0.1773); your assistant (0.1945),preliminary trademark / naming review required; common word: weak distinctiveness,,7.64,6.635,fail,dignity: contains 'ass'
572,generated,REJECTED (mechanical),hey angelica,hey angelica,HH EY1 AE0 N JH EH1 L IH0 K AH0,5,1-0-1-0-0,given_name,prefix-required,angelica,NEW ASSISTANT IDENTITY - would replace or sit beside ARIA; Michael's decision,2,written form reads as intended; 2 dictionary pronunciations,8,9,8,,7,5.0,6,"angelica 0.039%, angelika 0.002%, anjelica 0.001%, angelica",2.0,5.2,0.519,angelica (0.0); angelika (0.0); anjelica (0.0625); angelic (0.075),preliminary trademark / naming review required; personal name,G4_domain_names_commands,6.04,6.63,fail,text collision gates failed: G4_domain_names_commands
573,generated,REJECTED (mechanical),hey vatela,hey vatela,HH EY1 V AH0 T EH1 L AH0,4,1-0-1-0,constructed,prefix-required,vatela,NEW ASSISTANT IDENTITY - would replace or sit beside ARIA; Michael's decision,3,vowels may be read differently (HH EY1 V AA0 T EH1 L AH0),10.0,7,4,invented word looks less name-like than 90% of real first names,8,3.6,0,,7.5,5.0,0.495,have a telephone (0.0688); have a television (0.0688); have a talent (0.0938); he's a talented (0.1112),preliminary trademark / naming review required; invented word: clearance search needed,G4_domain_names_commands,6.78,6.63,fail,text collision gates failed: G4_domain_names_commands
574,generated,REJECTED (mechanical),okay front desk,okay front desk,OW2 K EY1 F R AH1 N T D EH1 S K,4,2-1-1-1,role,prefix-required,front desk,no new identity (functional),0,written form reads as intended,6,7,7,,3,3.0,0,,6.1,5.9,0.588,the front desk (0.15); front desk (0.1818); call the front desk (0.2042),preliminary trademark / naming review required; common word: weak distinctiveness,G4_domain_names_commands,6.56,6.625,fail,text collision gates failed: G4_domain_names_commands
575,generated,REJECTED (mechanical),hey helena,hey helena,HH EY1 HH EH1 L AH0 N AH0,4,1-1-0-0,given_name,prefix-required,helena,NEW ASSISTANT IDENTITY - would replace or sit beside ARIA; Michael's decision,0,written form reads as intended,10.0,9,8,,7,6.0,6,"helena 0.021%, helena",3.5,4.8,0.479,helena (0.0); helen (0.1); hellen (0.1); fell on a (0.125),preliminary trademark / naming review required; personal name,G4_domain_names_commands; G6_clipped_boundary; G7_accent_casual_variant,5.86,6.62,fail,"text collision gates failed: G4_domain_names_commands, G6_clipped_boundary, G7_accent_casual_variant"
576,generated,REJECTED (mechanical),hey linden,hey linden,HH EY1 L IH1 N D AH0 N,3,1-1-0,word_name,prefix-required,linden,NEW ASSISTANT IDENTITY - would replace or sit beside ARIA; Michael's decision,0,written form reads as intended,9,9,7,,6,5.0,3,"herlinda 0.005%, lyndon 0.005%",5.5,4.8,0.476,lyndon (0.0); linden (0.0); lynden (0.0); lindon (0.0),preliminary trademark / naming review required,G2_near_high_frequency; G4_domain_names_commands; G6_clipped_boundary; G7_accent_casual_variant,6.06,6.62,fail,"text collision gates failed: G2_near_high_frequency, G6_clipped_boundary, G7_accent_casual_variant"
577,generated,REJECTED (mechanical),hey lucie,hey lucie,HH EY1 L UW1 S IY0,3,1-1-0,given_name,prefix-required,lucie,NEW ASSISTANT IDENTITY - would replace or sit beside ARIA; Michael's decision,0,written form reads as intended,9,9,7,diminutive form,7,6.0,3,"marylouise 0.001%, lucie",3.4,4.4,0.439,lucy (0.0); lucie (0.0); lucey (0.0); belushi (0.094),preliminary trademark / naming review required; personal name,G4_domain_names_commands; G6_clipped_boundary; G7_accent_casual_variant,6.2,6.62,fail,"text collision gates failed: G6_clipped_boundary, G7_accent_casual_variant"
578,generated,REJECTED (mechanical),hey willow,hey willow,HH EY1 W IH1 L OW2,3,1-1-2,word_name,prefix-required,willow,NEW ASSISTANT IDENTITY - would replace or sit beside ARIA; Michael's decision,0,written form reads as intended,10.0,9,7,,6,6.0,0,,7.4,4.4,0.439,willow (0.0); will o (0.0); say will (0.07); he will (0.09),preliminary trademark / naming review required,G2_near_high_frequency; G3_embedded_or_contains; G6_clipped_boundary,6.2,6.62,fail,"text collision gates failed: G2_near_high_frequency, G3_embedded_or_contains, G6_clipped_boundary"
579,generated,REJECTED (mechanical),hey zanila,hey zanila,HH EY1 Z AH0 N IY1 L AH0,4,1-0-1-0,constructed,prefix-required,zanila,NEW ASSISTANT IDENTITY - would replace or sit beside ARIA; Michael's decision,3,vowels may be read differently (HH EY1 Z AA0 N IY1 L AH0),9,7,5,invented word looks less name-like than 84% of real first names,8,3.7,0,,6.8,4.9,0.494,vanilla (0.065); have any luck (0.1363); a vanilla (0.1414); the vanilla (0.1486),preliminary trademark / naming review required; invented word: clearance search needed,G3_embedded_or_contains; G4_domain_names_commands; G7_accent_casual_variant,6.68,6.615,fail,"text collision gates failed: G3_embedded_or_contains, G4_domain_names_commands, G7_accent_casual_variant"
580,generated,REJECTED (mechanical),hey benny,hey benny,HH EY1 B EH1 N IY0,3,1-1-0,given_name,prefix-required,benny,NEW ASSISTANT IDENTITY - would replace or sit beside ARIA; Michael's decision,0,written form reads as intended,10.0,9,7,diminutive form,7,5.0,0,benny,10.0,4.4,0.439,benny (0.0); bennie (0.0); beni (0.0); binney (0.05),preliminary trademark / naming review required; personal name,G2_near_high_frequency; G3_embedded_or_contains; G6_clipped_boundary; G7_accent_casual_variant,5.88,6.61,fail,"text collision gates failed: G2_near_high_frequency, G3_embedded_or_contains, G6_clipped_boundary, G7_accent_casual_variant"
581,generated,REJECTED (mechanical),hey donna,hey donna,HH EY1 D AA1 N AH0,3,1-1-0,given_name,prefix-required,donna,NEW ASSISTANT IDENTITY - would replace or sit beside ARIA; Michael's decision,0,written form reads as intended,10.0,9,8,,7,5.0,3,"hayden 0.004%, donna",8.0,4.4,0.439,donna (0.0); head on a (0.0583); head on (0.07); hid on (0.07),preliminary trademark / naming review required; personal name,G2_near_high_frequency; G3_embedded_or_contains; G4_domain_names_commands; G6_clipped_boundary; G7_accent_casual_variant,5.68,6.61,fail,"text collision gates failed: G2_near_high_frequency, G3_embedded_or_contains, G6_clipped_boundary, G7_accent_casual_variant"
582,generated,REJECTED (mechanical),hey geri,hey geri,HH EY1 JH EH1 R IY2,3,1-1-2,given_name,prefix-required,geri,NEW ASSISTANT IDENTITY - would replace or sit beside ARIA; Michael's decision,0,written form reads as intended,9,9,8,,7,6.0,3,"echeverria 0.0032400000000000003%, fredericka 0.002%, geri",4.5,4.4,0.439,jerry (0.0); gerry (0.0); geri (0.0); jere (0.0),preliminary trademark / naming review required; personal name,G3_embedded_or_contains; G4_domain_names_commands; G6_clipped_boundary; G7_accent_casual_variant,5.98,6.61,fail,"text collision gates failed: G3_embedded_or_contains, G6_clipped_boundary, G7_accent_casual_variant"
583,generated,REJECTED (mechanical),hey jeri,hey jeri,HH EY1 JH EH1 R IY0,3,1-1-0,given_name,prefix-required,jeri,NEW ASSISTANT IDENTITY - would replace or sit beside ARIA; Michael's decision,0,written form reads as intended,9,9,8,,7,6.0,3,"echeverria 0.0032400000000000003%, fredericka 0.002%, jeri",4.5,4.4,0.439,jerry (0.0); gerry (0.0); geri (0.0); jere (0.0),preliminary trademark / naming review required; personal name,G3_embedded_or_contains; G4_domain_names_commands; G6_clipped_boundary; G7_accent_casual_variant,5.98,6.61,fail,"text collision gates failed: G3_embedded_or_contains, G6_clipped_boundary, G7_accent_casual_variant; same sound as 'hey geri'"
584,generated,REJECTED (mechanical),hey marietta,hey marietta,HH EY1 M EH2 R IY0 EH1 T AH0,5,1-2-0-1-0,given_name,prefix-required,marietta,NEW ASSISTANT IDENTITY - would replace or sit beside ARIA; Michael's decision,0,written form reads as intended,10.0,9,8,,7,6.0,6,"henrietta 0.031%, marietta 0.01%, maryetta 0.001%, henriette 0.002%, marietta",3.9,5.0,0.501,marietta (0.0); mary at a (0.0286); mary ate a (0.05); mariette (0.0857),preliminary trademark / naming review required; personal name,G4_domain_names_commands; G6_clipped_boundary; G7_accent_casual_variant,5.82,6.61,fail,"text collision gates failed: G4_domain_names_commands, G6_clipped_boundary, G7_accent_casual_variant"
585,generated,REJECTED (mechanical),hey melody,hey melody,HH EY1 M EH1 L AH0 D IY0,4,1-1-0-0,word_name,prefix-required,melody,NEW ASSISTANT IDENTITY - would replace or sit beside ARIA; Michael's decision,0,written form reads as intended,10.0,9,7,,6,5.0,6,"melodee 0.001%, melodie 0.006%, melody 0.05%",4.1,4.8,0.479,melody (0.0); malady (0.0333); a melody (0.0857); melody a (0.0857),preliminary trademark / naming review required,G4_domain_names_commands,5.94,6.61,fail,text collision gates failed: G4_domain_names_commands
586,generated,REJECTED (mechanical),farava,farava,F AH0 R AA1 V AH0,3,0-1-0,constructed,bare,farava,NEW ASSISTANT IDENTITY - would replace or sit beside ARIA; Michael's decision,3,vowels may be read differently (F AA0 R AA1 V AH0),10.0,7,4,invented word looks less name-like than 97% of real first names,8,3.0,0,,6.1,3.1,0.309,lava (0.1); four of us (0.1333); air of a (0.14); fair of (0.14),preliminary trademark / naming review required; invented word: clearance search needed,G3_embedded_or_contains,6.8,6.605,fail,text collision gates failed: G3_embedded_or_contains
587,mechanical pass,below top-250 cut,fotira,fotira,F OW0 T IY1 R AH0,3,0-1-0,constructed,bare,fotira,NEW ASSISTANT IDENTITY - would replace or sit beside ARIA; Michael's decision,3,vowels may be read differently (F OW0 T IH1 R AH0),10.0,7,4,invented word looks less name-like than 99% of real first names,8,3.7,0,,4.6,3.0,0.301,satirical (0.065); a satirical (0.065); tara (0.075); terre (0.075),preliminary trademark / naming review required; invented word: clearance search needed,,6.94,6.6,fail,mechanical score 6.94 below the 250th survivor
588,generated,REJECTED (mechanical),hey helper,hey helper,HH EY1 HH EH1 L P ER0,3,1-1-0,role,prefix-required,helper,no new identity (functional),0,written form reads as intended,9,7,7,,3,5.0,0,,4.9,4.6,0.458,helper (0.0); helter (0.07); he help (0.075); a helper (0.1),preliminary trademark / naming review required,G2_near_high_frequency,6.74,6.6,fail,text collision gates failed: G2_near_high_frequency
589,generated,REJECTED (mechanical),hey jessie,hey jessie,HH EY1 JH EH1 S IY0,3,1-1-0,given_name,prefix-required,jessie,NEW ASSISTANT IDENTITY - would replace or sit beside ARIA; Michael's decision,0,written form reads as intended,8,9,7,diminutive form,7,6.0,3,"hennessey 0.00283%, hennessy 0.00317%, jessie",2.1,4.4,0.439,jesse (0.0); jessie (0.0); jessy (0.0); jaycee (0.0875),preliminary trademark / naming review required; personal name,G4_domain_names_commands; G6_clipped_boundary; G7_accent_casual_variant,6.26,6.6,fail,"text collision gates failed: G6_clipped_boundary, G7_accent_casual_variant"
590,generated,REJECTED (mechanical),hey caos,hey caos,HH EY1 K EY1 AA2 S,3,1-1-2,brand,prefix-required,caos,no new identity (product name),7,spelling suggests a different pronunciation (HH EY1 K AA1 Z),9,7,7,,9,6.0,0,,2.2,4.4,0.439,chaos (0.0); be chaos (0.09); the chaos (0.13); into chaos (0.19),preliminary trademark / naming review required,G6_clipped_boundary; G7_accent_casual_variant,7.04,6.59,fail,"text collision gates failed: G6_clipped_boundary, G7_accent_casual_variant"
591,generated,REJECTED (mechanical),zomeva,zomeva,Z OW0 M EH1 V AH0,3,0-1-0,constructed,bare,zomeva,NEW ASSISTANT IDENTITY - would replace or sit beside ARIA; Michael's decision,0,written form reads as intended,9,7,4,invented word looks less name-like than 99% of real first names,8,3.8,0,,4.5,3.0,0.3,meza (0.06); racism is a (0.0733); buddhism is a (0.0733); is uneven (0.1),preliminary trademark / naming review required; invented word: clearance search needed,G7_accent_casual_variant,6.74,6.59,fail,text collision gates failed: G7_accent_casual_variant
592,generated,REJECTED (mechanical),hey amber,hey amber,HH EY1 AE1 M B ER0,3,1-1-0,word_name,prefix-required,amber,NEW ASSISTANT IDENTITY - would replace or sit beside ARIA; Michael's decision,0,written form reads as intended,9,9,7,,6,5.0,6,humberto 0.018%,2.3,4.4,0.439,amber (0.0); ember (0.05); ampere (0.1125); they embraced (0.14),preliminary trademark / naming review required,G4_domain_names_commands; G7_accent_casual_variant,6.02,6.58,fail,"text collision gates failed: G4_domain_names_commands, G7_accent_casual_variant"
593,generated,REJECTED (mechanical),hey caroline,hey caroline,HH EY1 K EH1 R AH0 L AY2 N,4,1-1-0-2,given_name,prefix-required,caroline,NEW ASSISTANT IDENTITY - would replace or sit beside ARIA; Michael's decision,0,written form reads as intended,10.0,9,8,,7,6.0,6,"caroline 0.085%, carolyne 0.002%, karoline 0.001%, caroline",4.2,5.0,0.498,caroline (0.0); carillon (0.0643); carolina (0.075); karolina (0.075),preliminary trademark / naming review required; personal name,G2_near_high_frequency; G4_domain_names_commands; G6_clipped_boundary; G7_accent_casual_variant,5.76,6.58,fail,"text collision gates failed: G2_near_high_frequency, G4_domain_names_commands, G6_clipped_boundary, G7_accent_casual_variant"
594,generated,REJECTED (mechanical),hey hana,hey hana,HH EY1 HH AE1 N AH0,3,1-1-0,given_name,prefix-required,hana,NEW ASSISTANT IDENTITY - would replace or sit beside ARIA; Michael's decision,0,written form reads as intended,10.0,9,8,,7,6.0,0,hana,9.3,4.4,0.439,hannah (0.0); hanna (0.0); hana (0.0); henna (0.05),preliminary trademark / naming review required; personal name,G2_near_high_frequency; G3_embedded_or_contains; G6_clipped_boundary; G7_accent_casual_variant,5.82,6.58,fail,"text collision gates failed: G2_near_high_frequency, G3_embedded_or_contains, G6_clipped_boundary, G7_accent_casual_variant"
595,generated,REJECTED (mechanical),hey lolita,hey lolita,HH EY1 L OW0 L IY1 T AH0,4,1-0-1-0,given_name,prefix-required,lolita,NEW ASSISTANT IDENTITY - would replace or sit beside ARIA; Michael's decision,0,written form reads as intended,10.0,9,2,strong public negative association,7,5.0,3,"lolita 0.009%, lolita",2.9,4.8,0.479,lolita (0.0); lalita (0.1083); feel a little (0.1188); here a little (0.125),preliminary trademark / naming review required; personal name,G4_domain_names_commands; G7_accent_casual_variant,6.78,6.58,fail,text collision gates failed: G7_accent_casual_variant
596,generated,REJECTED (mechanical),hey concierge,hey concierge,HH EY1 K AA2 N S IY0 EH1 R ZH,4,1-2-0-1,role,prefix-required,concierge,no new identity (functional),0,written form reads as intended,6,7,7,,3,5.0,0,,1.6,5.2,0.516,concierge (0.0); a concierge (0.0667); very conscientious (0.1911); very conscientious isn't (0.1911),preliminary trademark / naming review required,G8_speakability,6.92,6.57,fail,text collision gates failed: G8_speakability
597,generated,REJECTED (mechanical),potava,potava,P OW0 T AA1 V AH0,3,0-1-0,constructed,bare,potava,NEW ASSISTANT IDENTITY - would replace or sit beside ARIA; Michael's decision,0,written form reads as intended,10.0,7,4,invented word looks less name-like than 99% of real first names,8,3.2,3,apodaca 0.00382%,4.6,3.1,0.306,cava (0.0875); keep a positive (0.0983); coat of (0.15); popov (0.15),preliminary trademark / naming review required; invented word: clearance search needed,G2_near_high_frequency; G4_domain_names_commands,6.46,6.565,fail,text collision gates failed: G2_near_high_frequency
598,mechanical pass,below top-250 cut,gomuna,gomuna,G OW0 M UW1 N AH0,3,0-1-0,constructed,bare,gomuna,NEW ASSISTANT IDENTITY - would replace or sit beside ARIA; Michael's decision,0,written form reads as intended,10.0,7,4,invented word looks less name-like than 98% of real first names,8,5.0,0,,3.8,2.9,0.286,moon a (0.0); moon i (0.1125); mean a (0.125); mina (0.125),preliminary trademark / naming review required; invented word: clearance search needed,,6.82,6.555,fail,mechanical score 6.82 below the 250th survivor
599,generated,REJECTED (mechanical),sadota,sadota,S AH0 D OW1 T AH0,3,0-1-0,constructed,bare,sadota,NEW ASSISTANT IDENTITY - would replace or sit beside ARIA; Michael's decision,0,written form reads as intended,9,7,5,invented word looks less name-like than 89% of real first names,8,3.2,0,,7.2,3.1,0.306,botha (0.0875); goat a (0.0875); dopa (0.0875); a doubt a (0.1),preliminary trademark / naming review required; invented word: clearance search needed,G2_near_high_frequency; G3_embedded_or_contains,6.34,6.555,fail,"text collision gates failed: G2_near_high_frequency, G3_embedded_or_contains"
600,generated,REJECTED (mechanical),hey owen,hey owen,HH EY1 OW1 AH0 N,3,1-1-0,given_name,prefix-required,owen,NEW ASSISTANT IDENTITY - would replace or sit beside ARIA; Michael's decision,0,written form reads as intended,10.0,9,8,,7,6.0,3,"hagan 0.0071200000000000005%, hagen 0.00801%, hasan 0.00318%, havens 0.0039700000000000004%, hayden 0.004%",6.3,4.2,0.421,owen (0.0); tokyo and (0.1125); radio and (0.1125); romeo and (0.1125),preliminary trademark / naming review required; personal name,G2_near_high_frequency; G3_embedded_or_contains; G4_domain_names_commands; G6_clipped_boundary; G7_accent_casual_variant,5.78,6.55,fail,"text collision gates failed: G2_near_high_frequency, G3_embedded_or_contains, G6_clipped_boundary, G7_accent_casual_variant"
601,generated,REJECTED (mechanical),hey lesley,hey lesley,HH EY1 L EH1 S L IY0,3,1-1-0,given_name,prefix-required,lesley,NEW ASSISTANT IDENTITY - would replace or sit beside ARIA; Michael's decision,0,written form reads as intended,8,9,7,diminutive form,7,5.0,0,lesley,8.0,4.6,0.458,leslie (0.0); lesley (0.0); lashley (0.064); fell asleep during (0.1083),preliminary trademark / naming review required; personal name,G3_embedded_or_contains,5.92,6.54,fail,text collision gates failed: G3_embedded_or_contains
602,generated,REJECTED (mechanical),hey sommer,hey sommer,HH EY1 S AH1 M ER0,3,1-1-0,given_name,prefix-required,sommer,NEW ASSISTANT IDENTITY - would replace or sit beside ARIA; Michael's decision,0,written form reads as intended,9,9,8,,7,6.0,0,sommer,8.2,4.4,0.439,summer (0.0); sommer (0.0); somer (0.0); hasten (0.06),preliminary trademark / naming review required; personal name,G2_near_high_frequency; G3_embedded_or_contains; G6_clipped_boundary; G7_accent_casual_variant,5.84,6.54,fail,"text collision gates failed: G2_near_high_frequency, G3_embedded_or_contains, G6_clipped_boundary, G7_accent_casual_variant"
603,generated,REJECTED (mechanical),hey dolores,hey dolores,HH EY1 D AH0 L AO1 R IH0 S,4,1-0-1-0,given_name,prefix-required,dolores,NEW ASSISTANT IDENTITY - would replace or sit beside ARIA; Michael's decision,0,written form reads as intended,9,9,8,,7,5.0,9,"delores 0.095%, dolores 0.129%, dolores",2.2,5.0,0.498,dolores (0.0); delores (0.0); drawer if (0.1771); doloris (0.2),preliminary trademark / naming review required; personal name,G4_domain_names_commands,5.56,6.53,fail,text collision gates failed: G4_domain_names_commands
604,generated,REJECTED (mechanical),hey larue,hey larue,HH EY1 L ER0 UW1,3,1-0-1,given_name,prefix-required,larue,NEW ASSISTANT IDENTITY - would replace or sit beside ARIA; Michael's decision,0,written form reads as intended,10.0,9,8,,7,5.0,6,"hilary 0.014%, hillary 0.013%, larue",5.5,4.2,0.421,larue (0.0); leroux (0.0); sailor (0.0875); heller (0.0875),preliminary trademark / naming review required; personal name,G2_near_high_frequency; G4_domain_names_commands,5.54,6.53,fail,"text collision gates failed: G2_near_high_frequency, G4_domain_names_commands"
605,generated,REJECTED (mechanical),hey perry,hey perry,HH EY1 P EH1 R IY0,3,1-1-0,given_name,prefix-required,perry,NEW ASSISTANT IDENTITY - would replace or sit beside ARIA; Michael's decision,0,written form reads as intended,10.0,9,7,diminutive form,7,6.0,3,"sperry 0.00263%, mayberry 0.004860000000000001%, perry",5.8,4.4,0.439,perry (0.0); parry (0.0); pirie (0.05); peary (0.075),preliminary trademark / naming review required; personal name,G2_near_high_frequency; G3_embedded_or_contains; G4_domain_names_commands; G6_clipped_boundary; G7_accent_casual_variant,5.92,6.53,fail,"text collision gates failed: G2_near_high_frequency, G3_embedded_or_contains, G6_clipped_boundary, G7_accent_casual_variant"
606,mechanical pass,below top-250 cut,hey zamona,hey zamona,HH EY1 Z AH0 M OW1 N AH0,4,1-0-1-0,constructed,prefix-required,zamona,NEW ASSISTANT IDENTITY - would replace or sit beside ARIA; Michael's decision,3,vowels may be read differently (HH EY1 Z AA0 M OW1 N AH0),9,7,5,invented word looks less name-like than 84% of real first names,8,4.6,0,,5.7,4.8,0.484,the mona (0.02); ramona (0.1167); have a moment (0.1363); his moment (0.1562),preliminary trademark / naming review required; invented word: clearance search needed,,6.7,6.53,fail,mechanical score 6.7 below the 250th survivor
607,generated,REJECTED (mechanical),fevida,fevida,F EH0 V IY1 D AH0,3,0-1-0,constructed,bare,fevida,NEW ASSISTANT IDENTITY - would replace or sit beside ARIA; Michael's decision,0,written form reads as intended,10.0,7,6,invented word looks less name-like than 70% of real first names,8,3.2,3,evita 0.001%,7.0,3.1,0.307,evita (0.09); self evident (0.1); enough evidence (0.1); enough evidence to (0.1),preliminary trademark / naming review required; invented word: clearance search needed,G3_embedded_or_contains; G4_domain_names_commands; G7_accent_casual_variant,5.98,6.525,fail,"text collision gates failed: G3_embedded_or_contains, G7_accent_casual_variant"
608,generated,REJECTED (mechanical),fonuda,fonuda,F OW0 N UW1 D AH0,3,0-1-0,constructed,bare,fonuda,NEW ASSISTANT IDENTITY - would replace or sit beside ARIA; Michael's decision,0,written form reads as intended,10.0,7,4,invented word looks less name-like than 100% of real first names,8,3.5,0,,7.6,3.2,0.315,need a (0.125); nida (0.125); duda (0.1375); noda (0.1375),preliminary trademark / naming review required; invented word: clearance search needed,G2_near_high_frequency; G3_embedded_or_contains; G7_accent_casual_variant,6.42,6.52,fail,"text collision gates failed: G2_near_high_frequency, G3_embedded_or_contains, G7_accent_casual_variant"
609,generated,REJECTED (mechanical),hey dalton,hey dalton,HH EY1 D AO1 L T AH0 N,3,1-1-0,given_name,prefix-required,dalton,NEW ASSISTANT IDENTITY - would replace or sit beside ARIA; Michael's decision,0,written form reads as intended,9,9,8,,7,5.0,6,"middleton 0.01443%, huddleston 0.00584%, hamilton 0.06839%, dalton 0.008%, dalton",5.0,4.8,0.476,dalton (0.0); doulton (0.075); darton (0.1); middleton (0.1071),preliminary trademark / naming review required; personal name,G2_near_high_frequency; G4_domain_names_commands,5.56,6.52,fail,"text collision gates failed: G2_near_high_frequency, G4_domain_names_commands"
610,generated,REJECTED (mechanical),tovita,tovita,T OW0 V IY1 T AH0,3,0-1-0,constructed,bare,tovita,NEW ASSISTANT IDENTITY - would replace or sit beside ARIA; Michael's decision,0,written form reads as intended,10.0,7,6,invented word looks less name-like than 72% of real first names,8,3.8,3,"antonietta 0.002%, tonita 0.001%, antonetta 0.001%, rosita 0.007%, lovetta 0.001%",5.7,3.0,0.3,zita (0.06); that i've eaten (0.1); might've eaten (0.1083); might've eaten on (0.1083),preliminary trademark / naming review required; invented word: clearance search needed,G3_embedded_or_contains; G4_domain_names_commands,6.1,6.52,fail,text collision gates failed: G3_embedded_or_contains
611,generated,REJECTED (mechanical),hey princess,hey princess,HH EY1 P R IH1 N S EH0 S,3,1-1-0,given_name,prefix-required,princess,NEW ASSISTANT IDENTITY - would replace or sit beside ARIA; Michael's decision,0,written form reads as intended,7,9,8,,7,4.5,3,"princess 0.005%, princess",6.5,5.1,0.512,my princess (0.075); the princess (0.0813); a princess (0.0813); princess (0.125),preliminary trademark / naming review required; personal name,G2_near_high_frequency; G4_domain_names_commands,5.62,6.515,fail,text collision gates failed: G2_near_high_frequency
612,generated,REJECTED (mechanical),hey gerry,hey gerry,HH EY1 JH EH1 R IY0,3,1-1-0,given_name,prefix-required,gerry,NEW ASSISTANT IDENTITY - would replace or sit beside ARIA; Michael's decision,0,written form reads as intended,9,9,7,diminutive form,7,6.0,3,"echeverria 0.0032400000000000003%, fredericka 0.002%, gerry",4.5,4.4,0.439,jerry (0.0); gerry (0.0); geri (0.0); jere (0.0),preliminary trademark / naming review required; personal name,G3_embedded_or_contains; G4_domain_names_commands; G6_clipped_boundary; G7_accent_casual_variant,5.98,6.51,fail,"text collision gates failed: G3_embedded_or_contains, G6_clipped_boundary, G7_accent_casual_variant; same sound as 'hey geri'"
613,generated,REJECTED (mechanical),hey kendrick,hey kendrick,HH EY1 K EH1 N D R IH0 K,3,1-1-0,given_name,prefix-required,kendrick,NEW ASSISTANT IDENTITY - would replace or sit beside ARIA; Michael's decision,0,written form reads as intended,8,9,8,,7,5.0,6,"hendrick 0.00271%, hendrickson 0.01026%, kendrick 0.013%, kendrick",3.8,4.9,0.494,kendrick (0.0); can trick (0.0929); hendrick (0.1171); hendrik (0.1171),preliminary trademark / naming review required; personal name,G4_domain_names_commands,5.62,6.505,fail,text collision gates failed: G4_domain_names_commands
614,generated,REJECTED (mechanical),hey duncan,hey duncan,HH EY1 D AH1 NG K AH0 N,3,1-1-0,given_name,prefix-required,duncan,NEW ASSISTANT IDENTITY - would replace or sit beside ARIA; Michael's decision,0,written form reads as intended,9,9,8,,7,6.0,3,"duncan 0.007%, duncan",6.2,4.8,0.476,duncan (0.0); duncombe (0.05); dunkin (0.0833); dunton (0.1167),preliminary trademark / naming review required; personal name,G2_near_high_frequency; G4_domain_names_commands; G6_clipped_boundary,5.72,6.5,fail,"text collision gates failed: G2_near_high_frequency, G6_clipped_boundary"
615,generated,REJECTED (mechanical),hey haven,hey haven,HH EY1 HH EY1 V AH0 N,3,1-1-0,word_name,prefix-required,haven,NEW ASSISTANT IDENTITY - would replace or sit beside ARIA; Michael's decision,0,written form reads as intended,10.0,9,7,,3,6.0,0,,7.4,4.6,0.458,haven (0.0); hasan (0.048); hazen (0.048); hazan (0.048),preliminary trademark / naming review required; common word: weak distinctiveness,G3_embedded_or_contains; G6_clipped_boundary; G7_accent_casual_variant,6.24,6.5,fail,"text collision gates failed: G3_embedded_or_contains, G6_clipped_boundary, G7_accent_casual_variant"
616,generated,REJECTED (mechanical),hey horizon,hey horizon,HH EY1 HH ER0 AY1 Z AH0 N,4,1-0-1-0,word_name,prefix-required,horizon,NEW ASSISTANT IDENTITY - would replace or sit beside ARIA; Michael's decision,0,written form reads as intended,9,9,7,,3,6.0,0,,6.2,4.8,0.479,horizon (0.0); her eyes on (0.0667); a horizon (0.0857); the horizon (0.0929),preliminary trademark / naming review required; common word: weak distinctiveness,G2_near_high_frequency; G6_clipped_boundary,6.32,6.5,fail,"text collision gates failed: G2_near_high_frequency, G6_clipped_boundary"
617,generated,REJECTED (mechanical),hey landon,hey landon,HH EY1 L AE1 N D AH0 N,3,1-1-0,given_name,prefix-required,landon,NEW ASSISTANT IDENTITY - would replace or sit beside ARIA; Michael's decision,0,written form reads as intended,9,9,8,,7,6.0,3,"landon 0.008%, landon",6.2,4.8,0.476,landon (0.0); london (0.05); land an (0.05); langdon (0.0583),preliminary trademark / naming review required; personal name,G2_near_high_frequency; G4_domain_names_commands; G6_clipped_boundary; G7_accent_casual_variant,5.72,6.5,fail,"text collision gates failed: G2_near_high_frequency, G6_clipped_boundary, G7_accent_casual_variant"
618,generated,REJECTED (mechanical),hi aria,hi AR-ee-uh,HH AY1 AA1 R IY0 AH0,4,1-1-0-0,aria,prefix-required,aria,existing identity (ARIA),6,"written form reads as intended; also spoken AIR-ee-uh = 'area' (Room 214 false wakes, 2026-09-24)",10.0,9,8,,1,5.0,0,,6.1,4.4,0.443,aria (0.0); indo aryan (0.12); indo aryan language (0.12); an indo aryan (0.12),preliminary trademark / naming review required; existing assistant or product use known to the agent (unverified),G3_embedded_or_contains; G4_domain_names_commands; G7_accent_casual_variant,6.66,6.5,fail,"text collision gates failed: G3_embedded_or_contains, G4_domain_names_commands, G7_accent_casual_variant"
619,generated,REJECTED (mechanical),todola,todola,T OW0 D OW1 L AH0,3,0-1-0,constructed,bare,todola,NEW ASSISTANT IDENTITY - would replace or sit beside ARIA; Michael's decision,3,vowels may be read differently (T AH0 D OW1 L AH0),10.0,7,5,invented word looks less name-like than 77% of real first names,8,3.2,3,coppola 0.00294%,4.8,3.1,0.306,bola (0.0875); gola (0.0875); jolla (0.1175); nola (0.1375),preliminary trademark / naming review required; invented word: clearance search needed,G4_domain_names_commands; G7_accent_casual_variant,6.42,6.495,fail,text collision gates failed: G7_accent_casual_variant
620,generated,REJECTED (mechanical),volosa,volosa,V OW0 L OW1 S AH0,3,0-1-0,constructed,bare,volosa,NEW ASSISTANT IDENTITY - would replace or sit beside ARIA; Michael's decision,0,written form reads as intended,9,7,4,invented word looks less name-like than 99% of real first names,8,5.0,0,,2.9,2.9,0.286,llosa (0.0); the loaf of (0.0733); the los angeles (0.0833); rossa (0.1),preliminary trademark / naming review required; invented word: clearance search needed,G3_embedded_or_contains,6.8,6.495,fail,text collision gates failed: G3_embedded_or_contains
621,generated,REJECTED (mechanical),hey shanna,hey shanna,HH EY1 SH AE1 N AH0,3,1-1-0,given_name,prefix-required,shanna,NEW ASSISTANT IDENTITY - would replace or sit beside ARIA; Michael's decision,0,written form reads as intended,9,9,8,,7,6.0,0,shanna,8.7,4.4,0.439,shana (0.0); shanna (0.0); santa (0.03); sanna (0.03),preliminary trademark / naming review required; personal name,G3_embedded_or_contains; G4_domain_names_commands; G6_clipped_boundary; G7_accent_casual_variant,5.74,6.49,fail,"text collision gates failed: G3_embedded_or_contains, G4_domain_names_commands, G6_clipped_boundary, G7_accent_casual_variant"
622,generated,REJECTED (mechanical),hey willie,hey willie,HH EY1 W IH1 L IY0,3,1-1-0,given_name,prefix-required,willie,NEW ASSISTANT IDENTITY - would replace or sit beside ARIA; Michael's decision,0,written form reads as intended,10.0,9,7,diminutive form,7,5.0,3,"whaley 0.00774%, ezequiel 0.004%, willie",8.2,4.4,0.439,willie (0.0); willy (0.0); willi (0.0); willey (0.0),preliminary trademark / naming review required; personal name,G2_near_high_frequency; G3_embedded_or_contains; G4_domain_names_commands; G6_clipped_boundary; G7_accent_casual_variant,5.64,6.49,fail,"text collision gates failed: G2_near_high_frequency, G3_embedded_or_contains, G6_clipped_boundary, G7_accent_casual_variant"
623,generated,REJECTED (mechanical),zodota,zodota,Z OW0 D OW1 T AH0,3,0-1-0,constructed,bare,zodota,NEW ASSISTANT IDENTITY - would replace or sit beside ARIA; Michael's decision,0,written form reads as intended,9,7,4,invented word looks less name-like than 97% of real first names,8,3.5,0,,6.1,3.0,0.304,the boat and (0.0783); botha (0.0875); goat a (0.0875); dopa (0.0875),preliminary trademark / naming review required; invented word: clearance search needed,G3_embedded_or_contains; G7_accent_casual_variant,6.48,6.49,fail,"text collision gates failed: G3_embedded_or_contains, G7_accent_casual_variant"
624,generated,REJECTED (mechanical),fetuda,fetuda,F EH0 T UW1 D AH0,3,0-1-0,constructed,bare,fetuda,NEW ASSISTANT IDENTITY - would replace or sit beside ARIA; Michael's decision,3,vowels may be read differently (F AH0 T UW1 D AH0),10.0,7,4,invented word looks less name-like than 100% of real first names,8,4.2,0,,4.9,3.1,0.306,tuba (0.0875); to die (0.1125); to dye (0.1125); duda (0.1125),preliminary trademark / naming review required; invented word: clearance search needed,G3_embedded_or_contains; G6_clipped_boundary,6.8,6.485,fail,"text collision gates failed: G3_embedded_or_contains, G6_clipped_boundary"
625,generated,REJECTED (mechanical),hey steward,hey steward,HH EY1 S T UW1 ER0 D,3,1-1-0,role,prefix-required,steward,no new identity (functional),0,written form reads as intended,8,7,5,servant/switchboard connotation,3,3.8,0,,5.3,4.8,0.483,the steward (0.1083); to earn (0.1375); westward (0.1417); westwards (0.1417),preliminary trademark / naming review required,G2_near_high_frequency; G7_accent_casual_variant,6.74,6.48,fail,"text collision gates failed: G2_near_high_frequency, G7_accent_casual_variant"
626,generated,REJECTED (mechanical),hey alisa,hey alisa,HH EY1 AH0 L IY1 S AH0,4,1-0-1-0,given_name,prefix-required,alisa,NEW ASSISTANT IDENTITY - would replace or sit beside ARIA; Michael's decision,0,written form reads as intended,9,9,8,,7,5.0,6,"felisa 0.003%, felicia 0.068%, phylicia 0.001%, felicidad 0.001%, felicitas 0.004%",5.2,4.6,0.461,elisa (0.0); alisa (0.0); alyssa (0.03); alissa (0.03),preliminary trademark / naming review required; personal name,G4_domain_names_commands; G6_clipped_boundary,5.48,6.47,fail,"text collision gates failed: G4_domain_names_commands, G6_clipped_boundary"
627,generated,REJECTED (mechanical),hey edmund,hey edmund,HH EY1 EH1 D M AH0 N D,3,1-1-0,given_name,prefix-required,edmund,NEW ASSISTANT IDENTITY - would replace or sit beside ARIA; Michael's decision,0,written form reads as intended,9,9,8,,7,5.0,6,"edmond 0.019%, edmondson 0.00458%, edmund 0.03%, redmond 0.0074%, edmund",5.5,4.8,0.476,edmund (0.0); edmond (0.0); adam and (0.1143); esmond (0.1167),preliminary trademark / naming review required; personal name,G2_near_high_frequency; G3_embedded_or_contains; G4_domain_names_commands,5.46,6.47,fail,"text collision gates failed: G2_near_high_frequency, G3_embedded_or_contains, G4_domain_names_commands"
628,generated,REJECTED (mechanical),hey eleanor,hey eleanor,HH EY1 EH1 L AH0 N AO0 R,4,1-1-0-0,given_name,prefix-required,eleanor,NEW ASSISTANT IDENTITY - would replace or sit beside ARIA; Michael's decision,2,written form reads as intended; 2 dictionary pronunciations,10.0,9,8,,7,5.0,9,"elanor 0.002%, eleanor 0.15%, eleanore 0.007%, eleanor",3.0,4.8,0.479,eleanor (0.0); eleanor's (0.1429); elsinore (0.1429); elmore (0.15),preliminary trademark / naming review required; personal name,G4_domain_names_commands,5.56,6.47,fail,text collision gates failed: G4_domain_names_commands
629,generated,REJECTED (mechanical),hey rowan,hey rowan,HH EY1 R OW1 AH0 N,3,1-1-0,word_name,prefix-required,rowan,NEW ASSISTANT IDENTITY - would replace or sit beside ARIA; Michael's decision,0,written form reads as intended,10.0,9,7,,6,5.0,3,"herrmann 0.0044800000000000005%, herron 0.009%",7.9,4.4,0.439,rowan (0.0); rohan (0.0); rowen (0.0); heroin (0.0583),preliminary trademark / naming review required,G3_embedded_or_contains; G4_domain_names_commands; G7_accent_casual_variant,5.7,6.47,fail,"text collision gates failed: G3_embedded_or_contains, G7_accent_casual_variant"
630,generated,REJECTED (mechanical),hey conrad,hey conrad,HH EY1 K AA1 N R AE0 D,3,1-1-0,given_name,prefix-required,conrad,NEW ASSISTANT IDENTITY - would replace or sit beside ARIA; Michael's decision,0,written form reads as intended,9,9,8,,7,6.0,6,"conrad 0.022%, conrad",3.7,4.8,0.476,conrad (0.0); comrade (0.05); konrad (0.05); they can read (0.1),preliminary trademark / naming review required; personal name,G4_domain_names_commands; G6_clipped_boundary; G7_accent_casual_variant,5.62,6.45,fail,"text collision gates failed: G4_domain_names_commands, G6_clipped_boundary, G7_accent_casual_variant"
631,generated,REJECTED (mechanical),hey lottie,hey lottie,HH EY1 L AA1 T IY0,3,1-1-0,given_name,prefix-required,lottie,NEW ASSISTANT IDENTITY - would replace or sit beside ARIA; Michael's decision,0,written form reads as intended,10.0,9,7,diminutive form,7,6.0,3,"hilaria 0.002%, hilario 0.005%, lottie",6.6,4.4,0.439,lottie (0.0); lahti (0.0); layla to (0.1); layla killed (0.1),preliminary trademark / naming review required; personal name,G2_near_high_frequency; G3_embedded_or_contains; G4_domain_names_commands,5.76,6.45,fail,"text collision gates failed: G2_near_high_frequency, G3_embedded_or_contains"
632,generated,REJECTED (mechanical),hey olive,hey olive,HH EY1 AA1 L AH0 V,3,1-1-0,word_name,prefix-required,olive,NEW ASSISTANT IDENTITY - would replace or sit beside ARIA; Michael's decision,2,written form reads as intended; 2 dictionary pronunciations,10.0,9,7,,3,6.0,0,,6.6,4.4,0.439,olive (0.0); all of (0.05); they are of (0.08); say i love (0.09),preliminary trademark / naming review required; common word: weak distinctiveness,G2_near_high_frequency; G3_embedded_or_contains; G6_clipped_boundary; G7_accent_casual_variant,6.36,6.45,fail,"text collision gates failed: G2_near_high_frequency, G3_embedded_or_contains, G6_clipped_boundary, G7_accent_casual_variant"
633,generated,REJECTED (mechanical),hey savanna,hey savanna,HH EY1 S AH0 V AE1 N AH0,4,1-0-1-0,word_name,prefix-required,savanna,NEW ASSISTANT IDENTITY - would replace or sit beside ARIA; Michael's decision,0,written form reads as intended,9,9,7,,6,5.0,6,"savanna 0.002%, savannah 0.01%",4.2,4.8,0.479,savannah (0.0); savanna (0.0); havana (0.0583); races in a (0.0914),preliminary trademark / naming review required,G4_domain_names_commands,5.72,6.45,fail,text collision gates failed: G4_domain_names_commands
634,generated,REJECTED (mechanical),hey savannah,hey savannah,HH EY1 S AH0 V AE1 N AH0,4,1-0-1-0,word_name,prefix-required,savannah,NEW ASSISTANT IDENTITY - would replace or sit beside ARIA; Michael's decision,0,written form reads as intended,9,9,7,,6,5.0,6,"savanna 0.002%, savannah 0.01%",4.2,4.8,0.479,savannah (0.0); savanna (0.0); havana (0.0583); races in a (0.0914),preliminary trademark / naming review required,G4_domain_names_commands,5.72,6.45,fail,text collision gates failed: G4_domain_names_commands; same sound as 'hey savanna'
635,generated,REJECTED (mechanical),deloris,deloris,D EH1 L ER0 IH0 S,3,1-0-0,given_name,bare,deloris,NEW ASSISTANT IDENTITY - would replace or sit beside ARIA; Michael's decision,0,written form reads as intended,9,9,8,,5,3.5,6,"belkis 0.001%, delrosario 0.00285%, deloris 0.025%",5.4,3.2,0.315,art dealer isn't (0.125); dealer isn't (0.125); dealer is (0.125); terrorist (0.1417),preliminary trademark / naming review required; personal name,G3_embedded_or_contains; G4_domain_names_commands; G7_accent_casual_variant,5.46,6.44,fail,"text collision gates failed: G3_embedded_or_contains, G7_accent_casual_variant"
636,generated,REJECTED (mechanical),hey butler,hey butler,HH EY1 B AH1 T L ER0,3,1-1-0,role,prefix-required,butler,no new identity (functional),0,written form reads as intended,9,7,5,servant/switchboard connotation,3,6.0,0,,2.5,4.6,0.458,butler (0.0); buttler (0.0); buckler (0.07); bottler (0.08),preliminary trademark / naming review required; common word: weak distinctiveness,G6_clipped_boundary; G7_accent_casual_variant,7.02,6.44,fail,"text collision gates failed: G6_clipped_boundary, G7_accent_casual_variant"
637,generated,REJECTED (mechanical),hey vonnie,hey vonnie,HH EY1 V AA1 N IY0,3,1-1-0,given_name,prefix-required,vonnie,NEW ASSISTANT IDENTITY - would replace or sit beside ARIA; Michael's decision,0,written form reads as intended,10.0,9,7,diminutive form,7,4.6,3,"echevarria 0.00331%, havens 0.0039700000000000004%, vonnie",9.8,4.6,0.456,save on (0.07); haven (0.08); days on end (0.108); have on (0.11),preliminary trademark / naming review required; personal name,G2_near_high_frequency; G3_embedded_or_contains; G4_domain_names_commands; G6_clipped_boundary,5.44,6.44,fail,"text collision gates failed: G2_near_high_frequency, G3_embedded_or_contains, G6_clipped_boundary"
638,generated,REJECTED (mechanical),hey ember,hey ember,HH EY1 EH1 M B ER0,3,1-1-0,word_name,prefix-required,ember,NEW ASSISTANT IDENTITY - would replace or sit beside ARIA; Michael's decision,0,written form reads as intended,9,9,7,,6,5.0,6,humberto 0.018%,3.8,4.4,0.439,ember (0.0); amber (0.05); say in berber (0.1); reimburse (0.13),preliminary trademark / naming review required,G3_embedded_or_contains; G4_domain_names_commands; G7_accent_casual_variant,5.72,6.43,fail,"text collision gates failed: G3_embedded_or_contains, G4_domain_names_commands, G7_accent_casual_variant"
639,generated,REJECTED (mechanical),hey operator,hey operator,HH EY1 AA1 P ER0 EY2 T ER0,5,1-1-0-2-0,role,prefix-required,operator,no new identity (functional),0,written form reads as intended,10.0,7,5,servant/switchboard connotation,3,6.0,0,,4.4,4.8,0.483,operator (0.0); the operator (0.0929); operate a (0.1); operators (0.1429),preliminary trademark / naming review required; common word: weak distinctiveness,G2_near_high_frequency; G6_clipped_boundary,6.88,6.43,fail,"text collision gates failed: G2_near_high_frequency, G6_clipped_boundary"
640,generated,REJECTED (mechanical),hey zatuna,hey zatuna,HH EY1 Z AH0 T UW1 N AH0,4,1-0-1-0,constructed,prefix-required,zatuna,NEW ASSISTANT IDENTITY - would replace or sit beside ARIA; Michael's decision,3,vowels may be read differently (HH EY1 Z AA0 T UW1 N AH0),9,7,4,invented word looks less name-like than 99% of real first names,8,4.6,0,,5.7,4.8,0.484,the tuna (0.02); the tune (0.12); is a tonal (0.1286); his tune (0.1357),preliminary trademark / naming review required; invented word: clearance search needed,G3_embedded_or_contains,6.7,6.43,fail,text collision gates failed: G3_embedded_or_contains
641,generated,REJECTED (mechanical),nevota,nevota,N EH0 V OW1 T AH0,3,0-1-0,constructed,bare,nevota,NEW ASSISTANT IDENTITY - would replace or sit beside ARIA; Michael's decision,0,written form reads as intended,10.0,7,4,invented word looks less name-like than 94% of real first names,8,3.8,0,,7.8,3.1,0.311,inevitable (0.1083); inevitably (0.1083); unavoidable (0.1083); unavoidably (0.1083),preliminary trademark / naming review required; invented word: clearance search needed,G3_embedded_or_contains; G7_accent_casual_variant,6.3,6.425,fail,"text collision gates failed: G3_embedded_or_contains, G7_accent_casual_variant"
642,generated,REJECTED (mechanical),hey summit,hey summit,HH EY1 S AH1 M AH0 T,3,1-1-0,word_name,prefix-required,summit,NEW ASSISTANT IDENTITY - would replace or sit beside ARIA; Michael's decision,2,written form reads as intended; 2 dictionary pronunciations,9,9,7,,3,6.0,0,,5.7,4.6,0.458,summit (0.0); some at (0.06); sum up (0.07); a summit (0.1),preliminary trademark / naming review required; common word: weak distinctiveness,G2_near_high_frequency; G6_clipped_boundary; G7_accent_casual_variant,6.38,6.42,fail,"text collision gates failed: G2_near_high_frequency, G6_clipped_boundary, G7_accent_casual_variant"
643,generated,REJECTED (mechanical),hey terrance,hey terrance,HH EY1 T EH1 R AH0 N S,3,1-1-0,given_name,prefix-required,terrance,NEW ASSISTANT IDENTITY - would replace or sit beside ARIA; Michael's decision,0,written form reads as intended,8,9,8,,7,5.0,6,"terence 0.022%, terrance 0.048%, terrence 0.047%, terrance",4.5,4.8,0.476,terence (0.0); terrence (0.0); terrance (0.0); torrance (0.1167),preliminary trademark / naming review required; personal name,G4_domain_names_commands; G7_accent_casual_variant,5.46,6.42,fail,"text collision gates failed: G4_domain_names_commands, G7_accent_casual_variant"
644,generated,REJECTED (mechanical),hey terrence,hey terrence,HH EY1 T EH1 R AH0 N S,3,1-1-0,given_name,prefix-required,terrence,NEW ASSISTANT IDENTITY - would replace or sit beside ARIA; Michael's decision,0,written form reads as intended,8,9,8,,7,5.0,6,"terence 0.022%, terrance 0.048%, terrence 0.047%, terrence",4.5,4.8,0.476,terence (0.0); terrence (0.0); terrance (0.0); torrance (0.1167),preliminary trademark / naming review required; personal name,G4_domain_names_commands; G7_accent_casual_variant,5.46,6.42,fail,"text collision gates failed: G4_domain_names_commands, G7_accent_casual_variant; same sound as 'hey terrance'"
645,generated,REJECTED (mechanical),morova,morova,M OW0 R OW1 V AH0,3,0-1-0,constructed,bare,morova,NEW ASSISTANT IDENTITY - would replace or sit beside ARIA; Michael's decision,3,vowels may be read differently (M AO0 R OW1 V AH0),10.0,7,4,invented word looks less name-like than 95% of real first names,8,4.0,0,,5.8,3.0,0.298,row the (0.05); rosa (0.06); rose a (0.06); roza (0.06),preliminary trademark / naming review required; invented word: clearance search needed,G2_near_high_frequency; G7_accent_casual_variant,6.64,6.42,fail,"text collision gates failed: G2_near_high_frequency, G7_accent_casual_variant"
646,generated,REJECTED (mechanical),solota,solota,S OW0 L OW1 T AH0,3,0-1-0,constructed,bare,solota,NEW ASSISTANT IDENTITY - would replace or sit beside ARIA; Michael's decision,0,written form reads as intended,9,7,5,invented word looks less name-like than 87% of real first names,8,4.2,0,,6.6,3.1,0.306,loca (0.0875); wrote a (0.1); rota (0.1); solo trip (0.1),preliminary trademark / naming review required; invented word: clearance search needed,G2_near_high_frequency; G3_embedded_or_contains; G6_clipped_boundary; G7_accent_casual_variant,6.26,6.415,fail,"text collision gates failed: G2_near_high_frequency, G3_embedded_or_contains, G6_clipped_boundary, G7_accent_casual_variant"
647,generated,REJECTED (mechanical),hey companion,hey companion,HH EY1 K AH0 M P AE1 N Y AH0 N,4,1-0-1-0,role,prefix-required,companion,no new identity (functional),0,written form reads as intended,9,7,7,,3,6.0,0,,6.0,5.3,0.534,companion (0.0); my companion (0.06); a companion (0.06); her companion (0.0909),preliminary trademark / naming review required; common word: weak distinctiveness,G2_near_high_frequency; G6_clipped_boundary; G7_accent_casual_variant,6.46,6.395,fail,"text collision gates failed: G2_near_high_frequency, G6_clipped_boundary, G7_accent_casual_variant"
648,generated,REJECTED (mechanical),dorana,dorana,D OW0 R AA1 N AH0,3,0-1-0,constructed,bare,dorana,NEW ASSISTANT IDENTITY - would replace or sit beside ARIA; Michael's decision,3,vowels may be read differently (D AO0 R AA1 N AH0),10.0,7,7,,8,3.5,3,"delana 0.002%, giovanna 0.003%, dorotha 0.003%, durand 0.00296%, joana 0.003%",7.1,3.0,0.303,rama (0.075); door on (0.09); run a (0.1); ran a (0.125),preliminary trademark / naming review required; invented word: clearance search needed,G2_near_high_frequency; G3_embedded_or_contains; G4_domain_names_commands; G6_clipped_boundary; G7_accent_casual_variant,5.88,6.39,fail,"text collision gates failed: G2_near_high_frequency, G3_embedded_or_contains, G6_clipped_boundary, G7_accent_casual_variant"
649,generated,REJECTED (mechanical),hey berry,hey berry,HH EY1 B EH1 R IY0,3,1-1-0,given_name,prefix-required,berry,NEW ASSISTANT IDENTITY - would replace or sit beside ARIA; Michael's decision,0,written form reads as intended,10.0,9,7,diminutive form,7,6.0,3,"mayberry 0.004860000000000001%, fredericka 0.002%, berry",7.3,4.4,0.439,barry (0.0); berry (0.0); bury (0.0); barrie (0.0),preliminary trademark / naming review required; personal name,G2_near_high_frequency; G3_embedded_or_contains; G4_domain_names_commands; G6_clipped_boundary; G7_accent_casual_variant,5.62,6.38,fail,"text collision gates failed: G2_near_high_frequency, G3_embedded_or_contains, G6_clipped_boundary, G7_accent_casual_variant"
650,generated,REJECTED (mechanical),hey zamena,hey zamena,HH EY1 Z AH0 M EH1 N AH0,4,1-0-1-0,constructed,prefix-required,zamena,NEW ASSISTANT IDENTITY - would replace or sit beside ARIA; Michael's decision,3,vowels may be read differently (HH EY1 Z AA0 M IY1 N AH0),9,7,5,invented word looks less name-like than 85% of real first names,8,4.6,0,,7.5,5.0,0.496,the mena (0.07); he's a man (0.0929); the men (0.12); the many (0.12),preliminary trademark / naming review required; invented word: clearance search needed,G2_near_high_frequency; G6_clipped_boundary; G7_accent_casual_variant,6.38,6.38,fail,"text collision gates failed: G2_near_high_frequency, G6_clipped_boundary, G7_accent_casual_variant"
651,mechanical pass,below top-250 cut,govola,govola,G OW0 V OW1 L AH0,3,0-1-0,constructed,bare,govola,NEW ASSISTANT IDENTITY - would replace or sit beside ARIA; Michael's decision,3,vowels may be read differently (G AH0 V OW1 L AH0),10.0,7,4,invented word looks less name-like than 99% of real first names,8,3.8,3,"gurrola 0.00244%, coppola 0.00294%",3.7,3.0,0.3,zola (0.06); goes all (0.138); galapagos islands (0.14); the galapagos islands (0.14),preliminary trademark / naming review required; invented word: clearance search needed,G4_domain_names_commands,6.5,6.37,fail,mechanical score 6.5 below the 250th survivor
652,generated,REJECTED (mechanical),hey kendall,hey kendall,HH EY1 K EH1 N D AH0 L,3,1-1-0,given_name,prefix-required,kendall,NEW ASSISTANT IDENTITY - would replace or sit beside ARIA; Michael's decision,0,written form reads as intended,9,9,8,,7,5.0,6,"kuykendall 0.0033399999999999997%, kendal 0.001%, kendall 0.016%, kendall",6.5,4.8,0.476,kendall (0.0); kendal (0.0); candle (0.0333); kindle (0.0333),preliminary trademark / naming review required; personal name,G2_near_high_frequency; G3_embedded_or_contains; G4_domain_names_commands; G7_accent_casual_variant,5.26,6.37,fail,"text collision gates failed: G2_near_high_frequency, G3_embedded_or_contains, G4_domain_names_commands, G7_accent_casual_variant"
653,generated,REJECTED (mechanical),hey pearl,hey pearl,HH EY1 P ER1 L,2,1-1,word_name,prefix-required,pearl,NEW ASSISTANT IDENTITY - would replace or sit beside ARIA; Michael's decision,0,written form reads as intended,8,8,7,,3,6.0,0,,4.1,4.2,0.418,pearl (0.0); perl (0.0); perle (0.0); hater (0.0875),preliminary trademark / naming review required; common word: weak distinctiveness,G3_embedded_or_contains; G6_clipped_boundary; G7_accent_casual_variant,6.42,6.37,fail,"text collision gates failed: G3_embedded_or_contains, G6_clipped_boundary, G7_accent_casual_variant; too short (2 syllables; minimum 3)"
654,generated,REJECTED (mechanical),hey sterling,hey sterling,HH EY1 S T ER1 L IH0 NG,3,1-1-0,word_name,prefix-required,sterling,NEW ASSISTANT IDENTITY - would replace or sit beside ARIA; Michael's decision,0,written form reads as intended,8,9,7,,3,3.6,6,"easterling 0.0028599999999999997%, sterling 0.016%",5.0,4.9,0.492,curling (0.07); a sterling (0.0929); hastily (0.1071); a sister language (0.1375),preliminary trademark / naming review required; common word: weak distinctiveness,G2_near_high_frequency; G4_domain_names_commands; G7_accent_casual_variant,5.66,6.365,fail,"text collision gates failed: G2_near_high_frequency, G4_domain_names_commands, G7_accent_casual_variant"
655,generated,REJECTED (mechanical),virgilio,virgilio,V ER0 JH IH1 L IY0 OW0,4,0-1-0-0,given_name,bare,virgilio,NEW ASSISTANT IDENTITY - would replace or sit beside ARIA; Michael's decision,0,written form reads as intended,9,8,8,,7,6.2,3,virgilio 0.004%,4.1,3.4,0.335,julio (0.12); giulio (0.12); they verbally abused (0.1571); giglio (0.1667),preliminary trademark / naming review required; personal name,G7_accent_casual_variant,5.82,6.36,fail,text collision gates failed: G7_accent_casual_variant
656,generated,REJECTED (mechanical),hey lillian,hey lillian,HH EY1 L IH1 L IY0 AH0 N,4,1-1-0-0,given_name,prefix-required,lillian,NEW ASSISTANT IDENTITY - would replace or sit beside ARIA; Michael's decision,0,written form reads as intended,10.0,9,8,,7,5.0,9,"harrelson 0.00272%, lilian 0.011%, lillian 0.211%, lillian",5.2,4.8,0.479,lillian (0.0); lilian (0.0); liliane (0.0); really an (0.1167),preliminary trademark / naming review required; personal name,G2_near_high_frequency; G4_domain_names_commands; G7_accent_casual_variant,5.12,6.35,fail,"text collision gates failed: G2_near_high_frequency, G4_domain_names_commands, G7_accent_casual_variant"
657,generated,REJECTED (mechanical),hey kenton,hey kenton,HH EY1 K EH1 N T AH0 N,3,1-1-0,given_name,prefix-required,kenton,NEW ASSISTANT IDENTITY - would replace or sit beside ARIA; Michael's decision,0,written form reads as intended,9,9,8,,7,5.0,6,"harrington 0.022699999999999998%, herrington 0.00491%, kenton 0.005%, kenton",6.8,4.8,0.476,kenton (0.0); canton (0.0333); centum (0.05); penton (0.0583),preliminary trademark / naming review required; personal name,G3_embedded_or_contains; G4_domain_names_commands,5.2,6.34,fail,"text collision gates failed: G3_embedded_or_contains, G4_domain_names_commands"
658,generated,REJECTED (mechanical),hey jacqueline,hey jacqueline,HH EY1 JH AE1 K W AH0 L IH0 N,4,1-1-0-0,given_name,prefix-required,jacqueline,NEW ASSISTANT IDENTITY - would replace or sit beside ARIA; Michael's decision,2,written form reads as intended; 3 dictionary pronunciations,8,9,8,,7,5.0,9,"jacqueline 0.228%, jacqualine 0.002%, jacquelyn 0.041%, jacquelynn 0.002%, jacqueline",2.0,5.2,0.516,jacqueline (0.0); jacquelyn (0.0625); equal in (0.1875); jaclyn (0.2),preliminary trademark / naming review required; personal name,G4_domain_names_commands,5.44,6.33,fail,text collision gates failed: G4_domain_names_commands
659,generated,REJECTED (mechanical),hey cathleen,hey cathleen,HH EY1 K AE2 TH L IY1 N,3,1-2-1,given_name,prefix-required,cathleen,NEW ASSISTANT IDENTITY - would replace or sit beside ARIA; Michael's decision,0,written form reads as intended,9,9,8,,7,6.0,9,"cathleen 0.017%, kathleen 0.424%, kathlene 0.003%, cathleen",2.0,4.8,0.476,kathleen (0.0); cathleen (0.0); catherine (0.0917); katherine (0.0917),preliminary trademark / naming review required; personal name,G4_domain_names_commands; G6_clipped_boundary; G7_accent_casual_variant,5.36,6.32,fail,"text collision gates failed: G4_domain_names_commands, G6_clipped_boundary, G7_accent_casual_variant"
660,generated,REJECTED (mechanical),hey harmony,hey harmony,HH EY1 HH AA1 R M AH0 N IY0,4,1-1-0-0,word_name,prefix-required,harmony,NEW ASSISTANT IDENTITY - would replace or sit beside ARIA; Michael's decision,0,written form reads as intended,9,9,7,,3,6.0,3,harmony 0.002%,5.3,5.0,0.498,harmony (0.0); a harmony (0.075); for money (0.0786); the harmony (0.0813),preliminary trademark / naming review required; common word: weak distinctiveness,G2_near_high_frequency; G4_domain_names_commands; G6_clipped_boundary; G7_accent_casual_variant,5.94,6.32,fail,"text collision gates failed: G2_near_high_frequency, G6_clipped_boundary, G7_accent_casual_variant"
661,generated,REJECTED (mechanical),gatuda,gatuda,G AH0 T UW1 D AH0,3,0-1-0,constructed,bare,gatuda,NEW ASSISTANT IDENTITY - would replace or sit beside ARIA; Michael's decision,0,written form reads as intended,10.0,7,4,invented word looks less name-like than 99% of real first names,8,4.2,0,,8.1,3.1,0.306,tuba (0.0875); longitudinal (0.0983); a tuna (0.11); to die (0.1125),preliminary trademark / naming review required; invented word: clearance search needed,G2_near_high_frequency; G3_embedded_or_contains; G6_clipped_boundary,6.16,6.315,fail,"text collision gates failed: G2_near_high_frequency, G3_embedded_or_contains, G6_clipped_boundary"
662,generated,REJECTED (mechanical),vetada,vetada,V EH0 T AA1 D AH0,3,0-1-0,constructed,bare,vetada,NEW ASSISTANT IDENTITY - would replace or sit beside ARIA; Michael's decision,3,vowels may be read differently (V EY0 T AA1 D AH0),10.0,7,5,invented word looks less name-like than 87% of real first names,8,5.0,0,,5.7,2.9,0.286,tada (0.0); that odd (0.08); cada (0.0875); the tidal (0.1083),preliminary trademark / naming review required; invented word: clearance search needed,G3_embedded_or_contains,6.44,6.315,fail,text collision gates failed: G3_embedded_or_contains
663,generated,REJECTED (mechanical),coneva,coneva,K OW0 N EH1 V AH0,3,0-1-0,constructed,bare,coneva,NEW ASSISTANT IDENTITY - would replace or sit beside ARIA; Michael's decision,3,vowels may be read differently (K AH0 N IY1 V AH0),10.0,7,5,invented word looks less name-like than 78% of real first names,8,4.5,3,antonetta 0.001%,3.9,3.0,0.303,mechanism (0.0733); taken as a (0.0733); bacon is a (0.0733); tokenism (0.0733),preliminary trademark / naming review required; invented word: clearance search needed,G4_domain_names_commands; G7_accent_casual_variant,6.32,6.31,fail,text collision gates failed: G7_accent_casual_variant
664,generated,REJECTED (mechanical),hey sheldon,hey sheldon,HH EY1 SH EH1 L D AH0 N,3,1-1-0,given_name,prefix-required,sheldon,NEW ASSISTANT IDENTITY - would replace or sit beside ARIA; Michael's decision,0,written form reads as intended,8,9,8,,7,5.0,6,"sheldon 0.023%, sheldon",5.6,4.8,0.476,sheldon (0.0); selden (0.02); seldon (0.02); they seldom (0.06),preliminary trademark / naming review required; personal name,G4_domain_names_commands; G7_accent_casual_variant,5.24,6.31,fail,"text collision gates failed: G4_domain_names_commands, G7_accent_casual_variant"
665,generated,REJECTED (mechanical),hey lark,hey lark,HH EY1 L AA1 R K,2,1-1,word_name,prefix-required,lark,NEW ASSISTANT IDENTITY - would replace or sit beside ARIA; Michael's decision,0,written form reads as intended,7,8,7,,6,5.0,3,"hilaria 0.002%, hilario 0.005%",4.1,4.4,0.436,lark (0.0); hell are (0.07); hill are (0.07); he locked (0.09),preliminary trademark / naming review required,G4_domain_names_commands; G7_accent_casual_variant,5.86,6.3,fail,text collision gates failed: G7_accent_casual_variant; too short (2 syllables; minimum 3)
666,generated,REJECTED (mechanical),bovila,bovila,B OW0 V IY1 L AH0,3,0-1-0,constructed,bare,bovila,NEW ASSISTANT IDENTITY - would replace or sit beside ARIA; Michael's decision,0,written form reads as intended,10.0,7,5,invented word looks less name-like than 88% of real first names,8,6.0,3,"novella 0.004%, segovia 0.00447%, teofila 0.001%",2.4,2.9,0.286,vila (0.0); villa (0.0375); basilica (0.065); vela (0.075),preliminary trademark / naming review required; invented word: clearance search needed,G4_domain_names_commands; G6_clipped_boundary,6.3,6.295,fail,text collision gates failed: G6_clipped_boundary
667,generated,REJECTED (mechanical),hey keven,hey keven,HH EY1 K IY1 V AH0 N,3,1-1-0,given_name,prefix-required,keven,NEW ASSISTANT IDENTITY - would replace or sit beside ARIA; Michael's decision,0,written form reads as intended,10.0,9,8,,7,5.0,9,"stephen 0.54%, stephenson 0.016149999999999998%, steven 0.78%, stevenson 0.02548%, keven",5.5,4.6,0.458,keven (0.0); kevan (0.06); awake isn't (0.065); cake isn't (0.065),preliminary trademark / naming review required; personal name,G2_near_high_frequency; G4_domain_names_commands; G6_clipped_boundary,5.02,6.29,fail,"text collision gates failed: G2_near_high_frequency, G4_domain_names_commands, G6_clipped_boundary"
668,generated,REJECTED (mechanical),hey serena,hey serena,HH EY1 S AH0 R IY1 N AH0,4,1-0-1-0,word_name,prefix-required,serena,NEW ASSISTANT IDENTITY - would replace or sit beside ARIA; Michael's decision,0,written form reads as intended,9,9,7,,6,6.0,6,serena 0.013%,3.8,4.8,0.479,serena (0.0); selena (0.0667); selina (0.0667); salina (0.0667),preliminary trademark / naming review required,G4_domain_names_commands; G6_clipped_boundary; G7_accent_casual_variant,5.6,6.29,fail,"text collision gates failed: G4_domain_names_commands, G6_clipped_boundary, G7_accent_casual_variant"
669,generated,REJECTED (mechanical),fevana,fevana,F EH0 V AA1 N AH0,3,0-1-0,constructed,bare,fevana,NEW ASSISTANT IDENTITY - would replace or sit beside ARIA; Michael's decision,0,written form reads as intended,10.0,7,6,invented word looks less name-like than 64% of real first names,8,5.2,0,,8.3,3.0,0.295,ivana (0.04); is on a (0.088); is ana (0.088); says on (0.096),preliminary trademark / naming review required; invented word: clearance search needed,G3_embedded_or_contains; G4_domain_names_commands; G6_clipped_boundary,5.9,6.28,fail,"text collision gates failed: G3_embedded_or_contains, G4_domain_names_commands, G6_clipped_boundary"
670,generated,REJECTED (mechanical),fotosa,fotosa,F OW0 T OW1 S AH0,3,0-1-0,constructed,bare,fotosa,NEW ASSISTANT IDENTITY - would replace or sit beside ARIA; Michael's decision,0,written form reads as intended,9,7,4,invented word looks less name-like than 99% of real first names,8,3.5,0,,8.2,3.0,0.303,photos of (0.075); photos of the (0.075); took photos of (0.075); photos of his (0.075),preliminary trademark / naming review required; invented word: clearance search needed,G2_near_high_frequency; G3_embedded_or_contains; G6_clipped_boundary,6.06,6.28,fail,"text collision gates failed: G2_near_high_frequency, G3_embedded_or_contains, G6_clipped_boundary"
671,generated,REJECTED (mechanical),hey danny,hey danny,HH EY1 D AE1 N IY0,3,1-1-0,given_name,prefix-required,danny,NEW ASSISTANT IDENTITY - would replace or sit beside ARIA; Michael's decision,0,written form reads as intended,10.0,9,7,diminutive form,7,6.0,3,"hayden 0.004%, danny",8.3,4.4,0.439,danny (0.0); dannie (0.0); made any (0.04); paid any (0.04),preliminary trademark / naming review required; personal name,G2_near_high_frequency; G3_embedded_or_contains; G4_domain_names_commands; G6_clipped_boundary; G7_accent_casual_variant,5.42,6.28,fail,"text collision gates failed: G2_near_high_frequency, G3_embedded_or_contains, G6_clipped_boundary, G7_accent_casual_variant"
672,mechanical pass,below top-250 cut,lemova,lemova,L EH0 M OW1 V AH0,3,0-1-0,constructed,bare,lemova,NEW ASSISTANT IDENTITY - would replace or sit beside ARIA; Michael's decision,0,written form reads as intended,9,7,4,invented word looks less name-like than 93% of real first names,8,4.0,3,remona 0.001%,4.3,3.0,0.298,mow the (0.05); nova (0.075); limos (0.088); villanova (0.1),preliminary trademark / naming review required; invented word: clearance search needed,G4_domain_names_commands,6.14,6.27,fail,mechanical score 6.14 below the 250th survivor
673,generated,REJECTED (mechanical),hey stephanie,hey stephanie,HH EY1 S T EH1 F AH0 N IY0,4,1-1-0-0,given_name,prefix-required,stephanie,NEW ASSISTANT IDENTITY - would replace or sit beside ARIA; Michael's decision,0,written form reads as intended,8,9,7,diminutive form,7,4.3,9,"stefani 0.003%, stefanie 0.021%, stefany 0.001%, stephani 0.003%, stephanie 0.4%",3.9,5.1,0.505,tiffany (0.0333); railway station is (0.1062); stephanie (0.125); stefani (0.125),preliminary trademark / naming review required; personal name,G4_domain_names_commands,5.18,6.265,fail,text collision gates failed: G4_domain_names_commands
674,generated,REJECTED (mechanical),hey autumn,hey autumn,HH EY1 AO1 T AH0 M,3,1-1-0,word_name,prefix-required,autumn,NEW ASSISTANT IDENTITY - would replace or sit beside ARIA; Michael's decision,0,written form reads as intended,10.0,9,7,,3,6.0,3,houghton 0.00379%,6.5,4.4,0.439,autumn (0.0); semiautomatic (0.12); atom (0.125); the autumn (0.13),preliminary trademark / naming review required; common word: weak distinctiveness,G2_near_high_frequency; G3_embedded_or_contains; G4_domain_names_commands; G6_clipped_boundary; G7_accent_casual_variant,5.78,6.26,fail,"text collision gates failed: G2_near_high_frequency, G3_embedded_or_contains, G6_clipped_boundary, G7_accent_casual_variant"
675,generated,REJECTED (mechanical),peluva,peluva,P EH0 L UW1 V AH0,3,0-1-0,constructed,bare,peluva,NEW ASSISTANT IDENTITY - would replace or sit beside ARIA; Michael's decision,3,vowels may be read differently (P EH2 L UW0 V AA1),10.0,7,4,invented word looks less name-like than 100% of real first names,8,4.8,0,,5.8,3.0,0.3,lose a (0.06); lollapalooza (0.09); collusion (0.1167); people easily (0.1233),preliminary trademark / naming review required; invented word: clearance search needed,G2_near_high_frequency; G3_embedded_or_contains,6.48,6.26,fail,"text collision gates failed: G2_near_high_frequency, G3_embedded_or_contains"
676,generated,REJECTED (mechanical),domala,domala,D OW0 M AA1 L AH0,3,0-1-0,constructed,bare,domala,NEW ASSISTANT IDENTITY - would replace or sit beside ARIA; Michael's decision,0,written form reads as intended,10.0,7,6,invented word looks less name-like than 62% of real first names,8,5.0,3,"donella 0.001%, damaris 0.006%, tamala 0.002%, domonique 0.002%, romana 0.003%",5.8,2.9,0.286,mala (0.0); o'meara (0.08); o'mara (0.08); done all of (0.0833),preliminary trademark / naming review required; invented word: clearance search needed,G3_embedded_or_contains; G4_domain_names_commands,5.82,6.255,fail,text collision gates failed: G3_embedded_or_contains
677,generated,REJECTED (mechanical),gotuda,gotuda,G OW0 T UW1 D AH0,3,0-1-0,constructed,bare,gotuda,NEW ASSISTANT IDENTITY - would replace or sit beside ARIA; Michael's decision,0,written form reads as intended,10.0,7,4,invented word looks less name-like than 100% of real first names,8,3.5,0,,10.0,3.0,0.303,go to today's (0.075); go to tonight's (0.075); go to japan (0.0783); diego couldn't (0.0833),preliminary trademark / naming review required; invented word: clearance search needed,G2_near_high_frequency; G3_embedded_or_contains; G6_clipped_boundary,5.9,6.25,fail,"text collision gates failed: G2_near_high_frequency, G3_embedded_or_contains, G6_clipped_boundary"
678,generated,REJECTED (mechanical),fodela,fodela,F OW0 D EH1 L AH0,3,0-1-0,constructed,bare,fodela,NEW ASSISTANT IDENTITY - would replace or sit beside ARIA; Michael's decision,0,written form reads as intended,10.0,7,5,invented word looks less name-like than 87% of real first names,8,5.0,3,fidela 0.001%,4.9,2.9,0.286,della (0.0); dela (0.0); so delicate (0.04); dalla (0.05),preliminary trademark / naming review required; invented word: clearance search needed,G4_domain_names_commands; G6_clipped_boundary,6.0,6.245,fail,text collision gates failed: G6_clipped_boundary
679,generated,REJECTED (mechanical),dorata,dorata,D OW0 R AA1 T AH0,3,0-1-0,constructed,bare,dorata,NEW ASSISTANT IDENTITY - would replace or sit beside ARIA; Michael's decision,3,vowels may be read differently (D AO0 R AA1 T AH0),10.0,7,6,invented word looks less name-like than 64% of real first names,8,4.5,3,"doretta 0.001%, dorotha 0.003%, donetta 0.002%",5.6,3.0,0.303,odorata (0.075); rocca (0.0875); lotta (0.1); lata (0.1),preliminary trademark / naming review required; invented word: clearance search needed,G4_domain_names_commands; G6_clipped_boundary,5.98,6.24,fail,text collision gates failed: G6_clipped_boundary
680,generated,REJECTED (mechanical),hey iris,hey iris,HH EY1 AY1 R AH0 S,3,1-1-0,word_name,prefix-required,iris,NEW ASSISTANT IDENTITY - would replace or sit beside ARIA; Michael's decision,2,written form reads as intended; 2 dictionary pronunciations,9,9,7,,1,5.0,3,cyrus 0.007%,5.2,4.4,0.439,iris (0.0); i rush (0.03); eyeless (0.1); iras (0.1125),preliminary trademark / naming review required; existing assistant or product use known to the agent (unverified),G2_near_high_frequency; G3_embedded_or_contains; G4_domain_names_commands; G7_accent_casual_variant,6.04,6.24,fail,"text collision gates failed: G2_near_high_frequency, G3_embedded_or_contains, G7_accent_casual_variant"
681,generated,REJECTED (mechanical),hey nancy,hey nancy,HH EY1 N AE1 N S IY0,3,1-1-0,given_name,prefix-required,nancy,NEW ASSISTANT IDENTITY - would replace or sit beside ARIA; Michael's decision,0,written form reads as intended,8,9,7,diminutive form,7,6.0,3,"hennessey 0.00283%, hennessy 0.00317%, nancy",6.0,4.6,0.458,nancy (0.0); man she (0.084); tenancy (0.1083); renunciation (0.1083),preliminary trademark / naming review required; personal name,G2_near_high_frequency; G3_embedded_or_contains; G4_domain_names_commands; G6_clipped_boundary; G7_accent_casual_variant,5.52,6.24,fail,"text collision gates failed: G2_near_high_frequency, G3_embedded_or_contains, G6_clipped_boundary, G7_accent_casual_variant"
682,generated,REJECTED (mechanical),betava,betava,B EH0 T AA1 V AH0,3,0-1-0,constructed,bare,betava,NEW ASSISTANT IDENTITY - would replace or sit beside ARIA; Michael's decision,3,vowels may be read differently (B EY0 T AA1 V AH0),10.0,7,5,invented word looks less name-like than 84% of real first names,8,4.2,0,,8.4,3.1,0.306,cava (0.0875); bit of a (0.1); but often (0.1083); bit of (0.12),preliminary trademark / naming review required; invented word: clearance search needed,G2_near_high_frequency; G3_embedded_or_contains; G6_clipped_boundary; G7_accent_casual_variant,6.1,6.235,fail,"text collision gates failed: G2_near_high_frequency, G3_embedded_or_contains, G6_clipped_boundary, G7_accent_casual_variant"
683,generated,REJECTED (mechanical),neduta,neduta,N EH0 D UW1 T AH0,3,0-1-0,constructed,bare,neduta,NEW ASSISTANT IDENTITY - would replace or sit beside ARIA; Michael's decision,3,vowels may be read differently (N IH0 D UW1 T AH0),10.0,7,4,invented word looks less name-like than 99% of real first names,8,4.2,3,"nenita 0.001%, danuta 0.002%",4.4,3.1,0.306,duca (0.0875); duda (0.1125); money do tom (0.1167); anna to come (0.1333),preliminary trademark / naming review required; invented word: clearance search needed,G3_embedded_or_contains; G4_domain_names_commands,6.3,6.235,fail,text collision gates failed: G3_embedded_or_contains
684,generated,REJECTED (mechanical),romisa,romisa,R OW0 M IY1 S AH0,3,0-1-0,constructed,bare,romisa,NEW ASSISTANT IDENTITY - would replace or sit beside ARIA; Michael's decision,3,vowels may be read differently (R AH0 M IY1 S AH0),8,7,6,invented word looks less name-like than 61% of real first names,8,4.2,0,,6.1,2.9,0.295,miss a (0.0375); messa (0.075); throw me the (0.095); syndrome is a (0.1),preliminary trademark / naming review required; invented word: clearance search needed,G3_embedded_or_contains,6.12,6.235,fail,text collision gates failed: G3_embedded_or_contains
685,generated,REJECTED (mechanical),sequoia,sequoia,S IH0 K W OY1 AH0,3,0-1-0,word_name,bare,sequoia,NEW ASSISTANT IDENTITY - would replace or sit beside ARIA; Michael's decision,0,written form reads as intended,8,9,7,,6,6.8,0,,4.7,3.1,0.305,sequoyah (0.0833); why a (0.1333); sick boy (0.14); is a quiet (0.1417),preliminary trademark / naming review required,G3_embedded_or_contains,5.92,6.235,fail,text collision gates failed: G3_embedded_or_contains
686,generated,REJECTED (mechanical),sevida,sevida,S EH0 V IY1 D AH0,3,0-1-0,constructed,bare,sevida,NEW ASSISTANT IDENTITY - would replace or sit beside ARIA; Michael's decision,0,written form reads as intended,9,7,6,invented word looks less name-like than 73% of real first names,8,3.2,3,"sevilla 0.00304%, evita 0.001%",8.4,3.1,0.307,evita (0.09); it's evident (0.1); this evidence (0.1); it's evident that (0.1),preliminary trademark / naming review required; invented word: clearance search needed,G3_embedded_or_contains; G4_domain_names_commands; G7_accent_casual_variant,5.5,6.235,fail,"text collision gates failed: G3_embedded_or_contains, G4_domain_names_commands, G7_accent_casual_variant"
687,mechanical pass,below top-250 cut,caos care,caos care,K EY1 AA2 S K EH1 R,3,1-2-1,brand,bare,caos,no new identity (product name),7,spelling suggests a different pronunciation (K AA1 Z K EH1 R),8,7,7,,9,3.4,3,castellano 0.00381%,4.7,3.2,0.323,a scare (0.08); i scare (0.09); became scared (0.1429); a spare (0.15),preliminary trademark / naming review required,G4_domain_names_commands,6.02,6.23,fail,mechanical score 6.02 below the 250th survivor
688,generated,REJECTED (mechanical),hey mia,hey mia,HH EY1 M IY1 AH0,3,1-1-0,given_name,prefix-required,mia,NEW ASSISTANT IDENTITY - would replace or sit beside ARIA; Michael's decision,0,written form reads as intended,10.0,9,8,,7,6.0,6,"eufemia 0.001%, fabian 0.012%, haney 0.01149%, damian 0.016%, damien 0.014%",6.5,4.2,0.421,me a (0.0); mia (0.0); bahamian (0.0); lamia (0.0),preliminary trademark / naming review required; personal name,G4_domain_names_commands; G6_clipped_boundary; G7_accent_casual_variant,5.14,6.23,fail,"text collision gates failed: G4_domain_names_commands, G6_clipped_boundary, G7_accent_casual_variant"
689,generated,REJECTED (mechanical),hey richie,hey richie,HH EY1 R IH1 CH IY0,3,1-1-0,given_name,prefix-required,richie,NEW ASSISTANT IDENTITY - would replace or sit beside ARIA; Michael's decision,0,written form reads as intended,9,9,7,diminutive form,7,5.0,6,"harrison 0.014%, richie",6.3,4.4,0.439,richie (0.0); ritchie (0.0); richey (0.0); ricci (0.0375),preliminary trademark / naming review required; personal name,G2_near_high_frequency; G3_embedded_or_contains; G4_domain_names_commands; G7_accent_casual_variant,5.22,6.23,fail,"text collision gates failed: G2_near_high_frequency, G3_embedded_or_contains, G4_domain_names_commands, G7_accent_casual_variant"
690,generated,REJECTED (mechanical),aria please,AR-ee-uh please,AA1 R IY0 AH0 P L IY1 Z,4,1-0-0-1,aria,suffix,aria,existing identity (ARIA),6,"written form reads as intended; also spoken AIR-ee-uh = 'area' (Room 214 false wakes, 2026-09-24)",7,9,8,,1,3.2,0,,6.6,3.5,0.346,area please (0.0875); mary play the (0.1462); replays (0.15); are you pleased (0.15),preliminary trademark / naming review required; existing assistant or product use known to the agent (unverified),G3_embedded_or_contains,6.14,6.225,fail,text collision gates failed: G3_embedded_or_contains
691,mechanical pass,below top-250 cut,sonula,sonula,S OW0 N UW1 L AH0,3,0-1-0,constructed,bare,sonula,NEW ASSISTANT IDENTITY - would replace or sit beside ARIA; Michael's decision,7,spelling suggests a different pronunciation (S AA1 N Y AH0 L AH0),9,6,4,invented word looks less name-like than 88% of real first names; spelling does not show how to say it,8,4.0,0,,3.4,3.1,0.309,new law (0.1); new lie (0.1125); nila (0.125); nola (0.1375),preliminary trademark / naming review required; invented word: clearance search needed,,6.94,6.225,fail,mechanical score 6.94 below the 250th survivor
692,generated,REJECTED (mechanical),hello assistant,hello assistant,HH AH0 L OW1 AH0 S IH1 S T AH0 N T,5,0-1-0-1-0,role,prefix-required,assistant,no new identity (functional),0,written form reads as intended,7,7,0.0,contains 'ass',3,2.8,0,,4.9,5.8,0.582,a new assistant (0.1136); the new assistant (0.1136); new assistant (0.125); sales assistant (0.1455),preliminary trademark / naming review required; common word: weak distinctiveness,,7.02,6.22,fail,dignity: contains 'ass'
693,generated,REJECTED (mechanical),hey carmen,hey carmen,HH EY1 K AA1 R M AH0 N,3,1-1-0,given_name,prefix-required,carmen,NEW ASSISTANT IDENTITY - would replace or sit beside ARIA; Michael's decision,0,written form reads as intended,9,9,8,,7,5.0,9,"carman 0.004%, carmen 0.195%, carmine 0.007%, carmon 0.002%, harman 0.00497%",5.0,4.8,0.476,carmen (0.0); carmine (0.0); carman (0.0); karman (0.0),preliminary trademark / naming review required; personal name,G4_domain_names_commands; G6_clipped_boundary; G7_accent_casual_variant,4.96,6.22,fail,"text collision gates failed: G4_domain_names_commands, G6_clipped_boundary, G7_accent_casual_variant"
694,generated,REJECTED (mechanical),hey front desk,hey front desk,HH EY1 F R AH1 N T D EH1 S K,3,1-1-1,role,prefix-required,front desk,no new identity (functional),0,written form reads as intended,7,7,7,,3,4.7,0,,7.7,5.5,0.546,the front desk (0.065); front desk (0.1); front desk to (0.1); call the front desk (0.1136),preliminary trademark / naming review required; common word: weak distinctiveness,G4_domain_names_commands,6.02,6.215,fail,text collision gates failed: G4_domain_names_commands
695,generated,REJECTED (mechanical),aria listen,AR-ee-uh listen,AA1 R IY0 AH0 L IH1 S AH0 N,5,1-0-0-1-0,aria,suffix,aria,existing identity (ARIA),6,"written form reads as intended; also spoken AIR-ee-uh = 'area' (Room 214 false wakes, 2026-09-24)",8,9,8,,1,4.1,0,,6.8,3.7,0.369,realism (0.0938); mary recently (0.1278); very recently (0.1278); are you listening (0.1333),preliminary trademark / naming review required; existing assistant or product use known to the agent (unverified),G2_near_high_frequency; G3_embedded_or_contains,6.16,6.205,fail,"text collision gates failed: G2_near_high_frequency, G3_embedded_or_contains"
696,generated,REJECTED (mechanical),hey beacon,hey beacon,HH EY1 B IY1 K AH0 N,3,1-1-0,word_name,prefix-required,beacon,NEW ASSISTANT IDENTITY - would replace or sit beside ARIA; Michael's decision,0,written form reads as intended,10.0,9,7,,6,6.0,6,fabian 0.012%,5.9,4.6,0.458,beacon (0.0); baby can (0.05); beckon (0.06); beaten (0.07),preliminary trademark / naming review required,G2_near_high_frequency; G4_domain_names_commands; G6_clipped_boundary; G7_accent_casual_variant,5.34,6.2,fail,"text collision gates failed: G2_near_high_frequency, G4_domain_names_commands, G6_clipped_boundary, G7_accent_casual_variant"
697,generated,REJECTED (mechanical),hey daniele,hey daniele,HH EY1 D AE0 N Y EH1 L,3,1-0-1,given_name,prefix-required,daniele,NEW ASSISTANT IDENTITY - would replace or sit beside ARIA; Michael's decision,0,written form reads as intended,9,9,8,,7,6.0,9,"daniele 0.003%, danielle 0.149%, daniele",3.2,4.8,0.476,danielle (0.0); daniele (0.0); daniel (0.05); daniela (0.0857),preliminary trademark / naming review required; personal name,G4_domain_names_commands; G6_clipped_boundary; G7_accent_casual_variant,5.12,6.2,fail,"text collision gates failed: G4_domain_names_commands, G6_clipped_boundary, G7_accent_casual_variant"
698,generated,REJECTED (mechanical),hey jasmine,hey jasmine,HH EY1 JH AE1 Z M AH0 N,3,1-1-0,given_name,prefix-required,jasmine,NEW ASSISTANT IDENTITY - would replace or sit beside ARIA; Michael's decision,2,written form reads as intended; 2 dictionary pronunciations,7,9,8,,7,5.0,6,"jasmine 0.038%, jazmine 0.002%, jasmine",4.2,4.8,0.476,jasmine (0.0); jasmin (0.0833); jazmin (0.0833); age as mary (0.1429),preliminary trademark / naming review required; personal name,G4_domain_names_commands,5.32,6.2,fail,text collision gates failed: G4_domain_names_commands
699,generated,REJECTED (mechanical),hey sage,hey sage,HH EY1 S EY1 JH,2,1-1,word_name,prefix-required,sage,NEW ASSISTANT IDENTITY - would replace or sit beside ARIA; Michael's decision,0,written form reads as intended,6,8,7,,6,5.0,0,,6.3,4.2,0.418,sage (0.0); phage (0.08); say say (0.0875); this age (0.0875),preliminary trademark / naming review required,G2_near_high_frequency,5.78,6.2,fail,text collision gates failed: G2_near_high_frequency; too short (2 syllables; minimum 3)
700,generated,REJECTED (mechanical),hey ian,hey ian,HH EY1 IY1 AH0 N,3,1-1-0,given_name,prefix-required,ian,NEW ASSISTANT IDENTITY - would replace or sit beside ARIA; Michael's decision,0,written form reads as intended,10.0,9,8,,7,6.0,6,"hagan 0.0071200000000000005%, hagen 0.00801%, hasan 0.00318%, havens 0.0039700000000000004%, hayden 0.004%",6.9,4.2,0.421,ian (0.0); eon (0.0); reina (0.15); chloe and (0.15),preliminary trademark / naming review required; personal name,G2_near_high_frequency; G3_embedded_or_contains; G4_domain_names_commands; G6_clipped_boundary; G7_accent_casual_variant,5.06,6.19,fail,"text collision gates failed: G2_near_high_frequency, G3_embedded_or_contains, G4_domain_names_commands, G6_clipped_boundary, G7_accent_casual_variant"
701,generated,REJECTED (mechanical),hey marjory,hey marjory,HH EY1 M AA1 R JH ER0 IY0,4,1-1-0-0,given_name,prefix-required,marjory,NEW ASSISTANT IDENTITY - would replace or sit beside ARIA; Michael's decision,2,written form reads as intended; 2 dictionary pronunciations,8,9,7,diminutive form,7,5.0,9,"margery 0.011%, marjorie 0.173%, marjory 0.006%, marjory",1.8,4.8,0.479,marjorie (0.0); margery (0.0); marjory (0.0); in archery (0.1571),preliminary trademark / naming review required; personal name,G4_domain_names_commands,5.4,6.19,fail,text collision gates failed: G4_domain_names_commands
702,generated,REJECTED (mechanical),hey margret,hey margret,HH EY1 M AA1 R G R EH0 T,3,1-1-0,given_name,prefix-required,margret,NEW ASSISTANT IDENTITY - would replace or sit beside ARIA; Michael's decision,0,written form reads as intended,8,9,8,,7,6.0,6,"margret 0.017%, margrett 0.001%, margret",5.1,4.9,0.494,margret (0.0); margaret (0.0286); marguerite (0.1143); my regret (0.1313),preliminary trademark / naming review required; personal name,G2_near_high_frequency; G4_domain_names_commands; G6_clipped_boundary; G7_accent_casual_variant,5.16,6.175,fail,"text collision gates failed: G2_near_high_frequency, G4_domain_names_commands, G6_clipped_boundary, G7_accent_casual_variant"
703,generated,REJECTED (mechanical),hey sparrow,hey sparrow,HH EY1 S P EH1 R OW0,3,1-1-0,word_name,prefix-required,sparrow,NEW ASSISTANT IDENTITY - would replace or sit beside ARIA; Michael's decision,0,written form reads as intended,8,9,7,,6,4.0,6,cisneros 0.01726%,7.3,4.7,0.469,pirro (0.05); piero (0.075); taro (0.0875); a sparrow (0.1083),preliminary trademark / naming review required,G3_embedded_or_contains; G4_domain_names_commands,5.08,6.175,fail,"text collision gates failed: G3_embedded_or_contains, G4_domain_names_commands"
704,generated,REJECTED (mechanical),hey trisha,hey trisha,HH EY1 T R IH1 SH AH0,3,1-1-0,given_name,prefix-required,trisha,NEW ASSISTANT IDENTITY - would replace or sit beside ARIA; Michael's decision,0,written form reads as intended,8,9,8,,7,4.1,9,"latricia 0.005%, patricia 1.073%, trisha",5.6,4.7,0.468,of weight recently (0.045); on weight recently (0.045); lost weight recently (0.045); hate listening (0.0743),preliminary trademark / naming review required; personal name,G2_near_high_frequency; G3_embedded_or_contains; G4_domain_names_commands,4.8,6.175,fail,"text collision gates failed: G2_near_high_frequency, G3_embedded_or_contains, G4_domain_names_commands"
705,generated,REJECTED (mechanical),hey ellis,hey ellis,HH EY1 EH1 L IH0 S,3,1-1-0,given_name,prefix-required,ellis,NEW ASSISTANT IDENTITY - would replace or sit beside ARIA; Michael's decision,0,written form reads as intended,9,9,8,,7,6.0,6,"harris 0.009%, harrison 0.014%, ellis",5.9,4.4,0.439,ellis (0.0); ellice (0.0); alice (0.05); ls (0.05),preliminary trademark / naming review required; personal name,G2_near_high_frequency; G3_embedded_or_contains; G4_domain_names_commands; G6_clipped_boundary; G7_accent_casual_variant,5.1,6.17,fail,"text collision gates failed: G2_near_high_frequency, G3_embedded_or_contains, G4_domain_names_commands, G6_clipped_boundary, G7_accent_casual_variant"
706,generated,REJECTED (mechanical),voluva,voluva,V OW0 L UW1 V AH0,3,0-1-0,constructed,bare,voluva,NEW ASSISTANT IDENTITY - would replace or sit beside ARIA; Michael's decision,3,vowels may be read differently (V AH0 L UW1 V AH0),10.0,7,4,invented word looks less name-like than 100% of real first names,8,4.8,3,oliva 0.003%,3.7,3.0,0.3,lose a (0.06); oliva (0.1); leave a (0.125); leiva (0.125),preliminary trademark / naming review required; invented word: clearance search needed,G3_embedded_or_contains; G4_domain_names_commands,6.3,6.17,fail,text collision gates failed: G3_embedded_or_contains
707,generated,REJECTED (mechanical),hey christel,hey christel,HH EY1 K R IH1 S T AH0 L,3,1-1-0,given_name,prefix-required,christel,NEW ASSISTANT IDENTITY - would replace or sit beside ARIA; Michael's decision,0,written form reads as intended,8,9,8,,7,4.3,9,"christal 0.006%, christel 0.003%, chrystal 0.011%, cristal 0.005%, crystal 0.207%",5.9,5.1,0.513,a crystal (0.0813); the crystal (0.0813); rest all (0.1); distal (0.1167),preliminary trademark / naming review required; personal name,G2_near_high_frequency; G4_domain_names_commands; G7_accent_casual_variant,4.78,6.165,fail,"text collision gates failed: G2_near_high_frequency, G4_domain_names_commands, G7_accent_casual_variant"
708,generated,REJECTED (mechanical),hey alfred,hey alfred,HH EY1 AE1 L F R AH0 D,3,1-1-0,given_name,prefix-required,alfred,NEW ASSISTANT IDENTITY - would replace or sit beside ARIA; Michael's decision,2,written form reads as intended; 2 dictionary pronunciations,8,9,8,,7,5.0,9,"alfred 0.162%, alfred",3.1,4.8,0.476,alfred (0.0); alford (0.1833); ill from (0.2167); all from (0.2333),preliminary trademark / naming review required; personal name,G4_domain_names_commands,5.14,6.16,fail,text collision gates failed: G4_domain_names_commands
709,generated,REJECTED (mechanical),hey geneva,hey geneva,HH EY1 JH AH0 N IY1 V AH0,4,1-0-1-0,word_name,prefix-required,geneva,NEW ASSISTANT IDENTITY - would replace or sit beside ARIA; Michael's decision,0,written form reads as intended,9,9,7,,3,6.0,6,geneva 0.059%,3.7,4.8,0.479,geneva (0.0); the geneva (0.0929); geneve (0.1); is uneven (0.1171),preliminary trademark / naming review required; common word: weak distinctiveness,G2_near_high_frequency; G4_domain_names_commands; G6_clipped_boundary,5.62,6.15,fail,"text collision gates failed: G2_near_high_frequency, G4_domain_names_commands, G6_clipped_boundary"
710,generated,REJECTED (mechanical),hey zalata,hey zalata,HH EY1 Z AH0 L AA1 T AH0,4,1-0-1-0,constructed,prefix-required,zalata,NEW ASSISTANT IDENTITY - would replace or sit beside ARIA; Michael's decision,3,vowels may be read differently (HH EY1 Z AA0 L AA1 T AH0),9,7,4,invented word looks less name-like than 94% of real first names,8,4.7,0,,8.5,4.9,0.494,he's a lot (0.0643); has a lot (0.0786); save a lot (0.0843); says a lot (0.1),preliminary trademark / naming review required; invented word: clearance search needed,G2_near_high_frequency; G3_embedded_or_contains; G6_clipped_boundary; G7_accent_casual_variant,6.14,6.145,fail,"text collision gates failed: G2_near_high_frequency, G3_embedded_or_contains, G6_clipped_boundary, G7_accent_casual_variant"
711,generated,REJECTED (mechanical),hey attendant,hey attendant,HH EY1 AH0 T EH1 N D AH0 N T,4,1-0-1-0,role,prefix-required,attendant,no new identity (functional),0,written form reads as intended,9,7,5,servant/switchboard connotation,3,6.0,0,,6.4,5.2,0.516,attendant (0.0); a tangent (0.0837); attendance (0.0875); ascendant (0.0875),preliminary trademark / naming review required,G2_near_high_frequency; G3_embedded_or_contains; G4_domain_names_commands; G6_clipped_boundary; G7_accent_casual_variant,6.36,6.14,fail,"text collision gates failed: G2_near_high_frequency, G3_embedded_or_contains, G4_domain_names_commands, G6_clipped_boundary, G7_accent_casual_variant"
712,generated,REJECTED (mechanical),hey liberty,hey liberty,HH EY1 L IH1 B ER0 T IY2,4,1-1-0-2,word_name,prefix-required,liberty,NEW ASSISTANT IDENTITY - would replace or sit beside ARIA; Michael's decision,0,written form reads as intended,10.0,9,7,,3,6.0,6,"heriberto 0.01%, liberty 0.002%",5.3,4.8,0.479,liberty (0.0); me liberty (0.0643); my liberty (0.0857); no liberty (0.0857),preliminary trademark / naming review required; common word: weak distinctiveness,G2_near_high_frequency; G4_domain_names_commands; G6_clipped_boundary,5.5,6.14,fail,"text collision gates failed: G2_near_high_frequency, G4_domain_names_commands, G6_clipped_boundary"
713,generated,REJECTED (mechanical),rotuda,rotuda,R OW0 T UW1 D AH0,3,0-1-0,constructed,bare,rotuda,NEW ASSISTANT IDENTITY - would replace or sit beside ARIA; Michael's decision,0,written form reads as intended,9,7,4,invented word looks less name-like than 97% of real first names,8,3.3,3,"clotilde 0.002%, partida 0.0030099999999999997%",7.2,3.1,0.305,security deposit (0.0833); tuba (0.0875); tomorrow to do (0.1); tom inherited a (0.1),preliminary trademark / naming review required; invented word: clearance search needed,G3_embedded_or_contains; G4_domain_names_commands; G6_clipped_boundary,5.72,6.135,fail,"text collision gates failed: G3_embedded_or_contains, G6_clipped_boundary"
714,mechanical pass,below top-250 cut,gregorio,gregorio,G R IH0 G AO1 R IY0 OW0,4,0-1-0-0,given_name,bare,gregorio,NEW ASSISTANT IDENTITY - would replace or sit beside ARIA; Michael's decision,0,written form reads as intended,9,9,8,,5,6.5,6,"gregoria 0.005%, gregorio 0.014%",3.0,3.5,0.351,gregoria (0.1063); barrio (0.11); gregorian (0.1437); laboratory and (0.1437),preliminary trademark / naming review required; personal name,G4_domain_names_commands,5.4,6.125,fail,mechanical score 5.4 below the 250th survivor
715,generated,REJECTED (mechanical),lovora,lovora,L OW0 V AO1 R AH0,3,0-1-0,constructed,bare,lovora,NEW ASSISTANT IDENTITY - would replace or sit beside ARIA; Michael's decision,0,written form reads as intended,9,7,5,invented word looks less name-like than 77% of real first names,8,4.0,3,"rosaura 0.003%, lavera 0.002%",6.8,3.0,0.298,vara (0.05); zora (0.06); low for a (0.075); low for (0.09),preliminary trademark / naming review required; invented word: clearance search needed,G2_near_high_frequency; G4_domain_names_commands; G6_clipped_boundary,5.64,6.12,fail,"text collision gates failed: G2_near_high_frequency, G6_clipped_boundary"
716,generated,REJECTED (mechanical),detila,detila,D EH0 T IY1 L AH0,3,0-1-0,constructed,bare,detila,NEW ASSISTANT IDENTITY - would replace or sit beside ARIA; Michael's decision,3,vowels may be read differently (D IH0 T IY1 L AH0),10.0,7,5,invented word looks less name-like than 86% of real first names,8,4.2,3,"delila 0.001%, tequila 0.002%, detra 0.002%",6.3,2.9,0.295,till a (0.0375); tell a (0.075); tele (0.075); peel a (0.0875),preliminary trademark / naming review required; invented word: clearance search needed,G3_embedded_or_contains; G4_domain_names_commands; G6_clipped_boundary,5.88,6.115,fail,"text collision gates failed: G3_embedded_or_contains, G6_clipped_boundary"
717,generated,REJECTED (mechanical),hey lida,hey lida,HH EY1 L IY1 D AH0,3,1-1-0,given_name,prefix-required,lida,NEW ASSISTANT IDENTITY - would replace or sit beside ARIA; Michael's decision,0,written form reads as intended,10.0,9,8,,7,5.0,6,"halina 0.002%, elida 0.007%, hilda 0.075%, hildegard 0.005%, melida 0.001%",10.0,4.4,0.439,leda (0.0); lida (0.0); melida (0.07); nelida (0.07),preliminary trademark / naming review required; personal name,G2_near_high_frequency; G3_embedded_or_contains; G4_domain_names_commands; G7_accent_casual_variant,4.68,6.11,fail,"text collision gates failed: G2_near_high_frequency, G3_embedded_or_contains, G4_domain_names_commands, G7_accent_casual_variant"
718,generated,REJECTED (mechanical),menada,menada,M EH0 N AA1 D AH0,3,0-1-0,constructed,bare,menada,NEW ASSISTANT IDENTITY - would replace or sit beside ARIA; Michael's decision,3,vowels may be read differently (M AH0 N AA1 D AH0),10.0,7,6,invented word looks less name-like than 64% of real first names,8,4.0,3,"iluminada 0.002%, leonida 0.001%, mendenhall 0.00346%, manda 0.002%, minda 0.001%",7.9,3.0,0.298,iluminada (0.05); monogamy is (0.0583); are monogamous (0.0583); the monotony (0.075),preliminary trademark / naming review required; invented word: clearance search needed,G2_near_high_frequency; G3_embedded_or_contains; G4_domain_names_commands; G6_clipped_boundary; G7_accent_casual_variant,5.62,6.11,fail,"text collision gates failed: G2_near_high_frequency, G3_embedded_or_contains, G6_clipped_boundary, G7_accent_casual_variant"
719,generated,REJECTED (mechanical),alvina,alvina,AE0 L V AY1 N AH0,3,0-1-0,given_name,bare,alvina,NEW ASSISTANT IDENTITY - would replace or sit beside ARIA; Michael's decision,0,written form reads as intended,8,8,8,,7,3.5,6,"silvana 0.002%, elvira 0.029%, elvina 0.002%, melvina 0.005%, carolina 0.021%",7.0,3.0,0.303,calvinist (0.075); fina (0.1125); fine a (0.1125); gabriel finally (0.125),preliminary trademark / naming review required; personal name,G3_embedded_or_contains; G4_domain_names_commands,4.9,6.1,fail,"text collision gates failed: G3_embedded_or_contains, G4_domain_names_commands"
720,generated,REJECTED (mechanical),hey anderson,hey anderson,HH EY1 AE1 N D ER0 S AH0 N,4,1-1-0-0,given_name,prefix-required,anderson,NEW ASSISTANT IDENTITY - would replace or sit beside ARIA; Michael's decision,0,written form reads as intended,8,9,8,,7,6.0,6,"henderson 0.07404000000000001%, sanderson 0.00827%, andersen 0.01226%, anderson 0.007%, anderson",6.0,5.0,0.498,anderson (0.0); andersen (0.0); andersson (0.0); under some (0.0857),preliminary trademark / naming review required; personal name,G2_near_high_frequency; G4_domain_names_commands; G6_clipped_boundary,5.0,6.1,fail,"text collision gates failed: G2_near_high_frequency, G4_domain_names_commands, G6_clipped_boundary"
721,generated,REJECTED (mechanical),zonuva,zonuva,Z OW0 N UW1 V AH0,3,0-1-0,constructed,bare,zonuva,NEW ASSISTANT IDENTITY - would replace or sit beside ARIA; Michael's decision,0,written form reads as intended,9,7,4,invented word looks less name-like than 100% of real first names,8,5.0,3,zonia 0.001%,4.0,3.0,0.298,knew the (0.05); new the (0.05); the news of (0.06); the news about (0.06),preliminary trademark / naming review required; invented word: clearance search needed,G4_domain_names_commands; G6_clipped_boundary; G7_accent_casual_variant,6.0,6.1,fail,"text collision gates failed: G6_clipped_boundary, G7_accent_casual_variant"
722,generated,REJECTED (mechanical),sadala,sadala,S AH0 D AA1 L AH0,3,0-1-0,constructed,bare,sadala,NEW ASSISTANT IDENTITY - would replace or sit beside ARIA; Michael's decision,3,vowels may be read differently (S AA0 D AA1 L AH0),9,7,5,invented word looks less name-like than 77% of real first names,8,4.6,0,,7.2,2.9,0.291,methodology (0.02); octisalate (0.075); said all along (0.0833); bala (0.0875),preliminary trademark / naming review required; invented word: clearance search needed,G3_embedded_or_contains; G6_clipped_boundary,6.02,6.095,fail,"text collision gates failed: G3_embedded_or_contains, G6_clipped_boundary"
723,generated,REJECTED (mechanical),hey teena,hey teena,HH EY1 T IY1 N AH0,3,1-1-0,given_name,prefix-required,teena,NEW ASSISTANT IDENTITY - would replace or sit beside ARIA; Michael's decision,0,written form reads as intended,10.0,9,8,,7,5.0,9,"azucena 0.002%, augustina 0.002%, celestina 0.002%, christena 0.002%, christina 0.275%",7.2,4.4,0.439,tina (0.0); teena (0.0); hate in (0.03); ate in a (0.03),preliminary trademark / naming review required; personal name,G3_embedded_or_contains; G4_domain_names_commands; G6_clipped_boundary; G7_accent_casual_variant,4.64,6.09,fail,"text collision gates failed: G3_embedded_or_contains, G4_domain_names_commands, G6_clipped_boundary, G7_accent_casual_variant"
724,generated,REJECTED (mechanical),hey tina,hey tina,HH EY1 T IY1 N AH0,3,1-1-0,given_name,prefix-required,tina,NEW ASSISTANT IDENTITY - would replace or sit beside ARIA; Michael's decision,0,written form reads as intended,10.0,9,8,,7,5.0,9,"azucena 0.002%, augustina 0.002%, celestina 0.002%, christena 0.002%, christina 0.275%",7.2,4.4,0.439,tina (0.0); teena (0.0); hate in (0.03); ate in a (0.03),preliminary trademark / naming review required; personal name,G3_embedded_or_contains; G4_domain_names_commands; G6_clipped_boundary; G7_accent_casual_variant,4.64,6.09,fail,"text collision gates failed: G3_embedded_or_contains, G4_domain_names_commands, G6_clipped_boundary, G7_accent_casual_variant; same sound as 'hey teena'"
725,generated,REJECTED (mechanical),lodata,lodata,L OW0 D AA1 T AH0,3,0-1-0,constructed,bare,lodata,NEW ASSISTANT IDENTITY - would replace or sit beside ARIA; Michael's decision,0,written form reads as intended,9,7,4,invented word looks less name-like than 94% of real first names,8,4.2,3,"lozada 0.00304%, apodaca 0.00382%",5.9,3.1,0.306,got a (0.0875); bought a (0.0875); gotta (0.0875); dhaka (0.0875),preliminary trademark / naming review required; invented word: clearance search needed,G4_domain_names_commands; G6_clipped_boundary,5.8,6.085,fail,text collision gates failed: G6_clipped_boundary
726,generated,REJECTED (mechanical),navuta,navuta,N AH0 V UW1 T AH0,3,0-1-0,constructed,bare,navuta,NEW ASSISTANT IDENTITY - would replace or sit beside ARIA; Michael's decision,3,vowels may be read differently (N AA0 V UW1 T AH0),10.0,7,4,invented word looks less name-like than 100% of real first names,8,4.0,3,"nevada 0.001%, danuta 0.002%, nikita 0.005%",6.3,3.1,0.309,one of italy's (0.1); of it a (0.12); evita (0.16); inevitable (0.1667),preliminary trademark / naming review required; invented word: clearance search needed,G2_near_high_frequency; G3_embedded_or_contains; G4_domain_names_commands,5.96,6.085,fail,"text collision gates failed: G2_near_high_frequency, G3_embedded_or_contains"
727,generated,REJECTED (mechanical),hey catharine,hey catharine,HH EY1 K AE1 TH R IH0 N,3,1-1-0,given_name,prefix-required,catharine,NEW ASSISTANT IDENTITY - would replace or sit beside ARIA; Michael's decision,0,written form reads as intended,9,9,8,,7,6.0,9,"catharine 0.006%, cathryn 0.009%, katharine 0.017%, katherine 0.313%, kathrin 0.001%",4.4,4.8,0.476,catherine (0.0); katherine (0.0); kathryn (0.0); katharine (0.0),preliminary trademark / naming review required; personal name,G2_near_high_frequency; G4_domain_names_commands; G6_clipped_boundary; G7_accent_casual_variant,4.88,6.08,fail,"text collision gates failed: G2_near_high_frequency, G4_domain_names_commands, G6_clipped_boundary, G7_accent_casual_variant"
728,generated,REJECTED (mechanical),lanula,lanula,L AH0 N UW1 L AH0,3,0-1-0,constructed,bare,lanula,NEW ASSISTANT IDENTITY - would replace or sit beside ARIA; Michael's decision,0,written form reads as intended,9,7,6,invented word looks less name-like than 70% of real first names,8,3.4,6,"leonila 0.002%, eleanora 0.003%, elenora 0.002%, lanora 0.001%, petronila 0.001%",6.4,3.0,0.305,a new law (0.08); a new lie (0.09); new law (0.1); new lie (0.1125),preliminary trademark / naming review required; invented word: clearance search needed,G3_embedded_or_contains; G4_domain_names_commands,5.24,6.08,fail,"text collision gates failed: G3_embedded_or_contains, G4_domain_names_commands"
729,generated,REJECTED (mechanical),narata,narata,N AH0 R AA1 T AH0,3,0-1-0,constructed,bare,narata,NEW ASSISTANT IDENTITY - would replace or sit beside ARIA; Michael's decision,3,vowels may be read differently (N AA0 R AA1 T AH0),10.0,7,4,invented word looks less name-like than 96% of real first names,8,3.4,3,"emerita 0.001%, kenyatta 0.003%, nevada 0.001%, renata 0.005%, renate 0.005%",7.4,3.0,0.305,a lot a (0.08); arata (0.08); rocca (0.0875); lotta (0.1),preliminary trademark / naming review required; invented word: clearance search needed,G2_near_high_frequency; G3_embedded_or_contains; G4_domain_names_commands; G6_clipped_boundary,5.84,6.08,fail,"text collision gates failed: G2_near_high_frequency, G3_embedded_or_contains, G6_clipped_boundary"
730,generated,REJECTED (mechanical),tavana,tavana,T AH0 V AA1 N AH0,3,0-1-0,constructed,bare,tavana,NEW ASSISTANT IDENTITY - would replace or sit beside ARIA; Michael's decision,3,vowels may be read differently (T AA0 V AA1 N AH0),10.0,7,6,invented word looks less name-like than 62% of real first names,8,3.3,6,"lavonna 0.001%, savanna 0.002%, savannah 0.01%, tawana 0.007%, tawanna 0.003%",6.8,3.1,0.305,lot of animals (0.0833); tough on (0.09); guest of honor (0.1); of anna (0.1),preliminary trademark / naming review required; invented word: clearance search needed,G3_embedded_or_contains; G4_domain_names_commands,5.4,6.075,fail,"text collision gates failed: G3_embedded_or_contains, G4_domain_names_commands"
731,generated,REJECTED (mechanical),hey patrick,hey patrick,HH EY1 P AE1 T R IH0 K,3,1-1-0,given_name,prefix-required,patrick,NEW ASSISTANT IDENTITY - would replace or sit beside ARIA; Michael's decision,0,written form reads as intended,9,9,8,,7,6.0,9,"fitzpatrick 0.013710000000000002%, kirkpatrick 0.0089%, kilpatrick 0.00478%, patrick 0.389%, patrick",4.5,4.8,0.476,patrick (0.0); cat lick (0.125); patrick's (0.1429); kirkpatrick (0.1429),preliminary trademark / naming review required; personal name,G2_near_high_frequency; G4_domain_names_commands; G6_clipped_boundary,4.86,6.07,fail,"text collision gates failed: G2_near_high_frequency, G4_domain_names_commands, G6_clipped_boundary"
732,generated,REJECTED (mechanical),hey beverly,hey beverly,HH EY1 B EH1 V ER0 L IY0,4,1-1-0-0,given_name,prefix-required,beverly,NEW ASSISTANT IDENTITY - would replace or sit beside ARIA; Michael's decision,0,written form reads as intended,10.0,9,7,diminutive form,7,6.0,9,"beverlee 0.002%, beverley 0.008%, beverly 0.267%, beverly",5.1,4.8,0.479,beverly (0.0); beverley (0.0); in beverly (0.1429); weatherly (0.15),preliminary trademark / naming review required; personal name,G4_domain_names_commands,4.94,6.06,fail,text collision gates failed: G4_domain_names_commands
733,generated,REJECTED (mechanical),lamuta,lamuta,L AH0 M UW1 T AH0,3,0-1-0,constructed,bare,lamuta,NEW ASSISTANT IDENTITY - would replace or sit beside ARIA; Michael's decision,3,vowels may be read differently (L AA0 M UW1 T AH0),9,7,4,invented word looks less name-like than 94% of real first names,8,3.2,3,"danuta 0.002%, filomena 0.006%, philomena 0.005%",6.7,3.1,0.307,i'm outta (0.09); lamotte (0.1); a moot (0.12); meta (0.125),preliminary trademark / naming review required; invented word: clearance search needed,G3_embedded_or_contains; G4_domain_names_commands,5.84,6.055,fail,text collision gates failed: G3_embedded_or_contains
734,generated,REJECTED (mechanical),badata,badata,B AH0 D AA1 T AH0,3,0-1-0,constructed,bare,badata,NEW ASSISTANT IDENTITY - would replace or sit beside ARIA; Michael's decision,3,vowels may be read differently (B AA0 D AA1 T AH0),10.0,7,4,invented word looks less name-like than 96% of real first names,8,4.8,0,,7.9,3.0,0.3,misbegotten (0.0583); got a (0.0875); bought a (0.0875); gotta (0.0875),preliminary trademark / naming review required; invented word: clearance search needed,G3_embedded_or_contains; G6_clipped_boundary,6.06,6.05,fail,"text collision gates failed: G3_embedded_or_contains, G6_clipped_boundary"
735,generated,REJECTED (mechanical),baruda,baruda,B AH0 R UW1 D AH0,3,0-1-0,constructed,bare,baruda,NEW ASSISTANT IDENTITY - would replace or sit beside ARIA; Michael's decision,3,vowels may be read differently (B AA0 R UW1 D AH0),10.0,7,4,invented word looks less name-like than 95% of real first names,8,3.8,3,"prudence 0.004%, bruna 0.001%, librada 0.002%, barragan 0.00786%, brunilda 0.002%",7.0,3.0,0.3,garuda (0.0583); brewed a (0.1); root a (0.1125); rude i (0.1125),preliminary trademark / naming review required; invented word: clearance search needed,G3_embedded_or_contains; G4_domain_names_commands,5.84,6.04,fail,text collision gates failed: G3_embedded_or_contains
736,generated,REJECTED (mechanical),felida,felida,F EH0 L IY1 D AH0,3,0-1-0,constructed,bare,felida,NEW ASSISTANT IDENTITY - would replace or sit beside ARIA; Michael's decision,0,written form reads as intended,10.0,7,7,,8,5.0,3,"felipa 0.004%, felica 0.003%, avelina 0.002%, elida 0.007%, evelina 0.002%",9.0,2.9,0.286,leda (0.0); lida (0.0); tastefully decorated (0.05); thalidomide (0.0583),preliminary trademark / naming review required; invented word: clearance search needed,G2_near_high_frequency; G3_embedded_or_contains; G4_domain_names_commands; G7_accent_casual_variant,5.18,6.035,fail,"text collision gates failed: G2_near_high_frequency, G3_embedded_or_contains, G7_accent_casual_variant"
737,generated,REJECTED (mechanical),hey lia,hey lia,HH EY1 L IY1 AH0,3,1-1-0,given_name,prefix-required,lia,NEW ASSISTANT IDENTITY - would replace or sit beside ARIA; Michael's decision,0,written form reads as intended,10.0,9,8,,7,6.0,6,"ofelia 0.015%, mahalia 0.001%, hailey 0.004%, haley 0.014%, halley 0.001%",8.5,4.2,0.421,alien (0.0); the alien (0.0); the aliens (0.0); an alien (0.0),preliminary trademark / naming review required; personal name,G2_near_high_frequency; G3_embedded_or_contains; G4_domain_names_commands; G7_accent_casual_variant,4.74,6.03,fail,"text collision gates failed: G2_near_high_frequency, G3_embedded_or_contains, G4_domain_names_commands, G7_accent_casual_variant"
738,generated,REJECTED (mechanical),marybeth,marybeth,M EH1 R IY0 B EH1 TH,3,1-0-1,given_name,bare,marybeth,NEW ASSISTANT IDENTITY - would replace or sit beside ARIA; Michael's decision,0,written form reads as intended,10.0,8,8,,7,4.0,6,"meredith 0.033%, merideth 0.001%, meridith 0.002%, marybelle 0.001%, maribeth 0.003%",10.0,3.2,0.316,mary be (0.05); mary before (0.0571); mary before she (0.0571); mary before they (0.0571),preliminary trademark / naming review required; personal name,G2_near_high_frequency; G3_embedded_or_contains; G4_domain_names_commands; G6_clipped_boundary,4.64,6.03,fail,"text collision gates failed: G2_near_high_frequency, G3_embedded_or_contains, G4_domain_names_commands, G6_clipped_boundary"
739,generated,REJECTED (mechanical),leveta,leveta,L EH0 V EH1 T AH0,3,0-1-0,constructed,bare,leveta,NEW ASSISTANT IDENTITY - would replace or sit beside ARIA; Michael's decision,0,written form reads as intended,9,7,6,invented word looks less name-like than 70% of real first names,8,4.3,3,"laveta 0.001%, lovetta 0.001%, leavitt 0.00445%, lavette 0.001%, lenita 0.001%",8.0,2.9,0.294,levitan (0.0333); levitt (0.04); leavitt (0.04); evita (0.06),preliminary trademark / naming review required; invented word: clearance search needed,G2_near_high_frequency; G3_embedded_or_contains; G4_domain_names_commands; G6_clipped_boundary; G7_accent_casual_variant,5.32,6.025,fail,"text collision gates failed: G2_near_high_frequency, G3_embedded_or_contains, G4_domain_names_commands, G6_clipped_boundary, G7_accent_casual_variant"
740,generated,REJECTED (mechanical),levuna,levuna,L EH0 V UW1 N AH0,3,0-1-0,constructed,bare,levuna,NEW ASSISTANT IDENTITY - would replace or sit beside ARIA; Michael's decision,3,vowels may be read differently (L EH0 V AA1 N UW0),9,7,4,invented word looks less name-like than 96% of real first names,8,4.0,0,,8.4,3.1,0.309,levene (0.1); eleven a m (0.1167); eleven o'clock (0.1167); at eleven o'clock (0.1167),preliminary trademark / naming review required; invented word: clearance search needed,G2_near_high_frequency; G3_embedded_or_contains; G4_domain_names_commands,5.94,6.025,fail,"text collision gates failed: G2_near_high_frequency, G3_embedded_or_contains, G4_domain_names_commands"
741,generated,REJECTED (mechanical),vemeva,vemeva,V EH0 M EH1 V AH0,3,0-1-0,constructed,bare,vemeva,NEW ASSISTANT IDENTITY - would replace or sit beside ARIA; Michael's decision,3,vowels may be read differently (V EY0 M EY1 V AH0),10.0,7,4,invented word looks less name-like than 96% of real first names,8,3.8,3,"venessa 0.005%, venetta 0.001%, venable 0.0035%",7.2,3.0,0.3,meza (0.06); believe in evolution (0.0833); m is a (0.088); is inevitable (0.09),preliminary trademark / naming review required; invented word: clearance search needed,G3_embedded_or_contains; G4_domain_names_commands,5.8,6.02,fail,text collision gates failed: G3_embedded_or_contains
742,generated,REJECTED (mechanical),zomira,zomira,Z OW0 M IY1 R AH0,3,0-1-0,constructed,bare,zomira,NEW ASSISTANT IDENTITY - would replace or sit beside ARIA; Michael's decision,0,written form reads as intended,9,7,5,invented word looks less name-like than 84% of real first names,8,5.0,3,zonia 0.001%,5.7,2.9,0.286,o'meara (0.0); mira (0.0375); the miracle (0.045); the miracle of (0.045),preliminary trademark / naming review required; invented word: clearance search needed,G2_near_high_frequency; G4_domain_names_commands,5.64,6.015,fail,text collision gates failed: G2_near_high_frequency
743,generated,REJECTED (mechanical),hey birch,hey birch,HH EY1 B ER1 CH,2,1-1,word_name,prefix-required,birch,NEW ASSISTANT IDENTITY - would replace or sit beside ARIA; Michael's decision,0,written form reads as intended,7,8,7,,6,5.0,6,hebert 0.01399%,3.7,4.2,0.418,birch (0.0); burch (0.0); haber (0.0); faber (0.0875),preliminary trademark / naming review required,G4_domain_names_commands,5.3,6.01,fail,text collision gates failed: G4_domain_names_commands; too short (2 syllables; minimum 3)
744,generated,REJECTED (mechanical),netuda,netuda,N EH0 T UW1 D AH0,3,0-1-0,constructed,bare,netuda,NEW ASSISTANT IDENTITY - would replace or sit beside ARIA; Michael's decision,3,vowels may be read differently (N AH0 T UW1 D AH0),10.0,7,4,invented word looks less name-like than 97% of real first names,8,4.0,3,nelida 0.003%,6.9,3.0,0.298,magnitude of (0.05); the magnitude of (0.05); magnitude of the (0.05); magnitude and (0.05),preliminary trademark / naming review required; invented word: clearance search needed,G3_embedded_or_contains; G4_domain_names_commands; G6_clipped_boundary,5.82,6.01,fail,"text collision gates failed: G3_embedded_or_contains, G6_clipped_boundary"
745,generated,REJECTED (mechanical),bavisa,bavisa,B AH0 V IY1 S AH0,3,0-1-0,constructed,bare,bavisa,NEW ASSISTANT IDENTITY - would replace or sit beside ARIA; Michael's decision,3,vowels may be read differently (B AA0 V IY1 S AH0),9,7,5,invented word looks less name-like than 82% of real first names,8,4.2,3,malisa 0.002%,6.2,3.1,0.307,a visa (0.09); bevis (0.09); visa (0.1125); of us a (0.12),preliminary trademark / naming review required; invented word: clearance search needed,G2_near_high_frequency; G3_embedded_or_contains; G4_domain_names_commands; G6_clipped_boundary,5.74,6.005,fail,"text collision gates failed: G2_near_high_frequency, G3_embedded_or_contains, G6_clipped_boundary"
746,generated,REJECTED (mechanical),lomuna,lomuna,L OW0 M UW1 N AH0,3,0-1-0,constructed,bare,lomuna,NEW ASSISTANT IDENTITY - would replace or sit beside ARIA; Michael's decision,0,written form reads as intended,9,7,5,invented word looks less name-like than 84% of real first names,8,5.0,3,"romona 0.005%, romana 0.003%, filomena 0.006%, philomena 0.005%, holloman 0.0025499999999999997%",5.8,2.9,0.286,moon a (0.0); lo mein (0.1); low moan (0.11); moon i (0.1125),preliminary trademark / naming review required; invented word: clearance search needed,G3_embedded_or_contains; G4_domain_names_commands; G7_accent_casual_variant,5.62,6.005,fail,"text collision gates failed: G3_embedded_or_contains, G7_accent_casual_variant"
747,generated,REJECTED (mechanical),hey daniel,hey daniel,HH EY1 D AE1 N Y AH0 L,3,1-1-0,given_name,prefix-required,daniel,NEW ASSISTANT IDENTITY - would replace or sit beside ARIA; Michael's decision,0,written form reads as intended,9,9,8,,7,6.0,9,"mcdaniel 0.03008%, mcdaniels 0.00246%, danial 0.008%, daniel 0.974%, danielson 0.00435%",5.2,4.8,0.476,daniel (0.0); danielle (0.05); daniele (0.05); daniela (0.1286),preliminary trademark / naming review required; personal name,G2_near_high_frequency; G4_domain_names_commands; G6_clipped_boundary,4.72,6.0,fail,"text collision gates failed: G2_near_high_frequency, G4_domain_names_commands, G6_clipped_boundary"
748,generated,REJECTED (mechanical),hey jeremy,hey jeremy,HH EY1 JH EH1 R AH0 M IY2,4,1-1-0-2,given_name,prefix-required,jeremy,NEW ASSISTANT IDENTITY - would replace or sit beside ARIA; Michael's decision,0,written form reads as intended,9,9,7,diminutive form,7,6.0,9,"jeramy 0.004%, jeremy 0.242%, jeromy 0.004%, jeremy",4.2,4.8,0.479,jeremy (0.0); laramie (0.1367); jeremy's (0.1429); geraghty (0.1667),preliminary trademark / naming review required; personal name,G2_near_high_frequency; G4_domain_names_commands; G6_clipped_boundary,4.92,6.0,fail,"text collision gates failed: G2_near_high_frequency, G4_domain_names_commands, G6_clipped_boundary"
749,generated,REJECTED (mechanical),samoda,samoda,S AH0 M OW1 D AH0,3,0-1-0,constructed,bare,samoda,NEW ASSISTANT IDENTITY - would replace or sit beside ARIA; Michael's decision,3,vowels may be read differently (S AA0 M OW1 D AH0),9,7,5,invented word looks less name-like than 83% of real first names,8,3.5,3,"simona 0.003%, samella 0.001%",7.5,3.0,0.303,noda (0.075); moga (0.0875); the modem (0.095); some adults (0.1083),preliminary trademark / naming review required; invented word: clearance search needed,G3_embedded_or_contains; G4_domain_names_commands; G5_distress_vocabulary,5.6,6.0,fail,"text collision gates failed: G3_embedded_or_contains, G5_distress_vocabulary"
750,generated,REJECTED (mechanical),okay assistant,okay assistant,OW2 K EY1 AH0 S IH1 S T AH0 N T,5,2-1-0-1-0,role,prefix-required,assistant,no new identity (functional),0,written form reads as intended,6,7,0.0,contains 'ass',3,2.8,0,,5.5,5.7,0.575,my assistant (0.16); consistent (0.165); the assistant (0.165); a shop assistant (0.1818),preliminary trademark / naming review required; common word: weak distinctiveness,G2_near_high_frequency; G3_embedded_or_contains,6.68,5.995,fail,"dignity: contains 'ass'; text collision gates failed: G2_near_high_frequency, G3_embedded_or_contains"
751,generated,REJECTED (mechanical),volusa,volusa,V OW0 L UW1 S AH0,3,0-1-0,constructed,bare,volusa,NEW ASSISTANT IDENTITY - would replace or sit beside ARIA; Michael's decision,3,vowels may be read differently (V AH0 L UW1 S AH0),9,7,4,invented word looks less name-like than 100% of real first names,8,6.0,0,,4.5,2.9,0.286,loose a (0.0); evolution (0.02); evolutionary (0.02); lucia (0.03),preliminary trademark / naming review required; invented word: clearance search needed,G3_embedded_or_contains,6.28,5.985,fail,text collision gates failed: G3_embedded_or_contains
752,generated,REJECTED (mechanical),gardenia,gardenia,G AA0 R D IY1 N Y AH0,3,0-1-0,word_name,bare,gardenia,NEW ASSISTANT IDENTITY - would replace or sit beside ARIA; Michael's decision,0,written form reads as intended,9,8,7,,6,6.2,3,bernardina 0.001%,6.4,3.4,0.344,dania (0.09); regarding your (0.1125); garden yesterday (0.1125); gardena (0.125),preliminary trademark / naming review required,G4_domain_names_commands; G7_accent_casual_variant,5.36,5.98,fail,text collision gates failed: G7_accent_casual_variant
753,generated,REJECTED (mechanical),hey samuel,hey samuel,HH EY1 S AE1 M Y UW0 L,3,1-1-0,given_name,prefix-required,samuel,NEW ASSISTANT IDENTITY - would replace or sit beside ARIA; Michael's decision,0,written form reads as intended,8,9,8,,7,6.0,9,"samuel 0.306%, samuel",3.9,4.8,0.476,samuel (0.0); him you'll (0.125); them you'll (0.1283); samuel r (0.1429),preliminary trademark / naming review required; personal name,G2_near_high_frequency; G4_domain_names_commands; G6_clipped_boundary,4.78,5.98,fail,"text collision gates failed: G2_near_high_frequency, G4_domain_names_commands, G6_clipped_boundary"
754,generated,REJECTED (mechanical),cadesa,cadesa,K AH0 D EH1 S AH0,3,0-1-0,constructed,bare,cadesa,NEW ASSISTANT IDENTITY - would replace or sit beside ARIA; Michael's decision,0,written form reads as intended,9,7,5,invented word looks less name-like than 86% of real first names,8,4.4,3,"khadijah 0.001%, enriqueta 0.004%, contessa 0.001%, mcdevitt 0.00252%, cadena 0.00392%",7.3,2.9,0.293,death a (0.03); like a decent (0.05); make a decent (0.05); disa (0.05),preliminary trademark / naming review required; invented word: clearance search needed,G3_embedded_or_contains; G4_domain_names_commands,5.44,5.975,fail,text collision gates failed: G3_embedded_or_contains
755,generated,REJECTED (mechanical),conela,conela,K OW0 N EH1 L AH0,3,0-1-0,constructed,bare,conela,NEW ASSISTANT IDENTITY - would replace or sit beside ARIA; Michael's decision,3,vowels may be read differently (K OW1 N L AH0),10.0,7,6,invented word looks less name-like than 62% of real first names,8,5.0,6,"donella 0.001%, penelope 0.013%, antonetta 0.001%",4.1,2.9,0.286,nella (0.0); nila (0.075); camilla (0.0833); tonality (0.0917),preliminary trademark / naming review required; invented word: clearance search needed,G4_domain_names_commands; G7_accent_casual_variant,5.56,5.975,fail,"text collision gates failed: G4_domain_names_commands, G7_accent_casual_variant"
756,generated,REJECTED (mechanical),juniper,juniper,JH UW1 N AH0 P ER0,3,1-0-0,word_name,bare,juniper,NEW ASSISTANT IDENTITY - would replace or sit beside ARIA; Michael's decision,0,written form reads as intended,9,9,7,,6,8.9,0,,4.4,2.9,0.286,juniper (0.0); junot (0.07); napper (0.075); nutter (0.0875),preliminary trademark / naming review required,G0_self_frequency,5.72,5.965,fail,text collision gates failed: G0_self_frequency
757,generated,REJECTED (mechanical),redosa,redosa,R EH0 D OW1 S AH0,3,0-1-0,constructed,bare,redosa,NEW ASSISTANT IDENTITY - would replace or sit beside ARIA; Michael's decision,3,vowels may be read differently (R AH0 D OW1 S AH0),8,7,4,invented word looks less name-like than 92% of real first names,8,3.2,3,"barbosa 0.00614%, cardoza 0.00435%",6.2,3.1,0.307,algeria produces (0.0917); produces a lot (0.0917); factory produces (0.0917); introduce us to (0.0917),preliminary trademark / naming review required; invented word: clearance search needed,G3_embedded_or_contains; G4_domain_names_commands; G7_accent_casual_variant,5.74,5.955,fail,"text collision gates failed: G3_embedded_or_contains, G7_accent_casual_variant"
758,generated,REJECTED (mechanical),remava,remava,R EH0 M AA1 V AH0,3,0-1-0,constructed,bare,remava,NEW ASSISTANT IDENTITY - would replace or sit beside ARIA; Michael's decision,3,vowels may be read differently (R AH0 M EY1 V AH0),9,7,4,invented word looks less name-like than 96% of real first names,8,3.8,3,genoveva 0.005%,6.4,3.0,0.3,maza (0.06); nava (0.075); three novels (0.1); primavera (0.1),preliminary trademark / naming review required; invented word: clearance search needed,G3_embedded_or_contains; G4_domain_names_commands; G7_accent_casual_variant,5.76,5.95,fail,"text collision gates failed: G3_embedded_or_contains, G7_accent_casual_variant"
759,generated,REJECTED (mechanical),camellia,camellia,K AH0 M IY1 L IY0 AH0,4,0-1-0-0,word_name,bare,camellia,NEW ASSISTANT IDENTITY - would replace or sit beside ARIA; Michael's decision,0,written form reads as intended,10.0,9,7,,6,5.0,6,"pamelia 0.002%, camila 0.001%, emilia 0.013%, santamaria 0.004200000000000001%, camilla 0.008%",8.2,3.1,0.308,emilia (0.0); chameleon (0.0); pamelia (0.05); melia (0.06),preliminary trademark / naming review required,G2_near_high_frequency; G3_embedded_or_contains; G4_domain_names_commands,4.78,5.945,fail,"text collision gates failed: G2_near_high_frequency, G3_embedded_or_contains, G4_domain_names_commands"
760,generated,REJECTED (mechanical),felava,felava,F EH0 L AA1 V AH0,3,0-1-0,constructed,bare,felava,NEW ASSISTANT IDENTITY - would replace or sit beside ARIA; Michael's decision,0,written form reads as intended,10.0,7,5,invented word looks less name-like than 77% of real first names,8,5.0,3,"silva 0.002%, dasilva 0.006889999999999999%, velva 0.003%",7.9,2.9,0.286,lava (0.0); fell of (0.08); love a (0.1); sullivan (0.1067),preliminary trademark / naming review required; invented word: clearance search needed,G2_near_high_frequency; G3_embedded_or_contains; G4_domain_names_commands; G6_clipped_boundary,5.4,5.945,fail,"text collision gates failed: G2_near_high_frequency, G3_embedded_or_contains, G6_clipped_boundary"
761,generated,REJECTED (mechanical),hey barbara,hey barbara,HH EY1 B AA1 R B ER0 AH0,4,1-1-0-0,given_name,prefix-required,barbara,NEW ASSISTANT IDENTITY - would replace or sit beside ARIA; Michael's decision,2,written form reads as intended; 2 dictionary pronunciations,9,9,8,,7,6.0,9,"barbara 0.98%, barbara",4.8,4.8,0.479,barbara (0.0); barbra (0.0833); barber (0.1); barbour (0.1),preliminary trademark / naming review required; personal name,G2_near_high_frequency; G4_domain_names_commands; G6_clipped_boundary; G7_accent_casual_variant,4.8,5.94,fail,"text collision gates failed: G2_near_high_frequency, G4_domain_names_commands, G6_clipped_boundary, G7_accent_casual_variant"
762,generated,REJECTED (mechanical),hey norman,hey norman,HH EY1 N AO1 R M AH0 N,3,1-1-0,given_name,prefix-required,norman,NEW ASSISTANT IDENTITY - would replace or sit beside ARIA; Michael's decision,0,written form reads as intended,9,9,8,,7,6.0,9,"norman 0.177%, norman",5.8,4.8,0.476,norman (0.0); mormon (0.05); norm in (0.0833); dorman (0.0917),preliminary trademark / naming review required; personal name,G2_near_high_frequency; G3_embedded_or_contains; G4_domain_names_commands; G6_clipped_boundary; G7_accent_casual_variant,4.6,5.94,fail,"text collision gates failed: G2_near_high_frequency, G3_embedded_or_contains, G4_domain_names_commands, G6_clipped_boundary, G7_accent_casual_variant"
763,generated,REJECTED (mechanical),motera,motera,M OW0 T EH1 R AH0,3,0-1-0,constructed,bare,motera,NEW ASSISTANT IDENTITY - would replace or sit beside ARIA; Michael's decision,0,written form reads as intended,10.0,7,5,invented word looks less name-like than 84% of real first names,8,5.0,3,"madera 0.00325%, moreira 0.0030600000000000002%",8.0,2.9,0.286,tara (0.0); terre (0.0); tear a (0.0); in a terrible (0.05),preliminary trademark / naming review required; invented word: clearance search needed,G3_embedded_or_contains; G4_domain_names_commands; G6_clipped_boundary,5.38,5.935,fail,"text collision gates failed: G3_embedded_or_contains, G6_clipped_boundary"
764,generated,REJECTED (mechanical),podiva,podiva,P OW0 D IY1 V AH0,3,0-1-0,constructed,bare,podiva,NEW ASSISTANT IDENTITY - would replace or sit beside ARIA; Michael's decision,7,spelling suggests a different pronunciation (P OW0 T IY1 V AH0),10.0,6,3,invented word looks less name-like than 96% of real first names; spelling does not show how to say it,8,5.0,0,,4.5,2.9,0.286,diva (0.0); d the (0.05); stupid isn't (0.065); stupid isn't he (0.065),preliminary trademark / naming review required; invented word: clearance search needed,G3_embedded_or_contains; G7_accent_casual_variant,6.68,5.935,fail,"text collision gates failed: G3_embedded_or_contains, G7_accent_casual_variant"
765,generated,REJECTED (mechanical),vonila,vonila,V OW0 N IY1 L AH0,3,0-1-0,constructed,bare,vonila,NEW ASSISTANT IDENTITY - would replace or sit beside ARIA; Michael's decision,3,vowels may be read differently (V AA0 N IY1 L AH0),10.0,7,5,invented word looks less name-like than 78% of real first names,8,5.0,3,"donella 0.001%, zonia 0.001%, lavonia 0.002%",6.5,2.9,0.286,nila (0.0); nella (0.075); meal a (0.075); souvenir of (0.0917),preliminary trademark / naming review required; invented word: clearance search needed,G3_embedded_or_contains; G4_domain_names_commands,5.68,5.935,fail,"text collision gates failed: G3_embedded_or_contains, G4_domain_names_commands"
766,generated,REJECTED (mechanical),felicity,felicity,F IH0 L IH1 S AH0 T IY0,4,0-1-0-0,word_name,bare,felicity,NEW ASSISTANT IDENTITY - would replace or sit beside ARIA; Michael's decision,0,written form reads as intended,9,9,7,,6,7.0,3,"felicitas 0.004%, felicidad 0.001%",6.5,3.5,0.352,unsolicited (0.1113); soliciting (0.1113); solicited (0.1113); philistines (0.1375),preliminary trademark / naming review required,G0_self_frequency; G3_embedded_or_contains; G4_domain_names_commands; G7_accent_casual_variant,5.2,5.925,fail,"text collision gates failed: G0_self_frequency, G3_embedded_or_contains, G7_accent_casual_variant"
767,generated,REJECTED (mechanical),hey compass,hey compass,HH EY1 K AH1 M P AH0 S,3,1-1-0,word_name,prefix-required,compass,NEW ASSISTANT IDENTITY - would replace or sit beside ARIA; Michael's decision,0,written form reads as intended,8,9,0.0,contains 'ass',6,6.0,0,,5.0,4.8,0.476,compass (0.0); campus (0.05); a compass (0.0857); the compass (0.0929),preliminary trademark / naming review required,G6_clipped_boundary; G7_accent_casual_variant,6.36,5.92,fail,"dignity: contains 'ass'; text collision gates failed: G6_clipped_boundary, G7_accent_casual_variant"
768,generated,REJECTED (mechanical),mohammed,mohammed,M OW0 HH AE1 M IH0 D,3,0-1-0,given_name,bare,mohammed,NEW ASSISTANT IDENTITY - would replace or sit beside ARIA; Michael's decision,0,written form reads as intended,10.0,8,8,,7,7.9,3,"mohamed 0.005%, mohammad 0.008%, muhammad 0.00647%, mohammed 0.007%",6.5,3.3,0.325,hamid (0.09); hammett (0.09); mohammad (0.1); mohamed (0.1),preliminary trademark / naming review required; personal name,G0_self_frequency; G4_domain_names_commands; G7_accent_casual_variant,5.18,5.915,fail,"text collision gates failed: G0_self_frequency, G7_accent_casual_variant"
769,generated,REJECTED (mechanical),hey aria,hey AR-ee-uh,HH EY1 AA1 R IY0 AH0,4,1-1-0-0,aria,prefix-required,aria,existing identity (ARIA),6,"written form reads as intended; also spoken AIR-ee-uh = 'area' (Room 214 false wakes, 2026-09-24)",10.0,9,8,,1,6.0,3,hilaria 0.002%,7.0,4.4,0.443,aria (0.0); hey Ari (0.1); indo aryan (0.12); indo aryan language (0.12),preliminary trademark / naming review required; existing assistant or product use known to the agent (unverified),G3_embedded_or_contains; G4_domain_names_commands; G7_accent_casual_variant,5.68,5.91,fail,"text collision gates failed: G3_embedded_or_contains, G4_domain_names_commands, G7_accent_casual_variant"
770,generated,REJECTED (mechanical),mateda,mateda,M AH0 T EH1 D AH0,3,0-1-0,constructed,bare,mateda,NEW ASSISTANT IDENTITY - would replace or sit beside ARIA; Michael's decision,0,written form reads as intended,10.0,7,6,invented word looks less name-like than 74% of real first names,8,4.0,6,"matilde 0.006%, mcadams 0.00391%, makeda 0.001%, mckenna 0.00925%, mathilda 0.003%",8.4,3.0,0.298,limited edition (0.05); limited and (0.05); a limited edition (0.05); limited amount (0.05),preliminary trademark / naming review required; invented word: clearance search needed,G3_embedded_or_contains; G4_domain_names_commands,4.92,5.91,fail,"text collision gates failed: G3_embedded_or_contains, G4_domain_names_commands"
771,generated,REJECTED (mechanical),delfina,delfina,D EH2 L F IY1 N AH0,3,2-1-0,given_name,bare,delfina,NEW ASSISTANT IDENTITY - would replace or sit beside ARIA; Michael's decision,0,written form reads as intended,9,8,8,,7,5.2,6,"delphine 0.007%, delphia 0.003%, delena 0.002%, magdalena 0.015%, melvina 0.005%",7.2,3.1,0.313,fine (0.0375); seen a (0.06); scene a (0.06); fema (0.075),preliminary trademark / naming review required; personal name,G3_embedded_or_contains; G4_domain_names_commands; G6_clipped_boundary,4.74,5.905,fail,"text collision gates failed: G3_embedded_or_contains, G4_domain_names_commands, G6_clipped_boundary"
772,generated,REJECTED (mechanical),nomata,nomata,N OW0 M AA1 T AH0,3,0-1-0,constructed,bare,nomata,NEW ASSISTANT IDENTITY - would replace or sit beside ARIA; Michael's decision,0,written form reads as intended,10.0,7,5,invented word looks less name-like than 84% of real first names,8,5.0,3,domitila 0.001%,8.3,2.9,0.286,mata (0.0); panama canal (0.0583); the panama canal (0.0583); no not (0.06),preliminary trademark / naming review required; invented word: clearance search needed,G2_near_high_frequency; G3_embedded_or_contains; G4_domain_names_commands; G6_clipped_boundary; G7_accent_casual_variant,5.32,5.905,fail,"text collision gates failed: G2_near_high_frequency, G3_embedded_or_contains, G6_clipped_boundary, G7_accent_casual_variant"
773,generated,REJECTED (mechanical),teriva,teriva,T EH0 R IY1 V AH0,3,0-1-0,constructed,bare,teriva,NEW ASSISTANT IDENTITY - would replace or sit beside ARIA; Michael's decision,0,written form reads as intended,10.0,7,5,invented word looks less name-like than 79% of real first names,8,5.0,3,"terisa 0.001%, terese 0.004%, renteria 0.00948%, treva 0.007%, karisa 0.001%",8.3,2.9,0.286,riva (0.0); without a reason (0.04); at a reasonable (0.04); not a reason (0.04),preliminary trademark / naming review required; invented word: clearance search needed,G2_near_high_frequency; G3_embedded_or_contains; G4_domain_names_commands; G6_clipped_boundary; G7_accent_casual_variant,5.32,5.905,fail,"text collision gates failed: G2_near_high_frequency, G3_embedded_or_contains, G4_domain_names_commands, G6_clipped_boundary, G7_accent_casual_variant"
774,generated,REJECTED (mechanical),radova,radova,R AH0 D OW1 V AH0,3,0-1-0,constructed,bare,radova,NEW ASSISTANT IDENTITY - would replace or sit beside ARIA; Michael's decision,0,written form reads as intended,9,7,4,invented word looks less name-like than 93% of real first names,8,3.0,6,"cordova 0.015359999999999999%, cardoza 0.00435%, sandoval 0.04371%",7.2,3.1,0.309,cordova (0.1); ago the (0.11); radovan (0.1333); nova (0.1375),preliminary trademark / naming review required; invented word: clearance search needed,G2_near_high_frequency; G3_embedded_or_contains; G4_domain_names_commands,5.18,5.895,fail,"text collision gates failed: G2_near_high_frequency, G3_embedded_or_contains, G4_domain_names_commands"
775,generated,REJECTED (mechanical),zemuva,zemuva,Z EH0 M UW1 V AH0,3,0-1-0,constructed,bare,zemuva,NEW ASSISTANT IDENTITY - would replace or sit beside ARIA; Michael's decision,3,vowels may be read differently (Z EY0 M UW1 V AH0),9,7,4,invented word looks less name-like than 100% of real first names,8,5.0,0,,7.4,2.9,0.286,move a (0.0); the move (0.084); they move (0.094); the moving (0.1033),preliminary trademark / naming review required; invented word: clearance search needed,G2_near_high_frequency; G3_embedded_or_contains; G7_accent_casual_variant,5.9,5.895,fail,"text collision gates failed: G2_near_high_frequency, G3_embedded_or_contains, G7_accent_casual_variant"
776,generated,REJECTED (mechanical),hey era,hey era,HH EY1 EH1 R AH0,3,1-1-0,given_name,prefix-required,era,NEW ASSISTANT IDENTITY - would replace or sit beside ARIA; Michael's decision,2,written form reads as intended; 2 dictionary pronunciations,10.0,9,8,,7,6.0,9,"sierra 0.008%, harold 0.371%, herrera 0.06533%, vieira 0.0035299999999999997%, era",5.9,4.2,0.421,era (0.0); ara (0.0667); sierra (0.1125); sierra leone (0.1125),preliminary trademark / naming review required; personal name,G2_near_high_frequency; G3_embedded_or_contains; G4_domain_names_commands; G6_clipped_boundary; G7_accent_casual_variant,4.66,5.89,fail,"text collision gates failed: G2_near_high_frequency, G3_embedded_or_contains, G4_domain_names_commands, G6_clipped_boundary, G7_accent_casual_variant"
777,generated,REJECTED (mechanical),sedeva,sedeva,S EH0 D EH1 V AH0,3,0-1-0,constructed,bare,sedeva,NEW ASSISTANT IDENTITY - would replace or sit beside ARIA; Michael's decision,3,vowels may be read differently (S EY0 D EY1 V AH0),9,7,4,invented word looks less name-like than 96% of real first names,8,3.8,0,,10.0,3.0,0.3,said of (0.06); said isn't (0.0733); tom said isn't (0.0733); said is a (0.0733),preliminary trademark / naming review required; invented word: clearance search needed,G2_near_high_frequency; G3_embedded_or_contains; G6_clipped_boundary; G7_accent_casual_variant,5.64,5.89,fail,"text collision gates failed: G2_near_high_frequency, G3_embedded_or_contains, G6_clipped_boundary, G7_accent_casual_variant"
778,generated,REJECTED (mechanical),bolesa,bolesa,B OW0 L EH1 S AH0,3,0-1-0,constructed,bare,bolesa,NEW ASSISTANT IDENTITY - would replace or sit beside ARIA; Michael's decision,0,written form reads as intended,9,7,4,invented word looks less name-like than 91% of real first names,8,5.0,3,"burleson 0.00447%, ballesteros 0.00348%, coletta 0.002%",6.0,2.9,0.286,less a (0.0); lissa (0.05); abolition (0.0533); adolescent (0.0583),preliminary trademark / naming review required; invented word: clearance search needed,G2_near_high_frequency; G3_embedded_or_contains; G4_domain_names_commands; G6_clipped_boundary; G7_accent_casual_variant,5.58,5.885,fail,"text collision gates failed: G2_near_high_frequency, G3_embedded_or_contains, G6_clipped_boundary, G7_accent_casual_variant"
779,generated,REJECTED (mechanical),hey florence,hey florence,HH EY1 F L AO1 R AH0 N S,3,1-1-0,word_name,prefix-required,florence,NEW ASSISTANT IDENTITY - would replace or sit beside ARIA; Michael's decision,0,written form reads as intended,8,9,7,,6,6.0,9,"florance 0.002%, florence 0.2%",3.5,4.9,0.494,lawrence (0.0); laurence (0.0); laurance (0.0); laurens (0.075),preliminary trademark / naming review required,G4_domain_names_commands; G6_clipped_boundary; G7_accent_casual_variant,4.88,5.885,fail,"text collision gates failed: G4_domain_names_commands, G6_clipped_boundary, G7_accent_casual_variant"
780,generated,REJECTED (mechanical),denada,denada,D EH0 N AA1 D AH0,3,0-1-0,constructed,bare,denada,NEW ASSISTANT IDENTITY - would replace or sit beside ARIA; Michael's decision,3,vowels may be read differently (D IH0 N AA1 D AH0),10.0,7,7,,8,4.5,6,"leonida 0.001%, maldonado 0.0412%, iluminada 0.002%, delana 0.002%, lashawnda 0.001%",7.2,3.0,0.303,mada (0.075); nada (0.1); d model (0.1); made a model (0.1),preliminary trademark / naming review required; invented word: clearance search needed,G3_embedded_or_contains; G4_domain_names_commands; G6_clipped_boundary; G7_accent_casual_variant,5.06,5.88,fail,"text collision gates failed: G3_embedded_or_contains, G4_domain_names_commands, G6_clipped_boundary, G7_accent_casual_variant"
781,generated,REJECTED (mechanical),hey jade,hey jade,HH EY1 JH EY1 D,2,1-1,word_name,prefix-required,jade,NEW ASSISTANT IDENTITY - would replace or sit beside ARIA; Michael's decision,0,written form reads as intended,7,8,7,,6,6.0,3,senaida 0.001%,6.0,4.2,0.418,jade (0.0); aged (0.0875); jed (0.1167); heyday (0.1175),preliminary trademark / naming review required,G3_embedded_or_contains; G4_domain_names_commands; G6_clipped_boundary; G7_accent_casual_variant,5.24,5.88,fail,"text collision gates failed: G3_embedded_or_contains, G6_clipped_boundary, G7_accent_casual_variant; too short (2 syllables; minimum 3)"
782,generated,REJECTED (mechanical),nevina,nevina,N EH0 V IY1 N AH0,3,0-1-0,constructed,bare,nevina,NEW ASSISTANT IDENTITY - would replace or sit beside ARIA; Michael's decision,3,vowels may be read differently (N EY0 V IY1 N AH0),10.0,7,7,,8,6.0,3,"melvina 0.005%, enedina 0.003%, devona 0.002%, emelina 0.001%, melina 0.004%",7.1,2.9,0.286,vena (0.0); vina (0.0); nevin (0.03); xena (0.06),preliminary trademark / naming review required; invented word: clearance search needed,G2_near_high_frequency; G3_embedded_or_contains; G4_domain_names_commands; G6_clipped_boundary; G7_accent_casual_variant,5.36,5.875,fail,"text collision gates failed: G2_near_high_frequency, G3_embedded_or_contains, G4_domain_names_commands, G6_clipped_boundary, G7_accent_casual_variant"
783,generated,REJECTED (mechanical),somola,somola,S OW0 M OW1 L AH0,3,0-1-0,constructed,bare,somola,NEW ASSISTANT IDENTITY - would replace or sit beside ARIA; Michael's decision,3,vowels may be read differently (S AH0 M OW1 L AH0),9,7,5,invented word looks less name-like than 85% of real first names,8,5.0,3,samella 0.001%,5.6,2.9,0.286,mola (0.0); nola (0.075); some oil (0.1333); bola (0.1375),preliminary trademark / naming review required; invented word: clearance search needed,G3_embedded_or_contains; G4_domain_names_commands,5.66,5.875,fail,text collision gates failed: G3_embedded_or_contains
784,generated,REJECTED (mechanical),bedena,bedena,B EH0 D EH1 N AH0,3,0-1-0,constructed,bare,bedena,NEW ASSISTANT IDENTITY - would replace or sit beside ARIA; Michael's decision,3,vowels may be read differently (B EH0 D IY1 N AH0),10.0,7,6,invented word looks less name-like than 74% of real first names,8,5.2,3,"delena 0.002%, adelina 0.007%, enedina 0.003%, berenice 0.003%",7.9,3.0,0.295,bed in (0.04); bed an (0.04); danna (0.05); bad enough (0.0667),preliminary trademark / naming review required; invented word: clearance search needed,G2_near_high_frequency; G3_embedded_or_contains; G4_domain_names_commands; G6_clipped_boundary; G7_accent_casual_variant,5.38,5.87,fail,"text collision gates failed: G2_near_high_frequency, G3_embedded_or_contains, G6_clipped_boundary, G7_accent_casual_variant"
785,generated,REJECTED (mechanical),madala,madala,M AH0 D AA1 L AH0,3,0-1-0,constructed,bare,madala,NEW ASSISTANT IDENTITY - would replace or sit beside ARIA; Michael's decision,3,vowels may be read differently (M AA0 D AA1 L AH0),10.0,7,7,,8,3.5,6,"madonna 0.006%, mccollum 0.0067800000000000004%, medina 0.0639%, mcculloch 0.00279%, mccullough 0.01554%",9.3,3.0,0.303,dermatologist (0.075); dermatology (0.075); cosmetology (0.075); hematology (0.075),preliminary trademark / naming review required; invented word: clearance search needed,G3_embedded_or_contains; G4_domain_names_commands; G6_clipped_boundary,4.84,5.87,fail,"text collision gates failed: G3_embedded_or_contains, G4_domain_names_commands, G6_clipped_boundary"
786,generated,REJECTED (mechanical),zerata,zerata,Z EH0 R AA1 T AH0,3,0-1-0,constructed,bare,zerata,NEW ASSISTANT IDENTITY - would replace or sit beside ARIA; Michael's decision,0,written form reads as intended,9,7,4,invented word looks less name-like than 99% of real first names,8,4.0,3,emerita 0.001%,8.3,3.0,0.298,is a rotten (0.05); there ought (0.064); the rotten (0.07); the rotten apple (0.07),preliminary trademark / naming review required; invented word: clearance search needed,G2_near_high_frequency; G3_embedded_or_contains; G4_domain_names_commands; G6_clipped_boundary,5.34,5.87,fail,"text collision gates failed: G2_near_high_frequency, G3_embedded_or_contains, G6_clipped_boundary"
787,generated,REJECTED (mechanical),emogene,emogene,EH1 M AH0 G IY0 N,3,1-0-0,given_name,bare,emogene,NEW ASSISTANT IDENTITY - would replace or sit beside ARIA; Michael's decision,0,written form reads as intended,9,8,8,,7,4.4,6,"imogene 0.019%, mcginnis 0.00914%, emelina 0.001%, emmaline 0.001%, emogene 0.003%",8.9,2.9,0.293,mug in (0.03); mcginn (0.03); them again (0.05); see them again (0.05),preliminary trademark / naming review required; personal name,G2_near_high_frequency; G3_embedded_or_contains; G4_domain_names_commands; G6_clipped_boundary; G7_accent_casual_variant,4.52,5.865,fail,"text collision gates failed: G2_near_high_frequency, G3_embedded_or_contains, G4_domain_names_commands, G6_clipped_boundary, G7_accent_casual_variant"
788,generated,REJECTED (mechanical),folina,folina,F OW0 L IY1 N AH0,3,0-1-0,constructed,bare,folina,NEW ASSISTANT IDENTITY - would replace or sit beside ARIA; Michael's decision,0,written form reads as intended,10.0,7,6,invented word looks less name-like than 73% of real first names,8,5.0,6,"celina 0.008%, salena 0.002%, salina 0.004%, salinas 0.027510000000000003%, selena 0.012%",6.7,2.9,0.286,lena (0.0); lina (0.0); leena (0.0); holiness (0.0583),preliminary trademark / naming review required; invented word: clearance search needed,G2_near_high_frequency; G3_embedded_or_contains; G4_domain_names_commands; G6_clipped_boundary,5.04,5.865,fail,"text collision gates failed: G2_near_high_frequency, G3_embedded_or_contains, G4_domain_names_commands, G6_clipped_boundary"
789,generated,REJECTED (mechanical),hey crystal,hey crystal,HH EY1 K R IH1 S T AH0 L,3,1-1-0,word_name,prefix-required,crystal,NEW ASSISTANT IDENTITY - would replace or sit beside ARIA; Michael's decision,0,written form reads as intended,8,9,7,,3,4.3,9,"christal 0.006%, christel 0.003%, chrystal 0.011%, cristal 0.005%, crystal 0.207%",5.9,5.1,0.513,a crystal (0.0813); the crystal (0.0813); rest all (0.1); distal (0.1167),preliminary trademark / naming review required; common word: weak distinctiveness,G2_near_high_frequency; G4_domain_names_commands; G7_accent_casual_variant,4.78,5.865,fail,"text collision gates failed: G2_near_high_frequency, G4_domain_names_commands, G7_accent_casual_variant; same sound as 'hey christel'"
790,generated,REJECTED (mechanical),hey patience,hey patience,HH EY1 P EY1 SH AH0 N S,3,1-1-0,word_name,prefix-required,patience,NEW ASSISTANT IDENTITY - would replace or sit beside ARIA; Michael's decision,0,written form reads as intended,7,9,7,,3,6.0,3,patience 0.002%,6.6,4.8,0.476,patience (0.0); patients (0.075); my patience (0.0857); no patience (0.0857),preliminary trademark / naming review required; common word: weak distinctiveness,G2_near_high_frequency; G3_embedded_or_contains; G4_domain_names_commands; G6_clipped_boundary; G7_accent_casual_variant,5.24,5.86,fail,"text collision gates failed: G2_near_high_frequency, G3_embedded_or_contains, G6_clipped_boundary, G7_accent_casual_variant"
791,generated,REJECTED (mechanical),noresa,noresa,N OW0 R EH1 S AH0,3,0-1-0,constructed,bare,noresa,NEW ASSISTANT IDENTITY - would replace or sit beside ARIA; Michael's decision,3,vowels may be read differently (N AO2 R IY1 S AH0),9,7,6,invented word looks less name-like than 54% of real first names,8,4.0,3,"nerissa 0.002%, manzanares 0.00254%",9.0,3.0,0.298,sumo wrestler (0.05); a sumo wrestler (0.05); no rational (0.0533); piano lessons (0.0667),preliminary trademark / naming review required; invented word: clearance search needed,G2_near_high_frequency; G3_embedded_or_contains; G4_domain_names_commands; G6_clipped_boundary,5.2,5.85,fail,"text collision gates failed: G2_near_high_frequency, G3_embedded_or_contains, G6_clipped_boundary"
792,generated,REJECTED (mechanical),camuta,camuta,K AH0 M UW1 T AH0,3,0-1-0,constructed,bare,camuta,NEW ASSISTANT IDENTITY - would replace or sit beside ARIA; Michael's decision,3,vowels may be read differently (K AA0 M UW1 T AH0),10.0,7,5,invented word looks less name-like than 84% of real first names,8,3.2,6,"danuta 0.002%, compton 0.012150000000000001%, camila 0.001%",8.3,3.1,0.307,i'm outta (0.09); commit a (0.1); come eat (0.1); commit a crime (0.1),preliminary trademark / naming review required; invented word: clearance search needed,G2_near_high_frequency; G3_embedded_or_contains; G4_domain_names_commands; G6_clipped_boundary,5.12,5.845,fail,"text collision gates failed: G2_near_high_frequency, G3_embedded_or_contains, G4_domain_names_commands, G6_clipped_boundary"
793,generated,REJECTED (mechanical),cordelia,cordelia,K AO2 R D IY1 L IY2 AH0,4,2-1-2-0,word_name,bare,cordelia,NEW ASSISTANT IDENTITY - would replace or sit beside ARIA; Michael's decision,0,written form reads as intended,9,9,7,,6,6.7,6,"cornelia 0.015%, cornelius 0.021%, ardelia 0.001%, cordell 0.004%, cordia 0.001%",4.9,3.5,0.349,delia (0.1); deeley (0.12); dealey (0.12); cornelius (0.1313),preliminary trademark / naming review required,G3_embedded_or_contains; G4_domain_names_commands,4.98,5.845,fail,"text collision gates failed: G3_embedded_or_contains, G4_domain_names_commands"
794,generated,REJECTED (mechanical),valada,valada,V AH0 L AA1 D AH0,3,0-1-0,constructed,bare,valada,NEW ASSISTANT IDENTITY - would replace or sit beside ARIA; Michael's decision,3,vowels may be read differently (V AA0 L AA1 D AH0),10.0,7,6,invented word looks less name-like than 74% of real first names,8,5.0,3,"valadez 0.00741%, valladares 0.004030000000000001%, velda 0.005%, valda 0.002%, lashawnda 0.001%",8.4,2.9,0.286,lada (0.0); the law does (0.0667); the law doesn't (0.0667); a lot a (0.09),preliminary trademark / naming review required; invented word: clearance search needed,G3_embedded_or_contains; G4_domain_names_commands,5.3,5.845,fail,text collision gates failed: G3_embedded_or_contains
795,generated,REJECTED (mechanical),daroda,daroda,D AH0 R OW1 D AH0,3,0-1-0,constructed,bare,daroda,NEW ASSISTANT IDENTITY - would replace or sit beside ARIA; Michael's decision,3,vowels may be read differently (D AA0 R OW1 D AH0),10.0,7,6,invented word looks less name-like than 73% of real first names,8,5.0,3,"adelaida 0.004%, dedra 0.003%, pedroza 0.0037%, dakota 0.001%, derosa 0.00279%",8.6,2.9,0.286,rode a (0.0); rhoda (0.0); rohde (0.0); road a (0.0),preliminary trademark / naming review required; invented word: clearance search needed,G2_near_high_frequency; G3_embedded_or_contains; G4_domain_names_commands; G6_clipped_boundary,5.26,5.825,fail,"text collision gates failed: G2_near_high_frequency, G3_embedded_or_contains, G6_clipped_boundary"
796,generated,REJECTED (mechanical),netala,netala,N EH0 T AA1 L AH0,3,0-1-0,constructed,bare,netala,NEW ASSISTANT IDENTITY - would replace or sit beside ARIA; Michael's decision,3,vowels may be read differently (N EH1 T AH0 L AH0),10.0,7,5,invented word looks less name-like than 83% of real first names,8,3.8,6,"nicolasa 0.003%, natalia 0.01%, natalya 0.001%, natasha 0.057%, alcantara 0.00428%",7.2,3.0,0.3,didn't even apologize (0.0583); natal (0.06); nettle (0.08); at all a (0.08),preliminary trademark / naming review required; invented word: clearance search needed,G3_embedded_or_contains; G4_domain_names_commands; G7_accent_casual_variant,5.2,5.82,fail,"text collision gates failed: G3_embedded_or_contains, G4_domain_names_commands, G7_accent_casual_variant"
797,generated,REJECTED (mechanical),rolena,rolena,R OW0 L EH1 N AH0,3,0-1-0,constructed,bare,rolena,NEW ASSISTANT IDENTITY - would replace or sit beside ARIA; Michael's decision,3,vowels may be read differently (R OW0 L IY1 N AH0),9,7,7,,8,5.3,3,"rosana 0.002%, rosanna 0.009%, orellana 0.00903%, roseanna 0.004%, rosena 0.001%",7.7,2.9,0.294,role in a (0.0333); enroll in a (0.0333); role in (0.04); roll in (0.04),preliminary trademark / naming review required; invented word: clearance search needed,G2_near_high_frequency; G3_embedded_or_contains; G4_domain_names_commands; G6_clipped_boundary; G7_accent_casual_variant,5.18,5.805,fail,"text collision gates failed: G2_near_high_frequency, G3_embedded_or_contains, G6_clipped_boundary, G7_accent_casual_variant"
798,generated,REJECTED (mechanical),demota,demota,D EH0 M OW1 T AH0,3,0-1-0,constructed,bare,demota,NEW ASSISTANT IDENTITY - would replace or sit beside ARIA; Michael's decision,3,vowels may be read differently (D IH0 M OW1 T AH0),10.0,7,5,invented word looks less name-like than 85% of real first names,8,5.0,3,"dakota 0.001%, donnetta 0.001%, donnette 0.001%",7.9,2.9,0.286,mota (0.0); demote (0.04); note a (0.075); denoted (0.0833),preliminary trademark / naming review required; invented word: clearance search needed,G2_near_high_frequency; G3_embedded_or_contains; G4_domain_names_commands; G7_accent_casual_variant,5.4,5.795,fail,"text collision gates failed: G2_near_high_frequency, G3_embedded_or_contains, G4_domain_names_commands, G7_accent_casual_variant"
799,generated,REJECTED (mechanical),godera,godera,G OW0 D EH1 R AH0,3,0-1-0,constructed,bare,godera,NEW ASSISTANT IDENTITY - would replace or sit beside ARIA; Michael's decision,0,written form reads as intended,10.0,7,4,invented word looks less name-like than 93% of real first names,8,5.0,3,godinez 0.00734%,8.4,2.9,0.286,darragh (0.0); dara (0.05); bear a (0.0875); berra (0.0875),preliminary trademark / naming review required; invented word: clearance search needed,G2_near_high_frequency; G3_embedded_or_contains; G4_domain_names_commands,5.3,5.795,fail,"text collision gates failed: G2_near_high_frequency, G3_embedded_or_contains"
800,generated,REJECTED (mechanical),pedila,pedila,P EH0 D IY1 L AH0,3,0-1-0,constructed,bare,pedila,NEW ASSISTANT IDENTITY - would replace or sit beside ARIA; Michael's decision,0,written form reads as intended,10.0,7,4,invented word looks less name-like than 90% of real first names,8,4.5,6,"padilla 0.03572%, penelope 0.013%, delila 0.001%, pamella 0.002%",6.6,3.0,0.303,della (0.075); padilla (0.075); dela (0.075); capabilities (0.0833),preliminary trademark / naming review required; invented word: clearance search needed,G3_embedded_or_contains; G4_domain_names_commands,5.18,5.79,fail,"text collision gates failed: G3_embedded_or_contains, G4_domain_names_commands"
801,generated,REJECTED (mechanical),falena,falena,F AH0 L EH1 N AH0,3,0-1-0,constructed,bare,falena,NEW ASSISTANT IDENTITY - would replace or sit beside ARIA; Michael's decision,3,vowels may be read differently (F AH0 L IY1 N AH0),10.0,7,7,,8,4.3,6,"celina 0.008%, salena 0.002%, salina 0.004%, salinas 0.027510000000000003%, selena 0.012%",8.4,2.9,0.294,careful enough (0.0333); being careful enough (0.0333); beautiful animals (0.0333); beautiful enough (0.0333),preliminary trademark / naming review required; invented word: clearance search needed,G3_embedded_or_contains; G4_domain_names_commands; G6_clipped_boundary; G7_accent_casual_variant,4.84,5.785,fail,"text collision gates failed: G3_embedded_or_contains, G4_domain_names_commands, G6_clipped_boundary, G7_accent_casual_variant"
802,generated,REJECTED (mechanical),maurine,maurine,M AO0 R IY1 N IY0,3,0-1-0,given_name,bare,maurine,NEW ASSISTANT IDENTITY - would replace or sit beside ARIA; Michael's decision,0,written form reads as intended,10.0,8,8,,7,5.0,6,"emmaline 0.001%, dorine 0.002%, lorine 0.005%, maureen 0.092%, moreno 0.06676%",10.0,2.9,0.286,maureen (0.0); more in (0.03); morin (0.03); marini (0.0333),preliminary trademark / naming review required; personal name,G2_near_high_frequency; G3_embedded_or_contains; G4_domain_names_commands; G6_clipped_boundary; G7_accent_casual_variant,4.38,5.785,fail,"text collision gates failed: G2_near_high_frequency, G3_embedded_or_contains, G4_domain_names_commands, G6_clipped_boundary, G7_accent_casual_variant"
803,generated,REJECTED (mechanical),saroda,saroda,S AH0 R OW1 D AH0,3,0-1-0,constructed,bare,saroda,NEW ASSISTANT IDENTITY - would replace or sit beside ARIA; Michael's decision,3,vowels may be read differently (S AA0 R OW1 D AH0),9,7,5,invented word looks less name-like than 83% of real first names,8,5.0,0,,9.5,2.9,0.286,rode a (0.0); rhoda (0.0); rohde (0.0); road a (0.0),preliminary trademark / naming review required; invented word: clearance search needed,G2_near_high_frequency; G3_embedded_or_contains; G6_clipped_boundary,5.48,5.785,fail,"text collision gates failed: G2_near_high_frequency, G3_embedded_or_contains, G6_clipped_boundary"
804,generated,REJECTED (mechanical),radura,radura,R AH0 D UW1 R AH0,3,0-1-0,constructed,bare,radura,NEW ASSISTANT IDENTITY - would replace or sit beside ARIA; Michael's decision,3,vowels may be read differently (R AH0 D UH1 R AH0),9,7,4,invented word looks less name-like than 97% of real first names,8,4.2,3,theodora 0.007%,7.2,2.9,0.295,dura (0.0375); agoura (0.07); are adorable (0.0833); you're adorable (0.0833),preliminary trademark / naming review required; invented word: clearance search needed,G3_embedded_or_contains; G4_domain_names_commands,5.5,5.775,fail,text collision gates failed: G3_embedded_or_contains
805,generated,REJECTED (mechanical),naruta,naruta,N AH0 R UW1 T AH0,3,0-1-0,constructed,bare,naruta,NEW ASSISTANT IDENTITY - would replace or sit beside ARIA; Michael's decision,3,vowels may be read differently (N AA0 R UW1 T AH0),10.0,7,4,invented word looks less name-like than 98% of real first names,8,5.0,3,"danuta 0.002%, emerita 0.001%, nikita 0.005%",7.2,2.9,0.286,root a (0.0); ruta (0.0); neruda (0.075); a root (0.12),preliminary trademark / naming review required; invented word: clearance search needed,G3_embedded_or_contains; G4_domain_names_commands,5.54,5.765,fail,text collision gates failed: G3_embedded_or_contains
806,generated,REJECTED (mechanical),tamira,tamira,T AH0 M IY1 R AH0,3,0-1-0,constructed,bare,tamira,NEW ASSISTANT IDENTITY - would replace or sit beside ARIA; Michael's decision,3,vowels may be read differently (T AH0 M IH1 R AH0),10.0,7,7,,8,4.2,6,"tamela 0.006%, tamera 0.009%, camila 0.001%, samira 0.002%, amira 0.001%",8.8,2.9,0.295,mira (0.0375); most americans (0.05); that americans (0.05); first american (0.05),preliminary trademark / naming review required; invented word: clearance search needed,G3_embedded_or_contains; G4_domain_names_commands,4.78,5.765,fail,"text collision gates failed: G3_embedded_or_contains, G4_domain_names_commands"
807,generated,REJECTED (mechanical),savura,savura,S AH0 V UW1 R AH0,3,0-1-0,constructed,bare,savura,NEW ASSISTANT IDENTITY - would replace or sit beside ARIA; Michael's decision,3,vowels may be read differently (S AA0 V UH1 R AH0),9,7,4,invented word looks less name-like than 95% of real first names,8,4.5,3,samira 0.002%,6.9,3.0,0.304,azura (0.078); glass of orange (0.0833); perseverance (0.1); severest (0.1),preliminary trademark / naming review required; invented word: clearance search needed,G2_near_high_frequency; G3_embedded_or_contains; G4_domain_names_commands; G6_clipped_boundary,5.52,5.76,fail,"text collision gates failed: G2_near_high_frequency, G3_embedded_or_contains, G6_clipped_boundary"
808,generated,REJECTED (mechanical),almeda,almeda,AA0 L M EY1 D AH0,3,0-1-0,given_name,bare,almeda,NEW ASSISTANT IDENTITY - would replace or sit beside ARIA; Michael's decision,0,written form reads as intended,8,8,8,,7,6.0,3,"almeida 0.005679999999999999%, almeta 0.002%, armida 0.004%, palmira 0.001%, adelaida 0.004%",8.3,2.9,0.286,made a (0.0); maida (0.0); meda (0.0); all made (0.04),preliminary trademark / naming review required; personal name,G2_near_high_frequency; G3_embedded_or_contains; G4_domain_names_commands; G6_clipped_boundary,4.72,5.755,fail,"text collision gates failed: G2_near_high_frequency, G3_embedded_or_contains, G6_clipped_boundary"
809,generated,REJECTED (mechanical),damota,damota,D AH0 M OW1 T AH0,3,0-1-0,constructed,bare,damota,NEW ASSISTANT IDENTITY - would replace or sit beside ARIA; Michael's decision,3,vowels may be read differently (D AA0 M OW1 T AH0),10.0,7,5,invented word looks less name-like than 85% of real first names,8,5.0,3,"danuta 0.002%, dakota 0.001%, donnetta 0.001%, donnette 0.001%",8.3,2.9,0.286,mota (0.0); note a (0.075); had a motive (0.0833); mocha (0.0875),preliminary trademark / naming review required; invented word: clearance search needed,G2_near_high_frequency; G3_embedded_or_contains; G4_domain_names_commands,5.32,5.755,fail,"text collision gates failed: G2_near_high_frequency, G3_embedded_or_contains"
810,generated,REJECTED (mechanical),denila,denila,D EH0 N IY1 L AH0,3,0-1-0,constructed,bare,denila,NEW ASSISTANT IDENTITY - would replace or sit beside ARIA; Michael's decision,3,vowels may be read differently (D IH0 N IY1 L AH0),10.0,7,6,invented word looks less name-like than 52% of real first names,8,5.0,3,"delila 0.001%, leonila 0.002%, daniell 0.001%, dannielle 0.003%, donella 0.001%",9.3,2.9,0.286,had any luck (0.0); nila (0.0); daniell (0.04); nella (0.075),preliminary trademark / naming review required; invented word: clearance search needed,G2_near_high_frequency; G3_embedded_or_contains; G4_domain_names_commands; G6_clipped_boundary; G7_accent_casual_variant,5.12,5.755,fail,"text collision gates failed: G2_near_high_frequency, G3_embedded_or_contains, G6_clipped_boundary, G7_accent_casual_variant"
811,generated,REJECTED (mechanical),podula,podula,P OW0 D UW1 L AH0,3,0-1-0,constructed,bare,podula,NEW ASSISTANT IDENTITY - would replace or sit beside ARIA; Michael's decision,7,spelling suggests a different pronunciation (P OW0 T UW1 L AH0),10.0,6,3,invented word looks less name-like than 95% of real first names; spelling does not show how to say it,8,3.8,6,padilla 0.03572%,3.0,3.1,0.312,tula (0.1125); tool a (0.1125); deleted all of (0.1417); invited all of (0.1417),preliminary trademark / naming review required; invented word: clearance search needed,G4_domain_names_commands,6.06,5.755,fail,text collision gates failed: G4_domain_names_commands
812,generated,REJECTED (mechanical),maneta,maneta,M AH0 N EH1 T AH0,3,0-1-0,constructed,bare,maneta,NEW ASSISTANT IDENTITY - would replace or sit beside ARIA; Michael's decision,3,vowels may be read differently (M AH0 N IY1 T AH0),10.0,7,7,,8,4.0,6,"wanetta 0.001%, vanetta 0.001%, benita 0.013%, donnetta 0.001%, donnette 0.001%",9.6,3.0,0.298,money today (0.05); money together (0.05); money tomorrow (0.05); the money tomorrow (0.05),preliminary trademark / naming review required; invented word: clearance search needed,G2_near_high_frequency; G3_embedded_or_contains; G4_domain_names_commands; G6_clipped_boundary,4.68,5.74,fail,"text collision gates failed: G2_near_high_frequency, G3_embedded_or_contains, G4_domain_names_commands, G6_clipped_boundary"
813,generated,REJECTED (mechanical),revida,revida,R EH0 V IY1 D AH0,3,0-1-0,constructed,bare,revida,NEW ASSISTANT IDENTITY - would replace or sit beside ARIA; Michael's decision,3,vowels may be read differently (R IH0 V AY1 D AH0),9,7,6,invented word looks less name-like than 62% of real first names,8,4.7,3,"brigida 0.002%, renita 0.006%, davida 0.003%, evita 0.001%, rashida 0.003%",8.7,3.0,0.301,president (0.065); residents (0.065); resident (0.065); residence (0.065),preliminary trademark / naming review required; invented word: clearance search needed,G3_embedded_or_contains; G4_domain_names_commands; G7_accent_casual_variant,5.12,5.74,fail,"text collision gates failed: G3_embedded_or_contains, G7_accent_casual_variant"
814,generated,REJECTED (mechanical),bovela,bovela,B OW0 V EH1 L AH0,3,0-1-0,constructed,bare,bovela,NEW ASSISTANT IDENTITY - would replace or sit beside ARIA; Michael's decision,3,vowels may be read differently (B OW1 V AH0 L AH0),10.0,7,5,invented word looks less name-like than 80% of real first names,8,6.0,6,"novella 0.004%, ozella 0.002%, rosella 0.01%, rozella 0.002%, sandoval 0.04371%",3.5,2.9,0.286,vela (0.0); vella (0.0); villa (0.05); valla (0.05),preliminary trademark / naming review required; invented word: clearance search needed,G3_embedded_or_contains; G4_domain_names_commands; G6_clipped_boundary,5.48,5.735,fail,"text collision gates failed: G3_embedded_or_contains, G4_domain_names_commands, G6_clipped_boundary"
815,generated,REJECTED (mechanical),romuva,romuva,R OW0 M UW1 V AH0,3,0-1-0,constructed,bare,romuva,NEW ASSISTANT IDENTITY - would replace or sit beside ARIA; Michael's decision,0,written form reads as intended,9,7,4,invented word looks less name-like than 97% of real first names,8,6.0,3,romona 0.005%,5.5,2.9,0.286,move a (0.0); move i (0.1125); throw me the (0.1167); no move (0.14),preliminary trademark / naming review required; invented word: clearance search needed,G3_embedded_or_contains; G4_domain_names_commands; G7_accent_casual_variant,5.48,5.735,fail,"text collision gates failed: G3_embedded_or_contains, G7_accent_casual_variant"
816,generated,REJECTED (mechanical),somara,somara,S OW0 M AA1 R AH0,3,0-1-0,constructed,bare,somara,NEW ASSISTANT IDENTITY - would replace or sit beside ARIA; Michael's decision,0,written form reads as intended,9,7,7,,8,5.0,6,"xiomara 0.004%, sanora 0.002%, esmeralda 0.013%, palomares 0.0024%, tamara 0.092%",7.5,2.9,0.286,mara (0.0); mar a (0.0); o'meara (0.0); o'mara (0.0),preliminary trademark / naming review required; invented word: clearance search needed,G2_near_high_frequency; G3_embedded_or_contains; G4_domain_names_commands; G7_accent_casual_variant,4.68,5.735,fail,"text collision gates failed: G2_near_high_frequency, G3_embedded_or_contains, G4_domain_names_commands, G7_accent_casual_variant"
817,generated,REJECTED (mechanical),malona,malona,M AH0 L OW1 N AH0,3,0-1-0,constructed,bare,malona,NEW ASSISTANT IDENTITY - would replace or sit beside ARIA; Michael's decision,0,written form reads as intended,10.0,7,7,,8,5.0,6,"malone 0.02417%, maloney 0.0104%, alona 0.001%, carmelina 0.002%, molina 0.03288%",9.1,2.9,0.286,malone (0.0); alone a (0.0); lona (0.0); home alone at (0.05),preliminary trademark / naming review required; invented word: clearance search needed,G2_near_high_frequency; G3_embedded_or_contains; G4_domain_names_commands; G6_clipped_boundary,4.56,5.725,fail,"text collision gates failed: G2_near_high_frequency, G3_embedded_or_contains, G4_domain_names_commands, G6_clipped_boundary"
818,generated,REJECTED (mechanical),vamela,vamela,V AH0 M EH1 L AH0,3,0-1-0,constructed,bare,vamela,NEW ASSISTANT IDENTITY - would replace or sit beside ARIA; Michael's decision,3,vowels may be read differently (V AA0 M IY1 L AH0),10.0,7,5,invented word looks less name-like than 78% of real first names,8,4.3,3,"samella 0.001%, isabella 0.008%, jamila 0.004%, janella 0.001%, pamella 0.002%",10.0,2.9,0.294,the melody (0.0333); the melon (0.0333); the melody of (0.0333); the melancholy (0.0333),preliminary trademark / naming review required; invented word: clearance search needed,G3_embedded_or_contains; G4_domain_names_commands; G6_clipped_boundary,5.12,5.725,fail,"text collision gates failed: G3_embedded_or_contains, G4_domain_names_commands, G6_clipped_boundary"
819,generated,REJECTED (mechanical),hey rosemary,hey rosemary,HH EY1 R OW1 Z M EH2 R IY0,4,1-1-2-0,word_name,prefix-required,rosemary,NEW ASSISTANT IDENTITY - would replace or sit beside ARIA; Michael's decision,0,written form reads as intended,8,9,7,,6,6.0,9,rosemary 0.107%,5.3,5.0,0.498,rosemary (0.0); knows mary (0.1); he knows mary (0.1278); he knows mary's (0.1278),preliminary trademark / naming review required,G4_domain_names_commands; G6_clipped_boundary; G7_accent_casual_variant,4.54,5.72,fail,"text collision gates failed: G4_domain_names_commands, G6_clipped_boundary, G7_accent_casual_variant"
820,generated,REJECTED (mechanical),magnolia,magnolia,M AE0 G N OW1 L Y AH0,3,0-1-0,word_name,bare,magnolia,NEW ASSISTANT IDENTITY - would replace or sit beside ARIA; Michael's decision,0,written form reads as intended,9,9,7,,6,9.0,3,mcmillian 0.0039900000000000005%,4.2,3.2,0.323,magnolias (0.0); nola (0.2); dalia (0.24); mongolia (0.2438),preliminary trademark / naming review required,G0_self_frequency; G4_domain_names_commands,5.2,5.71,fail,text collision gates failed: G0_self_frequency
821,generated,REJECTED (mechanical),melvina,melvina,M EH0 L V IY1 N AH0,3,0-1-0,given_name,bare,melvina,NEW ASSISTANT IDENTITY - would replace or sit beside ARIA; Michael's decision,0,written form reads as intended,9,8,8,,7,5.0,9,"malvina 0.001%, melvin 0.162%, elvina 0.002%, melina 0.004%, carmelina 0.002%",6.4,3.0,0.304,vena (0.0); vina (0.0); melvin (0.025); melvyn (0.025),preliminary trademark / naming review required; personal name,G3_embedded_or_contains; G4_domain_names_commands,4.32,5.71,fail,"text collision gates failed: G3_embedded_or_contains, G4_domain_names_commands"
822,generated,REJECTED (mechanical),datora,datora,D AH0 T AO1 R AH0,3,0-1-0,constructed,bare,datora,NEW ASSISTANT IDENTITY - would replace or sit beside ARIA; Michael's decision,0,written form reads as intended,10.0,7,5,invented word looks less name-like than 81% of real first names,8,5.0,6,"damaris 0.006%, delora 0.003%, detra 0.002%, theodora 0.007%, deloras 0.001%",7.3,2.9,0.286,torah (0.0); tore a (0.0); rhodotorula (0.0); tara (0.05),preliminary trademark / naming review required; invented word: clearance search needed,G3_embedded_or_contains; G4_domain_names_commands,4.92,5.705,fail,"text collision gates failed: G3_embedded_or_contains, G4_domain_names_commands"
823,generated,REJECTED (mechanical),netiva,netiva,N EH0 T IY1 V AH0,3,0-1-0,constructed,bare,netiva,NEW ASSISTANT IDENTITY - would replace or sit beside ARIA; Michael's decision,3,vowels may be read differently (N EY0 T IY1 V AH0),10.0,7,4,invented word looks less name-like than 95% of real first names,8,4.5,3,ontiveros 0.00555%,8.8,2.9,0.292,the nativity scene (0.025); communities and (0.04); communities of (0.04); opportunities and (0.04),preliminary trademark / naming review required; invented word: clearance search needed,G3_embedded_or_contains; G4_domain_names_commands; G6_clipped_boundary; G7_accent_casual_variant,5.32,5.705,fail,"text collision gates failed: G3_embedded_or_contains, G4_domain_names_commands, G6_clipped_boundary, G7_accent_casual_variant"
824,generated,REJECTED (mechanical),carida,carida,K AH0 R IY1 D AH0,3,0-1-0,constructed,bare,carida,NEW ASSISTANT IDENTITY - would replace or sit beside ARIA; Michael's decision,3,vowels may be read differently (K AA0 R IY1 D AH0),10.0,7,7,,8,4.0,6,"carita 0.001%, charita 0.001%, carina 0.004%, corina 0.01%, karina 0.013%",10.0,3.0,0.298,carried away (0.05); carried a (0.05); carried away by (0.05); got carried away (0.05),preliminary trademark / naming review required; invented word: clearance search needed,G2_near_high_frequency; G3_embedded_or_contains; G4_domain_names_commands; G6_clipped_boundary,4.6,5.7,fail,"text collision gates failed: G2_near_high_frequency, G3_embedded_or_contains, G4_domain_names_commands, G6_clipped_boundary"
825,generated,REJECTED (mechanical),latosa,latosa,L AH0 T OW1 S AH0,3,0-1-0,constructed,bare,latosa,NEW ASSISTANT IDENTITY - would replace or sit beside ARIA; Michael's decision,3,vowels may be read differently (L AA0 T OW1 S AH0),8,7,6,invented word looks less name-like than 65% of real first names,8,3.5,6,"latasha 0.026%, laticia 0.002%, latisha 0.015%, leticia 0.04%, latoya 0.043%",7.0,3.0,0.303,silodosin (0.075); toss a (0.1125); dilatation (0.12); latasha (0.1283),preliminary trademark / naming review required; invented word: clearance search needed,G3_embedded_or_contains; G4_domain_names_commands,4.9,5.7,fail,"text collision gates failed: G3_embedded_or_contains, G4_domain_names_commands"
826,generated,REJECTED (mechanical),lonela,lonela,L OW0 N EH1 L AH0,3,0-1-0,constructed,bare,lonela,NEW ASSISTANT IDENTITY - would replace or sit beside ARIA; Michael's decision,3,vowels may be read differently (L OW1 N AH0 L AH0),9,7,6,invented word looks less name-like than 58% of real first names,8,5.0,6,"donella 0.001%, lomeli 0.0041600000000000005%, leonila 0.002%, rosella 0.01%, rozella 0.002%",5.4,2.9,0.286,nella (0.0); numerical analysis (0.0333); nila (0.075); your analysis (0.1),preliminary trademark / naming review required; invented word: clearance search needed,G3_embedded_or_contains; G4_domain_names_commands,5.1,5.695,fail,"text collision gates failed: G3_embedded_or_contains, G4_domain_names_commands"
827,generated,REJECTED (mechanical),padena,padena,P AH0 D EH1 N AH0,3,0-1-0,constructed,bare,padena,NEW ASSISTANT IDENTITY - would replace or sit beside ARIA; Michael's decision,3,vowels may be read differently (P AA0 D IY1 N AH0),10.0,7,6,invented word looks less name-like than 63% of real first names,8,4.3,6,"cadena 0.00392%, padilla 0.03572%, mcdonough 0.00737%, penelope 0.013%, medina 0.0639%",8.3,2.9,0.294,stupid enough (0.0333); stupid enough to (0.0333); be stupid enough (0.0333); was stupid enough (0.0333),preliminary trademark / naming review required; invented word: clearance search needed,G3_embedded_or_contains; G4_domain_names_commands; G6_clipped_boundary; G7_accent_casual_variant,4.86,5.695,fail,"text collision gates failed: G3_embedded_or_contains, G4_domain_names_commands, G6_clipped_boundary, G7_accent_casual_variant"
828,generated,REJECTED (mechanical),televa,televa,T EH0 L EH1 V AH0,3,0-1-0,constructed,bare,televa,NEW ASSISTANT IDENTITY - would replace or sit beside ARIA; Michael's decision,3,vowels may be read differently (T EH2 L EY1 V AH0),10.0,7,5,invented word looks less name-like than 89% of real first names,8,6.0,0,,10.0,2.9,0.286,leva (0.0); half past eleven (0.0333); at eleven (0.0333); about eleven (0.0333),preliminary trademark / naming review required; invented word: clearance search needed,G2_near_high_frequency; G3_embedded_or_contains; G4_domain_names_commands; G6_clipped_boundary; G7_accent_casual_variant,5.38,5.685,fail,"text collision gates failed: G2_near_high_frequency, G3_embedded_or_contains, G4_domain_names_commands, G6_clipped_boundary, G7_accent_casual_variant"
829,generated,REJECTED (mechanical),marlena,marlena,M AA0 R L EY1 N AH0,3,0-1-0,given_name,bare,marlena,NEW ASSISTANT IDENTITY - would replace or sit beside ARIA; Michael's decision,0,written form reads as intended,9,8,8,,7,6.8,6,"darlena 0.001%, marlin 0.012%, marlyn 0.005%, carlena 0.001%, marlana 0.002%",6.4,3.2,0.318,marlin (0.0583); marlene (0.075); small enough (0.0917); small enough to (0.0917),preliminary trademark / naming review required; personal name,G2_near_high_frequency; G3_embedded_or_contains; G4_domain_names_commands; G7_accent_casual_variant,4.6,5.68,fail,"text collision gates failed: G2_near_high_frequency, G3_embedded_or_contains, G4_domain_names_commands, G7_accent_casual_variant"
830,generated,REJECTED (mechanical),hey constance,hey constance,HH EY1 K AA1 N S T AH0 N S,3,1-1-0,word_name,prefix-required,constance,NEW ASSISTANT IDENTITY - would replace or sit beside ARIA; Michael's decision,0,written form reads as intended,6,9,7,,6,6.0,6,constance 0.091%,6.0,5.1,0.513,constance (0.0); constant (0.0875); constants (0.1111); constancy (0.1111),preliminary trademark / naming review required,G2_near_high_frequency; G4_domain_names_commands; G6_clipped_boundary; G7_accent_casual_variant,4.62,5.665,fail,"text collision gates failed: G2_near_high_frequency, G4_domain_names_commands, G6_clipped_boundary, G7_accent_casual_variant"
831,generated,REJECTED (mechanical),mauricio,mauricio,M AW0 R IY1 S IY0 OW0,4,0-1-0-0,given_name,bare,mauricio,NEW ASSISTANT IDENTITY - would replace or sit beside ARIA; Michael's decision,0,written form reads as intended,9,9,8,,5,8.2,6,"morrissey 0.0046%, mauricio 0.01%",4.0,3.3,0.326,melissia (0.0786); riccio (0.094); ratio (0.114); morrissey (0.1167),preliminary trademark / naming review required; personal name,G4_domain_names_commands; G6_clipped_boundary; G7_accent_casual_variant,4.82,5.655,fail,"text collision gates failed: G6_clipped_boundary, G7_accent_casual_variant"
832,generated,REJECTED (mechanical),nelia,nelia,N EH1 L IY0 AH0,3,1-0-0,given_name,bare,nelia,NEW ASSISTANT IDENTITY - would replace or sit beside ARIA; Michael's decision,0,written form reads as intended,10.0,7,8,,7,5.0,6,"marianela 0.001%, melia 0.001%, romelia 0.002%, adelia 0.003%, ardelia 0.001%",10.0,2.7,0.268,leah (0.0); nelly (0.0); nellie (0.0); lia (0.0),preliminary trademark / naming review required; personal name,G2_near_high_frequency; G3_embedded_or_contains; G4_domain_names_commands; G6_clipped_boundary,4.34,5.655,fail,"text collision gates failed: G2_near_high_frequency, G3_embedded_or_contains, G4_domain_names_commands, G6_clipped_boundary"
833,generated,REJECTED (mechanical),rosario,rosario,R OW0 Z AA1 R IY0 OW0,4,0-1-0-0,given_name,bare,rosario,NEW ASSISTANT IDENTITY - would replace or sit beside ARIA; Michael's decision,0,written form reads as intended,8,9,8,,5,7.5,6,"delrosario 0.00285%, rosaria 0.003%, rosalina 0.005%, rosalia 0.008%, osorio 0.00999%",3.8,3.2,0.323,delrosario (0.0643); rosaria (0.0929); the rio (0.104); osorio (0.1083),preliminary trademark / naming review required; personal name,G0_self_frequency; G4_domain_names_commands,4.78,5.65,fail,text collision gates failed: G0_self_frequency
834,generated,REJECTED (mechanical),taduva,taduva,T AH0 D UW1 V AH0,3,0-1-0,constructed,bare,taduva,NEW ASSISTANT IDENTITY - would replace or sit beside ARIA; Michael's decision,3,vowels may be read differently (T AA0 D UW1 V AH0),10.0,7,4,invented word looks less name-like than 100% of real first names,8,5.0,3,sturdivant 0.0024500000000000004%,8.5,3.0,0.298,do the (0.05); data to the (0.1083); study the (0.1167); to study the (0.1167),preliminary trademark / naming review required; invented word: clearance search needed,G2_near_high_frequency; G3_embedded_or_contains; G4_domain_names_commands; G6_clipped_boundary,5.3,5.65,fail,"text collision gates failed: G2_near_high_frequency, G3_embedded_or_contains, G6_clipped_boundary"
835,generated,REJECTED (mechanical),batuna,batuna,B AH0 T UW1 N AH0,3,0-1-0,constructed,bare,batuna,NEW ASSISTANT IDENTITY - would replace or sit beside ARIA; Michael's decision,3,vowels may be read differently (B AA0 T UW1 N AH0),10.0,7,4,invented word looks less name-like than 96% of real first names,8,5.0,3,"bettina 0.006%, albertina 0.002%, button 0.00249%, catina 0.004%, katina 0.009%",8.4,2.9,0.286,tuna (0.0); a tuna (0.0); tune a (0.0); bettina (0.0833),preliminary trademark / naming review required; invented word: clearance search needed,G2_near_high_frequency; G3_embedded_or_contains; G4_domain_names_commands; G6_clipped_boundary,5.3,5.645,fail,"text collision gates failed: G2_near_high_frequency, G3_embedded_or_contains, G4_domain_names_commands, G6_clipped_boundary"
836,generated,REJECTED (mechanical),doriva,doriva,D OW0 R IY1 V AH0,3,0-1-0,constructed,bare,doriva,NEW ASSISTANT IDENTITY - would replace or sit beside ARIA; Michael's decision,3,vowels may be read differently (D AO0 R IY1 V AH0),10.0,7,6,invented word looks less name-like than 69% of real first names,8,6.0,3,"doreatha 0.001%, oliva 0.003%, doria 0.001%, treva 0.007%",8.4,2.9,0.286,riva (0.0); good or evil (0.075); oliva (0.08); leave a (0.1),preliminary trademark / naming review required; invented word: clearance search needed,G3_embedded_or_contains; G4_domain_names_commands; G6_clipped_boundary; G7_accent_casual_variant,5.1,5.645,fail,"text collision gates failed: G3_embedded_or_contains, G6_clipped_boundary, G7_accent_casual_variant"
837,generated,REJECTED (mechanical),navoda,navoda,N AH0 V OW1 D AH0,3,0-1-0,constructed,bare,navoda,NEW ASSISTANT IDENTITY - would replace or sit beside ARIA; Michael's decision,3,vowels may be read differently (N AA0 V OW1 D AH0),10.0,7,4,invented word looks less name-like than 99% of real first names,8,5.3,3,"nevada 0.001%, lavona 0.001%",7.8,2.9,0.294,unavoidable (0.0333); unavoidably (0.0333); avoid a (0.04); nevada (0.1083),preliminary trademark / naming review required; invented word: clearance search needed,G2_near_high_frequency; G3_embedded_or_contains; G4_domain_names_commands,5.36,5.645,fail,"text collision gates failed: G2_near_high_frequency, G3_embedded_or_contains"
838,generated,REJECTED (mechanical),zadula,zadula,Z AH0 D UW1 L AH0,3,0-1-0,constructed,bare,zadula,NEW ASSISTANT IDENTITY - would replace or sit beside ARIA; Michael's decision,7,spelling suggests a different pronunciation (Z AA0 Y UW1 L AH0),9,6,3,invented word looks less name-like than 96% of real first names; spelling does not show how to say it,8,3.1,3,isabella 0.008%,7.0,3.1,0.308,the tulips (0.095); the two lovers (0.095); the tulip (0.095); tula (0.1125),preliminary trademark / naming review required; invented word: clearance search needed,G3_embedded_or_contains; G4_domain_names_commands,5.8,5.645,fail,text collision gates failed: G3_embedded_or_contains
839,generated,REJECTED (mechanical),borita,borita,B OW0 R IY1 T AH0,3,0-1-0,constructed,bare,borita,NEW ASSISTANT IDENTITY - would replace or sit beside ARIA; Michael's decision,3,vowels may be read differently (B AO0 R IY1 T AH0),10.0,7,7,,8,5.0,9,"bonita 0.026%, maurita 0.001%, marguerita 0.002%, britany 0.002%, britta 0.001%",5.5,2.9,0.286,rita (0.0); rica (0.0875); ripa (0.0875); lita (0.1),preliminary trademark / naming review required; invented word: clearance search needed,G4_domain_names_commands,4.68,5.635,fail,text collision gates failed: G4_domain_names_commands
840,generated,REJECTED (mechanical),dominique,dominique,D AO0 M IH0 N IY1 K,3,0-0-1,given_name,bare,dominique,NEW ASSISTANT IDENTITY - would replace or sit beside ARIA; Michael's decision,0,written form reads as intended,10.0,9,8,,5,8.3,6,"dominica 0.001%, domenic 0.004%, dominic 0.032%, dominick 0.019%, dominique 0.016%",5.2,3.1,0.312,domini (0.0333); domenica (0.0643); dominica (0.0786); dominik (0.0786),preliminary trademark / naming review required; personal name,G0_self_frequency; G4_domain_names_commands; G7_accent_casual_variant,4.72,5.635,fail,"text collision gates failed: G0_self_frequency, G4_domain_names_commands, G7_accent_casual_variant"
841,generated,REJECTED (mechanical),melida,melida,M EH0 L IY1 D AH0,3,0-1-0,constructed,bare,melida,NEW ASSISTANT IDENTITY - would replace or sit beside ARIA; Michael's decision,0,written form reads as intended,10.0,7,7,,8,5.0,6,"nelida 0.003%, melita 0.001%, emelina 0.001%, melina 0.004%, carmelina 0.002%",10.0,2.9,0.286,leda (0.0); lida (0.0); finally done what (0.05); family doesn't (0.05),preliminary trademark / naming review required; invented word: clearance search needed,G2_near_high_frequency; G3_embedded_or_contains; G4_domain_names_commands; G5_distress_vocabulary; G6_clipped_boundary; G7_accent_casual_variant,4.38,5.635,fail,"text collision gates failed: G2_near_high_frequency, G3_embedded_or_contains, G4_domain_names_commands, G5_distress_vocabulary, G6_clipped_boundary, G7_accent_casual_variant"
842,generated,REJECTED (mechanical),canila,canila,K AH0 N IY1 L AH0,3,0-1-0,constructed,bare,canila,NEW ASSISTANT IDENTITY - would replace or sit beside ARIA; Michael's decision,3,vowels may be read differently (K AH0 N IH1 L AH0),10.0,7,6,invented word looks less name-like than 61% of real first names,8,5.0,6,"camila 0.001%, camilla 0.008%, quintanilla 0.00766%, penelope 0.013%, camelia 0.002%",7.6,2.9,0.286,nila (0.0); african elephants (0.05); african elephant (0.05); african elephants are (0.05),preliminary trademark / naming review required; invented word: clearance search needed,G2_near_high_frequency; G3_embedded_or_contains; G4_domain_names_commands; G6_clipped_boundary,4.86,5.625,fail,"text collision gates failed: G2_near_high_frequency, G3_embedded_or_contains, G4_domain_names_commands, G6_clipped_boundary"
843,generated,REJECTED (mechanical),hey celeste,hey celeste,HH EY1 S AH0 L EH1 S T,3,1-0-1,word_name,prefix-required,celeste,NEW ASSISTANT IDENTITY - would replace or sit beside ARIA; Michael's decision,0,written form reads as intended,7,9,7,,6,6.0,6,celeste 0.025%,7.5,4.8,0.476,celeste (0.0); saw last (0.1); place last (0.1143); they suggest (0.1171),preliminary trademark / naming review required,G2_near_high_frequency; G3_embedded_or_contains; G4_domain_names_commands; G7_accent_casual_variant,4.46,5.62,fail,"text collision gates failed: G2_near_high_frequency, G3_embedded_or_contains, G4_domain_names_commands, G7_accent_casual_variant"
844,generated,REJECTED (mechanical),zevada,zevada,Z EH0 V AA1 D AH0,3,0-1-0,constructed,bare,zevada,NEW ASSISTANT IDENTITY - would replace or sit beside ARIA; Michael's decision,3,vowels may be read differently (Z AH0 V AA1 D AH0),9,7,5,invented word looks less name-like than 90% of real first names,8,3.7,6,"nevada 0.001%, lavada 0.003%, zavala 0.01734%",7.9,3.0,0.302,is evident (0.0667); was evident (0.0667); is evidence (0.0667); was evidently (0.0667),preliminary trademark / naming review required; invented word: clearance search needed,G2_near_high_frequency; G3_embedded_or_contains; G4_domain_names_commands; G7_accent_casual_variant,4.88,5.62,fail,"text collision gates failed: G2_near_high_frequency, G3_embedded_or_contains, G4_domain_names_commands, G7_accent_casual_variant"
845,generated,REJECTED (mechanical),aletha,aletha,AH0 L IY1 TH AH0,3,0-1-0,given_name,bare,aletha,NEW ASSISTANT IDENTITY - would replace or sit beside ARIA; Michael's decision,0,written form reads as intended,9,8,8,,7,5.0,6,"alisa 0.02%, alysa 0.001%, elisa 0.027%, jaleesa 0.002%, malisa 0.002%",9.9,2.7,0.268,a lethal (0.0); police and (0.024); police about (0.024); the police about (0.024),preliminary trademark / naming review required; personal name,G2_near_high_frequency; G3_embedded_or_contains; G4_domain_names_commands; G6_clipped_boundary,4.16,5.615,fail,"text collision gates failed: G2_near_high_frequency, G3_embedded_or_contains, G4_domain_names_commands, G6_clipped_boundary"
846,generated,REJECTED (mechanical),balira,balira,B AH0 L IY1 R AH0,3,0-1-0,constructed,bare,balira,NEW ASSISTANT IDENTITY - would replace or sit beside ARIA; Michael's decision,3,vowels may be read differently (B AH0 L IH1 R AH0),10.0,7,4,invented word looks less name-like than 93% of real first names,8,4.2,6,"galina 0.001%, magdalena 0.015%, bonilla 0.01745%, carmelina 0.002%, molina 0.03288%",7.3,2.9,0.295,lira (0.0375); lire (0.0375); belly rubbed (0.05); family received (0.0917),preliminary trademark / naming review required; invented word: clearance search needed,G2_near_high_frequency; G3_embedded_or_contains; G4_domain_names_commands,5.08,5.615,fail,"text collision gates failed: G2_near_high_frequency, G3_embedded_or_contains, G4_domain_names_commands"
847,generated,REJECTED (mechanical),coroda,coroda,K OW0 R OW1 D AH0,3,0-1-0,constructed,bare,coroda,NEW ASSISTANT IDENTITY - would replace or sit beside ARIA; Michael's decision,7,spelling suggests a different pronunciation (K ER0 OW1 D AH0),10.0,6,4,invented word looks less name-like than 78% of real first names; spelling does not show how to say it,8,5.0,3,carola 0.001%,5.7,2.9,0.286,rode a (0.0); rhoda (0.0); rohde (0.0); road a (0.0),preliminary trademark / naming review required; invented word: clearance search needed,G3_embedded_or_contains; G4_domain_names_commands; G6_clipped_boundary,5.84,5.615,fail,"text collision gates failed: G3_embedded_or_contains, G6_clipped_boundary"
848,generated,REJECTED (mechanical),nemira,nemira,N EH0 M IY1 R AH0,3,0-1-0,constructed,bare,nemira,NEW ASSISTANT IDENTITY - would replace or sit beside ARIA; Michael's decision,3,vowels may be read differently (N AH0 M IH1 R AH0),10.0,7,5,invented word looks less name-like than 85% of real first names,8,5.2,3,"mcnamara 0.009%, amira 0.001%, emerita 0.001%, nenita 0.001%",9.3,2.9,0.295,mira (0.0375); many miracles (0.075); in america (0.1); an american (0.1),preliminary trademark / naming review required; invented word: clearance search needed,G2_near_high_frequency; G3_embedded_or_contains; G4_domain_names_commands,5.08,5.615,fail,"text collision gates failed: G2_near_high_frequency, G3_embedded_or_contains"
849,generated,REJECTED (mechanical),penava,penava,P EH0 N AA1 V AH0,3,0-1-0,constructed,bare,penava,NEW ASSISTANT IDENTITY - would replace or sit beside ARIA; Michael's decision,3,vowels may be read differently (P AH0 N AA1 V AH0),10.0,7,4,invented word looks less name-like than 97% of real first names,8,5.0,3,genoveva 0.005%,8.7,2.9,0.286,nava (0.0); econazole (0.0983); fluconazole (0.0983); miconazole (0.0983),preliminary trademark / naming review required; invented word: clearance search needed,G3_embedded_or_contains; G4_domain_names_commands; G7_accent_casual_variant,5.24,5.615,fail,"text collision gates failed: G3_embedded_or_contains, G7_accent_casual_variant"
850,generated,REJECTED (mechanical),masako,masako,M AH0 S AA1 K OW2,3,0-1-2,given_name,bare,masako,NEW ASSISTANT IDENTITY - would replace or sit beside ARIA; Michael's decision,0,written form reads as intended,9,7,8,,7,7.6,3,"machado 0.00785%, hisako 0.001%, masako 0.002%",7.1,2.9,0.286,soco (0.0); sako (0.0); sato (0.0875); a psycho (0.09),preliminary trademark / naming review required; personal name,G2_near_high_frequency; G4_domain_names_commands,4.84,5.605,fail,text collision gates failed: G2_near_high_frequency
851,generated,REJECTED (mechanical),veronica,veronica,V ER0 AA1 N IH0 K AH0,4,0-1-0-0,given_name,bare,veronica,NEW ASSISTANT IDENTITY - would replace or sit beside ARIA; Michael's decision,0,written form reads as intended,10.0,9,8,,3,6.7,9,"vanita 0.002%, vernita 0.003%, vernetta 0.002%, veronica 0.142%",5.3,3.5,0.346,monica (0.1667); konica (0.1667); vomica (0.1857); varenicline (0.1857),preliminary trademark / naming review required; personal name,G0_self_frequency; G4_domain_names_commands,4.5,5.605,fail,text collision gates failed: G0_self_frequency; common first name (0.142% of people): likely resident/staff name
852,generated,REJECTED (mechanical),derela,derela,D EH0 R EH1 L AH0,3,0-1-0,constructed,bare,derela,NEW ASSISTANT IDENTITY - would replace or sit beside ARIA; Michael's decision,3,vowels may be read differently (D EH1 R AH0 L AH0),10.0,7,6,invented word looks less name-like than 67% of real first names,8,3.8,9,"delila 0.001%, terrilyn 0.001%, darell 0.004%, darrel 0.022%, darrell 0.108%",7.4,3.0,0.3,daryl (0.06); darryl (0.06); darrell (0.06); darrel (0.06),preliminary trademark / naming review required; invented word: clearance search needed,G3_embedded_or_contains; G4_domain_names_commands; G7_accent_casual_variant,4.56,5.6,fail,"text collision gates failed: G3_embedded_or_contains, G4_domain_names_commands, G7_accent_casual_variant"
853,generated,REJECTED (mechanical),metina,metina,M EH0 T IY1 N AH0,3,0-1-0,constructed,bare,metina,NEW ASSISTANT IDENTITY - would replace or sit beside ARIA; Michael's decision,0,written form reads as intended,10.0,7,7,,8,6.0,6,"medina 0.0639%, bettina 0.006%, messina 0.00431%, enedina 0.003%, mckenna 0.00925%",8.4,2.9,0.286,tina (0.0); teena (0.0); met in a (0.025); met in (0.03),preliminary trademark / naming review required; invented word: clearance search needed,G2_near_high_frequency; G3_embedded_or_contains; G4_domain_names_commands; G6_clipped_boundary; G7_accent_casual_variant,4.5,5.595,fail,"text collision gates failed: G2_near_high_frequency, G3_embedded_or_contains, G4_domain_names_commands, G6_clipped_boundary, G7_accent_casual_variant"
854,generated,REJECTED (mechanical),sedana,sedana,S EH0 D AA1 N AH0,3,0-1-0,constructed,bare,sedana,NEW ASSISTANT IDENTITY - would replace or sit beside ARIA; Michael's decision,3,vowels may be read differently (S EY0 D AA1 N AH0),9,7,5,invented word looks less name-like than 83% of real first names,8,5.0,3,madonna 0.006%,8.4,2.9,0.286,donna (0.0); said on (0.0); fed on (0.048); head on a (0.0583),preliminary trademark / naming review required; invented word: clearance search needed,G2_near_high_frequency; G3_embedded_or_contains; G4_domain_names_commands; G6_clipped_boundary; G7_accent_casual_variant,5.1,5.595,fail,"text collision gates failed: G2_near_high_frequency, G3_embedded_or_contains, G4_domain_names_commands, G6_clipped_boundary, G7_accent_casual_variant"
855,generated,REJECTED (mechanical),saluva,saluva,S AH0 L UW1 V AH0,3,0-1-0,constructed,bare,saluva,NEW ASSISTANT IDENTITY - would replace or sit beside ARIA; Michael's decision,3,vowels may be read differently (S AA0 L UW1 V AH0),9,7,4,invented word looks less name-like than 97% of real first names,8,3.8,6,"osullivan 0.00401%, sullivan 0.07492%, salvador 0.049%, salvatore 0.029%, silva 0.002%",7.1,3.0,0.3,lose a (0.06); sullivan (0.1); sullivan's (0.1); osullivan (0.1),preliminary trademark / naming review required; invented word: clearance search needed,G2_near_high_frequency; G3_embedded_or_contains; G4_domain_names_commands,5.02,5.58,fail,"text collision gates failed: G2_near_high_frequency, G3_embedded_or_contains, G4_domain_names_commands"
856,generated,REJECTED (mechanical),natora,natora,N AH0 T AO1 R AH0,3,0-1-0,constructed,bare,natora,NEW ASSISTANT IDENTITY - would replace or sit beside ARIA; Michael's decision,3,vowels may be read differently (N AA0 T AO1 R AH0),10.0,7,6,invented word looks less name-like than 70% of real first names,8,5.0,6,"alcantara 0.00428%, ventura 0.01342%, cassaundra 0.001%, glendora 0.002%, pandora 0.002%",8.1,2.9,0.286,torah (0.0); tore a (0.0); obstinate aren't (0.0333); tara (0.05),preliminary trademark / naming review required; invented word: clearance search needed,G3_embedded_or_contains; G4_domain_names_commands,4.76,5.575,fail,"text collision gates failed: G3_embedded_or_contains, G4_domain_names_commands"
857,generated,REJECTED (mechanical),rotova,rotova,R OW0 T OW1 V AH0,3,0-1-0,constructed,bare,rotova,NEW ASSISTANT IDENTITY - would replace or sit beside ARIA; Michael's decision,0,written form reads as intended,9,7,4,invented word looks less name-like than 96% of real first names,8,5.0,6,cordova 0.015359999999999999%,6.3,3.0,0.298,toe the (0.05); proposal (0.0983); proposals (0.0983); the proposal (0.0983),preliminary trademark / naming review required; invented word: clearance search needed,G2_near_high_frequency; G3_embedded_or_contains; G4_domain_names_commands,4.94,5.57,fail,"text collision gates failed: G2_near_high_frequency, G3_embedded_or_contains, G4_domain_names_commands"
858,generated,REJECTED (mechanical),davala,davala,D AH0 V AA1 L AH0,3,0-1-0,constructed,bare,davala,NEW ASSISTANT IDENTITY - would replace or sit beside ARIA; Michael's decision,3,vowels may be read differently (D AA0 V AA1 L AH0),10.0,7,6,invented word looks less name-like than 72% of real first names,8,5.0,6,"guevara 0.01575%, davila 0.015050000000000001%, zavala 0.01734%, damaris 0.006%, nevada 0.001%",8.2,2.9,0.286,of allah (0.0); need a volunteer (0.0); vala (0.0); does all of (0.0733),preliminary trademark / naming review required; invented word: clearance search needed,G2_near_high_frequency; G3_embedded_or_contains; G4_domain_names_commands,4.74,5.565,fail,"text collision gates failed: G2_near_high_frequency, G3_embedded_or_contains, G4_domain_names_commands"
859,generated,REJECTED (mechanical),ganasa,ganasa,G AH0 N AA1 S AH0,3,0-1-0,constructed,bare,ganasa,NEW ASSISTANT IDENTITY - would replace or sit beside ARIA; Michael's decision,0,written form reads as intended,9,7,5,invented word looks less name-like than 90% of real first names,8,4.0,9,"magnuson 0.00271%, ignacio 0.023%, janessa 0.002%, robinson 0.17961000000000002%, atkinson 0.01809%",6.5,3.1,0.309,a nasa (0.1); did an awesome (0.1083); nice a (0.1125); nasa (0.125),preliminary trademark / naming review required; invented word: clearance search needed,G3_embedded_or_contains; G4_domain_names_commands,4.52,5.565,fail,"text collision gates failed: G3_embedded_or_contains, G4_domain_names_commands"
860,generated,REJECTED (mechanical),valentin,valentin,V AA2 L EH1 N T IY2 N,3,2-1-2,given_name,bare,valentin,NEW ASSISTANT IDENTITY - would replace or sit beside ARIA; Michael's decision,0,written form reads as intended,9,8,8,,7,8.6,3,"valentina 0.005%, valente 0.00257%, valenti 0.00277%, florentina 0.002%, florentino 0.004%",7.0,3.2,0.323,valentina (0.0); valenti (0.0); valente (0.0); valiente (0.0429),preliminary trademark / naming review required; personal name,G2_near_high_frequency; G3_embedded_or_contains; G4_domain_names_commands,4.72,5.56,fail,"text collision gates failed: G2_near_high_frequency, G3_embedded_or_contains"
861,generated,REJECTED (mechanical),lamura,lamura,L AH0 M UW1 R AH0,3,0-1-0,constructed,bare,lamura,NEW ASSISTANT IDENTITY - would replace or sit beside ARIA; Michael's decision,3,vowels may be read differently (L AA0 M UH1 R AH0),9,7,5,invented word looks less name-like than 83% of real first names,8,4.2,6,"eleanora 0.003%, elenora 0.002%, lanora 0.001%, filomena 0.006%, palmira 0.001%",7.4,2.9,0.295,mura (0.0375); moura (0.0375); muslim aren't (0.1167); more a (0.125),preliminary trademark / naming review required; invented word: clearance search needed,G3_embedded_or_contains; G4_domain_names_commands,4.86,5.555,fail,"text collision gates failed: G3_embedded_or_contains, G4_domain_names_commands"
862,generated,REJECTED (mechanical),marigold,marigold,M EH1 R AH0 G OW2 L D,3,1-0-2,word_name,bare,marigold,NEW ASSISTANT IDENTITY - would replace or sit beside ARIA; Michael's decision,0,written form reads as intended,9,9,7,,6,8.4,0,,10.0,3.2,0.323,marigolds (0.0); is a gold (0.1286); the gold (0.1367); the marigold (0.16),preliminary trademark / naming review required,G2_near_high_frequency; G3_embedded_or_contains,4.76,5.55,fail,"text collision gates failed: G2_near_high_frequency, G3_embedded_or_contains"
863,generated,REJECTED (mechanical),madelyn,madelyn,M AE1 D IH0 L IH0 N,3,1-0-0,given_name,bare,madelyn,NEW ASSISTANT IDENTITY - would replace or sit beside ARIA; Michael's decision,2,written form reads as intended; 2 dictionary pronunciations,10.0,9,8,,5,7.2,6,"madelaine 0.001%, madalyn 0.002%, madeline 0.052%, madalene 0.001%, madelene 0.001%",7.3,3.1,0.311,deal in (0.03); madelaine (0.05); middle and (0.0571); bill in (0.07),preliminary trademark / naming review required; personal name,G2_near_high_frequency; G4_domain_names_commands; G6_clipped_boundary; G7_accent_casual_variant,4.52,5.545,fail,"text collision gates failed: G2_near_high_frequency, G4_domain_names_commands, G6_clipped_boundary, G7_accent_casual_variant"
864,generated,REJECTED (mechanical),melira,melira,M EH0 L IY1 R AH0,3,0-1-0,constructed,bare,melira,NEW ASSISTANT IDENTITY - would replace or sit beside ARIA; Michael's decision,3,vowels may be read differently (M EH0 L IH1 R AH0),10.0,7,6,invented word looks less name-like than 66% of real first names,8,4.2,6,"emelina 0.001%, melida 0.001%, melina 0.004%, carmelina 0.002%, maryrose 0.001%",10.0,2.9,0.295,lira (0.0375); lire (0.0375); similarities (0.05); similarity (0.05),preliminary trademark / naming review required; invented word: clearance search needed,G2_near_high_frequency; G3_embedded_or_contains; G4_domain_names_commands; G7_accent_casual_variant,4.54,5.545,fail,"text collision gates failed: G2_near_high_frequency, G3_embedded_or_contains, G4_domain_names_commands, G7_accent_casual_variant"
865,generated,REJECTED (mechanical),ponisa,ponisa,P OW0 N IY1 S AH0,3,0-1-0,constructed,bare,ponisa,NEW ASSISTANT IDENTITY - would replace or sit beside ARIA; Michael's decision,3,vowels may be read differently (P AA1 N IH0 S AH0),9,7,4,invented word looks less name-like than 91% of real first names,8,4.2,6,"antonietta 0.002%, tonita 0.001%, bonita 0.026%, antonia 0.035%, antonina 0.003%",6.5,2.9,0.295,nyssa (0.0375); nissa (0.0375); punishes (0.045); nessa (0.075),preliminary trademark / naming review required; invented word: clearance search needed,G3_embedded_or_contains; G4_domain_names_commands; G7_accent_casual_variant,5.04,5.545,fail,"text collision gates failed: G3_embedded_or_contains, G4_domain_names_commands, G7_accent_casual_variant"
866,generated,REJECTED (mechanical),alena,alena,AA0 L EY1 N AH0,3,0-1-0,given_name,bare,alena,NEW ASSISTANT IDENTITY - would replace or sit beside ARIA; Michael's decision,0,written form reads as intended,9,8,8,,7,6.8,6,"alayna 0.001%, allena 0.001%, rosalina 0.005%, alana 0.012%, magdaleno 0.0027%",7.2,2.8,0.282,philemon (0.06); mesalamine (0.06); masculinity (0.07); careful enough (0.07),preliminary trademark / naming review required; personal name,G2_near_high_frequency; G3_embedded_or_contains; G4_domain_names_commands; G5_distress_vocabulary; G7_accent_casual_variant,4.36,5.54,fail,"text collision gates failed: G2_near_high_frequency, G3_embedded_or_contains, G4_domain_names_commands, G5_distress_vocabulary, G7_accent_casual_variant"
867,generated,REJECTED (mechanical),padeta,padeta,P AH0 D EH1 T AH0,3,0-1-0,constructed,bare,padeta,NEW ASSISTANT IDENTITY - would replace or sit beside ARIA; Michael's decision,3,vowels may be read differently (P AH0 D EY1 T AH0),10.0,7,5,invented word looks less name-like than 89% of real first names,8,5.0,6,"enriqueta 0.004%, pauletta 0.002%, padilla 0.03572%, donnetta 0.001%, donnette 0.001%",7.6,3.0,0.298,data (0.05); rapid economic (0.0583); cadet (0.07); a data (0.07),preliminary trademark / naming review required; invented word: clearance search needed,G2_near_high_frequency; G3_embedded_or_contains; G4_domain_names_commands; G6_clipped_boundary,4.88,5.54,fail,"text collision gates failed: G2_near_high_frequency, G3_embedded_or_contains, G4_domain_names_commands, G6_clipped_boundary"
868,generated,REJECTED (mechanical),letena,letena,L EH0 T EH1 N AH0,3,0-1-0,constructed,bare,letena,NEW ASSISTANT IDENTITY - would replace or sit beside ARIA; Michael's decision,3,vowels may be read differently (L EY0 T EY1 N AH0),9,7,6,invented word looks less name-like than 65% of real first names,8,5.0,3,"latina 0.001%, celestina 0.002%, valentina 0.005%, ledesma 0.006889999999999999%",10.0,2.9,0.286,tena (0.0); let in a (0.0333); let anna (0.0333); lehtinen (0.0333),preliminary trademark / naming review required; invented word: clearance search needed,G2_near_high_frequency; G3_embedded_or_contains; G4_domain_names_commands; G6_clipped_boundary; G7_accent_casual_variant,4.78,5.535,fail,"text collision gates failed: G2_near_high_frequency, G3_embedded_or_contains, G4_domain_names_commands, G6_clipped_boundary, G7_accent_casual_variant"
869,generated,REJECTED (mechanical),maluva,maluva,M AH0 L UW1 V AH0,3,0-1-0,constructed,bare,maluva,NEW ASSISTANT IDENTITY - would replace or sit beside ARIA; Michael's decision,0,written form reads as intended,10.0,7,4,invented word looks less name-like than 95% of real first names,8,3.8,9,"malisa 0.002%, malissa 0.007%, melissa 0.462%, mellissa 0.006%, melva 0.011%",7.6,3.0,0.3,lose a (0.06); maloof (0.09); an allusion (0.1083); an allusion to (0.1083),preliminary trademark / naming review required; invented word: clearance search needed,G2_near_high_frequency; G3_embedded_or_contains; G4_domain_names_commands,4.52,5.53,fail,"text collision gates failed: G2_near_high_frequency, G3_embedded_or_contains, G4_domain_names_commands"
870,generated,REJECTED (mechanical),marida,marida,M AH0 R IY1 D AH0,3,0-1-0,constructed,bare,marida,NEW ASSISTANT IDENTITY - would replace or sit beside ARIA; Michael's decision,3,vowels may be read differently (M AA0 R IY1 D AH0),10.0,7,7,,8,5.0,6,"melida 0.001%, maurita 0.001%, carmelina 0.002%, molina 0.03288%, anamaria 0.001%",10.0,3.0,0.298,mary doesn't (0.05); mary does (0.05); mary doesn't know (0.05); married a (0.05),preliminary trademark / naming review required; invented word: clearance search needed,G2_near_high_frequency; G3_embedded_or_contains; G4_domain_names_commands; G6_clipped_boundary,4.4,5.5,fail,"text collision gates failed: G2_near_high_frequency, G3_embedded_or_contains, G4_domain_names_commands, G6_clipped_boundary"
871,generated,REJECTED (mechanical),panila,panila,P AH0 N IY1 L AH0,3,0-1-0,constructed,bare,panila,NEW ASSISTANT IDENTITY - would replace or sit beside ARIA; Michael's decision,3,vowels may be read differently (P AA0 N IY1 L AH0),10.0,7,5,invented word looks less name-like than 78% of real first names,8,5.0,6,"penelope 0.013%, quintanilla 0.00766%, bonilla 0.01745%, pamella 0.002%, camila 0.001%",7.9,2.9,0.286,nila (0.0); penelope (0.05); penniless (0.05); company last (0.05),preliminary trademark / naming review required; invented word: clearance search needed,G3_embedded_or_contains; G4_domain_names_commands,4.8,5.495,fail,"text collision gates failed: G3_embedded_or_contains, G4_domain_names_commands"
872,generated,REJECTED (mechanical),levela,levela,L EH0 V EH1 L AH0,3,0-1-0,constructed,bare,levela,NEW ASSISTANT IDENTITY - would replace or sit beside ARIA; Michael's decision,0,written form reads as intended,9,7,6,invented word looks less name-like than 65% of real first names,8,6.0,3,"lovella 0.002%, olivera 0.00309%, lavelle 0.001%, lavera 0.002%, marivel 0.001%",10.0,2.9,0.286,vela (0.0); vella (0.0); villa (0.05); level of (0.05),preliminary trademark / naming review required; invented word: clearance search needed,G2_near_high_frequency; G3_embedded_or_contains; G4_domain_names_commands; G6_clipped_boundary,4.58,5.485,fail,"text collision gates failed: G2_near_high_frequency, G3_embedded_or_contains, G4_domain_names_commands, G6_clipped_boundary"
873,generated,REJECTED (mechanical),tedana,tedana,T EH0 D AA1 N AH0,3,0-1-0,constructed,bare,tedana,NEW ASSISTANT IDENTITY - would replace or sit beside ARIA; Michael's decision,3,vowels may be read differently (T AH0 D AE1 N AH0),10.0,7,6,invented word looks less name-like than 68% of real first names,8,5.0,6,"delana 0.002%, tijuana 0.001%, castellano 0.00381%, madonna 0.006%, steadman 0.00259%",9.0,2.9,0.286,donna (0.0); situated on a (0.0333); started on a (0.0333); collaborated on a (0.0333),preliminary trademark / naming review required; invented word: clearance search needed,G2_near_high_frequency; G3_embedded_or_contains; G4_domain_names_commands; G6_clipped_boundary,4.58,5.485,fail,"text collision gates failed: G2_near_high_frequency, G3_embedded_or_contains, G4_domain_names_commands, G6_clipped_boundary"
874,generated,REJECTED (mechanical),darena,darena,D AH0 R EH1 N AH0,3,0-1-0,constructed,bare,darena,NEW ASSISTANT IDENTITY - would replace or sit beside ARIA; Michael's decision,7,spelling suggests a different pronunciation (D ER0 IY1 N AH0),10.0,6,6,spelling does not show how to say it,8,4.0,6,"delena 0.002%, magdalena 0.015%, angelena 0.002%, breanna 0.006%, brenna 0.005%",8.2,3.0,0.298,ran a (0.05); rana (0.05); meddle in other (0.0667); run a (0.075),preliminary trademark / naming review required; invented word: clearance search needed,G3_embedded_or_contains; G4_domain_names_commands; G6_clipped_boundary; G7_accent_casual_variant,4.96,5.48,fail,"text collision gates failed: G3_embedded_or_contains, G4_domain_names_commands, G6_clipped_boundary, G7_accent_casual_variant"
875,generated,REJECTED (mechanical),hey dawn,hey dawn,HH EY1 D AO1 N,2,1-1,word_name,prefix-required,dawn,NEW ASSISTANT IDENTITY - would replace or sit beside ARIA; Michael's decision,0,written form reads as intended,8,8,7,,3,6.0,3,"hayden 0.004%, hagan 0.0071200000000000005%, hagen 0.00801%, hasan 0.00318%, hazen 0.0025499999999999997%",10.0,4.2,0.418,dawn (0.0); daun (0.0); aidan (0.05); made on (0.05),preliminary trademark / naming review required; common word: weak distinctiveness,G2_near_high_frequency; G3_embedded_or_contains; G4_domain_names_commands; G6_clipped_boundary; G7_accent_casual_variant,4.64,5.48,fail,"text collision gates failed: G2_near_high_frequency, G3_embedded_or_contains, G6_clipped_boundary, G7_accent_casual_variant; too short (2 syllables; minimum 3)"
876,generated,REJECTED (mechanical),garisa,garisa,G AH0 R IY1 S AH0,3,0-1-0,constructed,bare,garisa,NEW ASSISTANT IDENTITY - would replace or sit beside ARIA; Michael's decision,3,vowels may be read differently (G AA0 R IY1 S AH0),9,7,7,,8,5.0,6,"garrison 0.01718%, karisa 0.001%, carisa 0.002%, carissa 0.009%, charissa 0.003%",8.7,2.9,0.286,risa (0.0); erisa (0.06); garrison (0.075); elisa (0.08),preliminary trademark / naming review required; invented word: clearance search needed,G2_near_high_frequency; G3_embedded_or_contains; G4_domain_names_commands; G6_clipped_boundary,4.44,5.465,fail,"text collision gates failed: G2_near_high_frequency, G3_embedded_or_contains, G4_domain_names_commands, G6_clipped_boundary"
877,generated,REJECTED (mechanical),latisha,latisha,L AH0 T IH1 SH AH0,3,0-1-0,given_name,bare,latisha,NEW ASSISTANT IDENTITY - would replace or sit beside ARIA; Michael's decision,0,written form reads as intended,8,9,8,,5,6.0,6,"latesha 0.002%, natisha 0.001%, letisha 0.001%, latricia 0.005%, latasha 0.026%",8.2,2.9,0.286,politicians (0.0); politician (0.0); leticia (0.0); pilot isn't (0.095),preliminary trademark / naming review required; personal name,G2_near_high_frequency; G3_embedded_or_contains; G4_domain_names_commands,4.14,5.465,fail,"text collision gates failed: G2_near_high_frequency, G3_embedded_or_contains, G4_domain_names_commands"
878,generated,REJECTED (mechanical),ralosa,ralosa,R AH0 L OW1 S AH0,3,0-1-0,constructed,bare,ralosa,NEW ASSISTANT IDENTITY - would replace or sit beside ARIA; Michael's decision,0,written form reads as intended,8,7,5,invented word looks less name-like than 87% of real first names,8,5.0,6,"delarosa 0.01286%, carlota 0.003%, harrelson 0.00272%",6.7,2.9,0.286,llosa (0.0); carlos and (0.1); carlos and rima (0.1); carlos and melissa (0.1),preliminary trademark / naming review required; invented word: clearance search needed,G3_embedded_or_contains; G4_domain_names_commands,4.64,5.465,fail,"text collision gates failed: G3_embedded_or_contains, G4_domain_names_commands"
879,generated,REJECTED (mechanical),roluna,roluna,R OW0 L UW1 N AH0,3,0-1-0,constructed,bare,roluna,NEW ASSISTANT IDENTITY - would replace or sit beside ARIA; Michael's decision,0,written form reads as intended,9,7,5,invented word looks less name-like than 80% of real first names,8,6.0,6,"roseanna 0.004%, rosena 0.001%, rosina 0.004%, rolanda 0.003%, rolande 0.001%",6.3,2.9,0.286,luna (0.0); luma (0.075); role in a (0.1); enroll in a (0.1),preliminary trademark / naming review required; invented word: clearance search needed,G2_near_high_frequency; G3_embedded_or_contains; G4_domain_names_commands; G6_clipped_boundary,4.72,5.455,fail,"text collision gates failed: G2_near_high_frequency, G3_embedded_or_contains, G4_domain_names_commands, G6_clipped_boundary"
880,generated,REJECTED (mechanical),ferdinand,ferdinand,F ER1 D IH0 N AE2 N D,3,1-0-2,given_name,bare,ferdinand,NEW ASSISTANT IDENTITY - would replace or sit beside ARIA; Michael's decision,2,written form reads as intended; 2 dictionary pronunciations,9,8,8,,7,9.0,3,ferdinand 0.007%,6.5,3.3,0.334,demand (0.05); her demands (0.0812); dim and (0.1); been and (0.1083),preliminary trademark / naming review required; personal name,G0_self_frequency; G6_clipped_boundary,4.76,5.445,fail,"text collision gates failed: G0_self_frequency, G6_clipped_boundary"
881,generated,REJECTED (mechanical),beleda,beleda,B EH0 L EH1 D AH0,3,0-1-0,constructed,bare,beleda,NEW ASSISTANT IDENTITY - would replace or sit beside ARIA; Michael's decision,3,vowels may be read differently (B EH0 L D IY1 AH0),10.0,7,5,invented word looks less name-like than 78% of real first names,8,5.0,6,"melida 0.001%, delena 0.002%, adelaida 0.004%, barragan 0.00786%, nelida 0.003%",8.5,2.9,0.286,led a (0.0); lead a (0.0); bellied (0.06); be led (0.06),preliminary trademark / naming review required; invented word: clearance search needed,G2_near_high_frequency; G3_embedded_or_contains; G4_domain_names_commands; G6_clipped_boundary; G7_accent_casual_variant,4.68,5.435,fail,"text collision gates failed: G2_near_high_frequency, G3_embedded_or_contains, G4_domain_names_commands, G6_clipped_boundary, G7_accent_casual_variant"
882,generated,REJECTED (mechanical),zamena,zamena,Z AH0 M EH1 N AH0,3,0-1-0,constructed,bare,zamena,NEW ASSISTANT IDENTITY - would replace or sit beside ARIA; Michael's decision,3,vowels may be read differently (Z AA0 M IY1 N AH0),9,7,5,invented word looks less name-like than 85% of real first names,8,5.0,3,"rosamond 0.002%, filomena 0.006%, philomena 0.005%, samella 0.001%, domenic 0.004%",10.0,2.9,0.286,men a (0.0); what's the minimum (0.02); the minimum salary (0.02); the minimum wage (0.02),preliminary trademark / naming review required; invented word: clearance search needed,G2_near_high_frequency; G3_embedded_or_contains; G4_domain_names_commands; G6_clipped_boundary; G7_accent_casual_variant,4.78,5.435,fail,"text collision gates failed: G2_near_high_frequency, G3_embedded_or_contains, G4_domain_names_commands, G6_clipped_boundary, G7_accent_casual_variant"
883,generated,REJECTED (mechanical),volisa,volisa,V OW0 L IY1 S AH0,3,0-1-0,constructed,bare,volisa,NEW ASSISTANT IDENTITY - would replace or sit beside ARIA; Michael's decision,3,vowels may be read differently (V AH0 L IY1 S AH0),9,7,4,invented word looks less name-like than 93% of real first names,8,6.0,3,"felisa 0.003%, zoila 0.006%, vanesa 0.002%, malisa 0.002%",7.1,2.9,0.286,lisa (0.0); lissa (0.0375); volition (0.045); the listeners (0.0583),preliminary trademark / naming review required; invented word: clearance search needed,G3_embedded_or_contains; G4_domain_names_commands; G6_clipped_boundary; G7_accent_casual_variant,5.16,5.425,fail,"text collision gates failed: G3_embedded_or_contains, G6_clipped_boundary, G7_accent_casual_variant"
884,generated,REJECTED (mechanical),zedana,zedana,Z EH0 D AA1 N AH0,3,0-1-0,constructed,bare,zedana,NEW ASSISTANT IDENTITY - would replace or sit beside ARIA; Michael's decision,3,vowels may be read differently (Z EY0 D AA1 N AH0),9,7,5,invented word looks less name-like than 86% of real first names,8,6.0,3,"madonna 0.006%, delana 0.002%",8.1,2.9,0.286,donna (0.0); the dawn of (0.0533); the donald (0.07); dama (0.075),preliminary trademark / naming review required; invented word: clearance search needed,G2_near_high_frequency; G3_embedded_or_contains; G4_domain_names_commands; G6_clipped_boundary,4.96,5.425,fail,"text collision gates failed: G2_near_high_frequency, G3_embedded_or_contains, G6_clipped_boundary"
885,generated,REJECTED (mechanical),camiva,camiva,K AH0 M IY1 V AH0,3,0-1-0,constructed,bare,camiva,NEW ASSISTANT IDENTITY - would replace or sit beside ARIA; Michael's decision,3,vowels may be read differently (K AA0 M IY1 V AH0),10.0,7,5,invented word looks less name-like than 81% of real first names,8,5.2,6,"camila 0.001%, camilla 0.008%, kanesha 0.001%, geneva 0.059%, tameika 0.002%",8.4,3.0,0.295,come easily (0.04); me the (0.05); knievel (0.05); misa (0.06),preliminary trademark / naming review required; invented word: clearance search needed,G2_near_high_frequency; G3_embedded_or_contains; G4_domain_names_commands; G6_clipped_boundary,4.68,5.42,fail,"text collision gates failed: G2_near_high_frequency, G3_embedded_or_contains, G4_domain_names_commands, G6_clipped_boundary"
886,generated,REJECTED (mechanical),larissa,larissa,L AA0 R IY1 S AH0,3,0-1-0,given_name,bare,larissa,NEW ASSISTANT IDENTITY - would replace or sit beside ARIA; Michael's decision,0,written form reads as intended,8,8,8,,7,8.4,3,"clarisa 0.001%, claretha 0.001%, clarita 0.002%, larita 0.001%, doloris 0.002%",6.9,2.9,0.286,risa (0.0); clarisa (0.0); loris (0.07); claretha (0.07),preliminary trademark / naming review required; personal name,G3_embedded_or_contains; G4_domain_names_commands; G6_clipped_boundary; G7_accent_casual_variant,4.52,5.415,fail,"text collision gates failed: G3_embedded_or_contains, G6_clipped_boundary, G7_accent_casual_variant"
887,generated,REJECTED (mechanical),luella,luella,L UW2 EH1 L AH0,3,2-1-0,given_name,bare,luella,NEW ASSISTANT IDENTITY - would replace or sit beside ARIA; Michael's decision,0,written form reads as intended,9,9,8,,5,7.5,6,"luana 0.003%, mariela 0.003%, mariella 0.001%, maryellen 0.009%, lelah 0.001%",7.0,2.7,0.268,ella (0.0); l a (0.0); ela (0.0); ala (0.0667),preliminary trademark / naming review required; personal name,G3_embedded_or_contains; G4_domain_names_commands,4.24,5.405,fail,"text collision gates failed: G3_embedded_or_contains, G4_domain_names_commands"
888,generated,REJECTED (mechanical),dorthea,dorthea,D AO1 R DH IY0 AH0,3,1-0-0,given_name,bare,dorthea,NEW ASSISTANT IDENTITY - would replace or sit beside ARIA; Michael's decision,0,written form reads as intended,9,8,8,,7,6.0,9,"dorthey 0.001%, dorothea 0.021%, doria 0.001%, dortha 0.005%, dorothy 0.727%",7.4,2.9,0.286,thee a (0.0); zia (0.04); via (0.0667); dorothy (0.09),preliminary trademark / naming review required; personal name,G3_embedded_or_contains; G4_domain_names_commands; G6_clipped_boundary,3.9,5.395,fail,"text collision gates failed: G3_embedded_or_contains, G4_domain_names_commands, G6_clipped_boundary"
889,generated,REJECTED (mechanical),tahoe,tahoe,T AE1 HH OW0,2,1-0,word_name,bare,tahoe,NEW ASSISTANT IDENTITY - would replace or sit beside ARIA; Michael's decision,0,written form reads as intended,8,8,7,,6,7.5,0,,10.0,2.6,0.264,at a hotel (0.075); get a hold (0.075); ate a whole (0.075); hit a home (0.075),preliminary trademark / naming review required,G0_self_frequency; G3_embedded_or_contains,4.62,5.39,fail,"text collision gates failed: G0_self_frequency, G3_embedded_or_contains; too short (2 syllables; minimum 3)"
890,generated,REJECTED (mechanical),fotesa,fotesa,F OW0 T EH1 S AH0,3,0-1-0,constructed,bare,fotesa,NEW ASSISTANT IDENTITY - would replace or sit beside ARIA; Michael's decision,3,vowels may be read differently (F AH0 T EH1 S AH0),9,7,4,invented word looks less name-like than 99% of real first names,8,5.0,6,odessa 0.013%,6.5,2.9,0.286,tessa (0.0); odessa (0.09); so pessimistic (0.0983); be so pessimistic (0.0983),preliminary trademark / naming review required; invented word: clearance search needed,G3_embedded_or_contains; G4_domain_names_commands; G6_clipped_boundary,4.88,5.385,fail,"text collision gates failed: G3_embedded_or_contains, G4_domain_names_commands, G6_clipped_boundary"
891,generated,REJECTED (mechanical),nerova,nerova,N EH0 R OW1 V AH0,3,0-1-0,constructed,bare,nerova,NEW ASSISTANT IDENTITY - would replace or sit beside ARIA; Michael's decision,7,spelling suggests a different pronunciation (N ER0 OW1 V AH0),10.0,6,3,invented word looks less name-like than 98% of real first names; spelling does not show how to say it,8,4.3,6,cisneros 0.01726%,5.4,2.9,0.294,narrow the (0.0333); narrows (0.048); row the (0.05); rosa (0.06),preliminary trademark / naming review required; invented word: clearance search needed,G4_domain_names_commands; G7_accent_casual_variant,5.44,5.385,fail,"text collision gates failed: G4_domain_names_commands, G7_accent_casual_variant"
892,generated,REJECTED (mechanical),lamida,lamida,L AH0 M IY1 D AH0,3,0-1-0,constructed,bare,lamida,NEW ASSISTANT IDENTITY - would replace or sit beside ARIA; Michael's decision,3,vowels may be read differently (L AA0 M IY1 D AH0),9,7,6,invented word looks less name-like than 73% of real first names,8,6.0,3,"filomena 0.006%, philomena 0.005%, guillermina 0.007%, palomino 0.00316%, apolonia 0.001%",9.7,2.9,0.286,alameda (0.0); amid a (0.03); amiga (0.07); amoeba (0.07),preliminary trademark / naming review required; invented word: clearance search needed,G3_embedded_or_contains; G4_domain_names_commands; G6_clipped_boundary,4.64,5.365,fail,"text collision gates failed: G3_embedded_or_contains, G6_clipped_boundary"
893,generated,REJECTED (mechanical),fabian,fabian,F EY1 B IY0 AH0 N,3,1-0-0,given_name,bare,fabian,NEW ASSISTANT IDENTITY - would replace or sit beside ARIA; Michael's decision,0,written form reads as intended,10.0,9,8,,5,9.2,6,"fagan 0.0059299999999999995%, fabian 0.012%",6.0,3.0,0.295,kasabian (0.04); amphibians (0.0583); amphibian (0.0583); be an (0.075),preliminary trademark / naming review required; personal name,G0_self_frequency; G2_near_high_frequency; G3_embedded_or_contains; G4_domain_names_commands; G6_clipped_boundary,4.36,5.36,fail,"text collision gates failed: G0_self_frequency, G2_near_high_frequency, G3_embedded_or_contains, G6_clipped_boundary"
894,generated,REJECTED (mechanical),delphine,delphine,D EH0 L F IY1 N IY0,3,0-1-0,given_name,bare,delphine,NEW ASSISTANT IDENTITY - would replace or sit beside ARIA; Michael's decision,0,written form reads as intended,9,8,8,,7,8.3,6,"delfina 0.005%, delphia 0.003%, delvalle 0.00401%, delaney 0.01126%, delphine 0.007%",6.4,3.0,0.304,feeney (0.0); fini (0.0); feeny (0.0); delphinium (0.0),preliminary trademark / naming review required; personal name,G3_embedded_or_contains; G4_domain_names_commands,4.26,5.35,fail,"text collision gates failed: G3_embedded_or_contains, G4_domain_names_commands"
895,generated,REJECTED (mechanical),primrose,primrose,P R IH1 M R OW2 Z,2,1-2,word_name,bare,primrose,NEW ASSISTANT IDENTITY - would replace or sit beside ARIA; Michael's decision,0,written form reads as intended,6,8,7,,6,9.7,0,,3.6,3.0,0.301,rose (0.0); rows (0.0); rowe's (0.0); roy's (0.0667),preliminary trademark / naming review required,G6_clipped_boundary,5.14,5.35,fail,text collision gates failed: G6_clipped_boundary; too short (2 syllables; minimum 3)
896,generated,REJECTED (mechanical),gabriel,gabriel,G EY1 B R IY0 AH0 L,3,1-0-0,given_name,bare,gabriel,NEW ASSISTANT IDENTITY - would replace or sit beside ARIA; Michael's decision,0,written form reads as intended,9,8,8,,7,8.5,6,"gabrielle 0.017%, gabriela 0.018%, gabriele 0.002%, gabriella 0.005%, gabriel 0.003%",6.6,3.2,0.322,reale (0.075); gabrielle (0.1214); gabriel's (0.125); real (0.15),preliminary trademark / naming review required; personal name,G0_self_frequency; G4_domain_names_commands,4.22,5.32,fail,"text collision gates failed: G0_self_frequency, G4_domain_names_commands"
897,generated,REJECTED (mechanical),lavinia,lavinia,L AH0 V IH1 N Y AH0,3,0-1-0,given_name,bare,lavinia,NEW ASSISTANT IDENTITY - would replace or sit beside ARIA; Michael's decision,0,written form reads as intended,8,8,8,,7,8.3,3,"lavigne 0.00244%, lavenia 0.001%, lavonia 0.002%, lakenya 0.001%, luvenia 0.002%",8.4,3.0,0.304,lavigne (0.0); lavenia (0.0929); loving your (0.1071); live in one (0.1143),preliminary trademark / naming review required; personal name,G2_near_high_frequency; G3_embedded_or_contains; G4_domain_names_commands,4.26,5.3,fail,"text collision gates failed: G2_near_high_frequency, G3_embedded_or_contains"
898,generated,REJECTED (mechanical),gabriele,gabriele,G AA0 B R IY0 EH1 L,3,0-0-1,given_name,bare,gabriele,NEW ASSISTANT IDENTITY - would replace or sit beside ARIA; Michael's decision,0,written form reads as intended,9,7,8,,7,8.2,6,"gabriela 0.018%, gabriella 0.005%, gabrielle 0.017%, gabriel 0.073%, gabriele 0.002%",6.2,3.0,0.304,gabriella (0.0); gabriela (0.0); reale (0.05); gabrielle (0.0714),preliminary trademark / naming review required; personal name,G3_embedded_or_contains; G4_domain_names_commands,4.32,5.29,fail,"text collision gates failed: G3_embedded_or_contains, G4_domain_names_commands"
899,generated,REJECTED (mechanical),manuela,manuela,M AE0 N W EY1 L AH0,3,0-1-0,given_name,bare,manuela,NEW ASSISTANT IDENTITY - would replace or sit beside ARIA; Michael's decision,0,written form reads as intended,9,9,8,,5,7.2,9,"mancilla 0.00268%, manuel 0.181%, daniela 0.007%, daniella 0.004%, manuela 0.016%",6.5,3.2,0.318,man will (0.0583); will a (0.0875); willa (0.0875); well a (0.0875),preliminary trademark / naming review required; personal name,G2_near_high_frequency; G4_domain_names_commands; G7_accent_casual_variant,3.9,5.29,fail,"text collision gates failed: G2_near_high_frequency, G4_domain_names_commands, G7_accent_casual_variant"
900,generated,REJECTED (mechanical),palara,palara,P AH0 L AA1 R AH0,3,0-1-0,constructed,bare,palara,NEW ASSISTANT IDENTITY - would replace or sit beside ARIA; Michael's decision,3,vowels may be read differently (P AA0 L AA1 R AH0),10.0,7,5,invented word looks less name-like than 79% of real first names,8,5.0,6,"klara 0.001%, mclaurin 0.00273%, claretha 0.001%, palermo 0.00277%, tamara 0.092%",10.0,2.9,0.286,lara (0.0); people aren't (0.0); people are afraid (0.0); people are a (0.0),preliminary trademark / naming review required; invented word: clearance search needed,G3_embedded_or_contains; G4_domain_names_commands; G6_clipped_boundary,4.38,5.285,fail,"text collision gates failed: G3_embedded_or_contains, G4_domain_names_commands, G6_clipped_boundary"
901,generated,REJECTED (mechanical),vatela,vatela,V AH0 T EH1 L AH0,3,0-1-0,constructed,bare,vatela,NEW ASSISTANT IDENTITY - would replace or sit beside ARIA; Michael's decision,3,vowels may be read differently (V AA0 T EH1 L AH0),10.0,7,4,invented word looks less name-like than 90% of real first names,8,6.0,3,isabella 0.008%,10.0,2.9,0.286,tell a (0.0); tele (0.0); have a telephone (0.0); have a television (0.0),preliminary trademark / naming review required; invented word: clearance search needed,G3_embedded_or_contains; G4_domain_names_commands; G6_clipped_boundary,4.78,5.285,fail,"text collision gates failed: G3_embedded_or_contains, G4_domain_names_commands, G6_clipped_boundary"
902,generated,REJECTED (mechanical),josiah,josiah,JH OW0 S AY1 AH0,3,0-1-0,given_name,bare,josiah,NEW ASSISTANT IDENTITY - would replace or sit beside ARIA; Michael's decision,0,written form reads as intended,8,8,8,,7,7.0,9,"hinojosa 0.00886%, josefine 0.001%, josephine 0.177%, josiah 0.006%",5.4,2.9,0.289,is a scientist (0.094); as a scientist (0.094); pseudoscience (0.094); pseudoscientific (0.094),preliminary trademark / naming review required; personal name,G0_self_frequency; G3_embedded_or_contains; G4_domain_names_commands; G7_accent_casual_variant,3.9,5.245,fail,"text collision gates failed: G0_self_frequency, G3_embedded_or_contains, G4_domain_names_commands, G7_accent_casual_variant"
903,generated,REJECTED (mechanical),lumina,lumina,L UW1 M IH0 N AH0,3,1-0-0,word_name,bare,lumina,NEW ASSISTANT IDENTITY - would replace or sit beside ARIA; Michael's decision,0,written form reads as intended,9,8,7,,6,7.9,3,"filomena 0.006%, philomena 0.005%, iluminada 0.002%, guillermina 0.007%, lucina 0.002%",9.6,2.9,0.286,aluminium (0.0); mina (0.0); minna (0.0); ilumina (0.0),preliminary trademark / naming review required,G2_near_high_frequency; G3_embedded_or_contains; G4_domain_names_commands; G6_clipped_boundary; G7_accent_casual_variant,4.28,5.245,fail,"text collision gates failed: G2_near_high_frequency, G3_embedded_or_contains, G6_clipped_boundary, G7_accent_casual_variant"
904,generated,REJECTED (mechanical),ramena,ramena,R AH0 M EH1 N AH0,3,0-1-0,constructed,bare,ramena,NEW ASSISTANT IDENTITY - would replace or sit beside ARIA; Michael's decision,3,vowels may be read differently (R AH0 M IY1 N AH0),9,7,6,invented word looks less name-like than 58% of real first names,8,5.0,6,"filomena 0.006%, philomena 0.005%, ramona 0.062%, arminda 0.002%, carmina 0.001%",9.9,2.9,0.286,instrumental (0.0); detrimental (0.0); instrumentals (0.0); men a (0.0),preliminary trademark / naming review required; invented word: clearance search needed,G2_near_high_frequency; G3_embedded_or_contains; G4_domain_names_commands; G7_accent_casual_variant,4.2,5.245,fail,"text collision gates failed: G2_near_high_frequency, G3_embedded_or_contains, G4_domain_names_commands, G7_accent_casual_variant"
905,generated,REJECTED (mechanical),hey assistant,hey assistant,HH EY1 AH0 S IH1 S T AH0 N T,4,1-0-1-0,role,prefix-required,assistant,no new identity (functional),0,written form reads as intended,7,7,0.0,contains 'ass',3,6.0,0,,7.4,5.2,0.516,assistant (0.0); my assistant (0.0667); the assistant (0.0722); assistance (0.0875),preliminary trademark / naming review required; common word: weak distinctiveness,G2_near_high_frequency; G3_embedded_or_contains; G6_clipped_boundary; G7_accent_casual_variant,5.76,5.24,fail,"dignity: contains 'ass'; text collision gates failed: G2_near_high_frequency, G3_embedded_or_contains, G6_clipped_boundary, G7_accent_casual_variant"
906,generated,REJECTED (mechanical),nodesa,nodesa,N OW0 D EH1 S AH0,3,0-1-0,constructed,bare,nodesa,NEW ASSISTANT IDENTITY - would replace or sit beside ARIA; Michael's decision,3,vowels may be read differently (N OW0 D EY1 S AH0),9,7,4,invented word looks less name-like than 92% of real first names,8,5.0,6,"modesta 0.003%, modesto 0.004%, odessa 0.013%, hinojosa 0.00886%, contessa 0.001%",8.0,2.9,0.286,odessa (0.0); no death (0.024); death a (0.03); no definite (0.04),preliminary trademark / naming review required; invented word: clearance search needed,G2_near_high_frequency; G3_embedded_or_contains; G4_domain_names_commands,4.58,5.235,fail,"text collision gates failed: G2_near_high_frequency, G3_embedded_or_contains, G4_domain_names_commands"
907,generated,REJECTED (mechanical),hey wren,hey wren,HH EY1 R EH1 N,2,1-1,word_name,prefix-required,wren,NEW ASSISTANT IDENTITY - would replace or sit beside ARIA; Michael's decision,0,written form reads as intended,8,8,7,,6,5.0,9,"herrin 0.00263%, herron 0.009%, sirena 0.001%, hasan 0.00318%, hayden 0.004%",10.0,4.2,0.418,ren (0.0); wren (0.0); rehn (0.0); renn (0.0),preliminary trademark / naming review required,G2_near_high_frequency; G3_embedded_or_contains; G4_domain_names_commands; G6_clipped_boundary; G7_accent_casual_variant,3.64,5.23,fail,"text collision gates failed: G2_near_high_frequency, G3_embedded_or_contains, G4_domain_names_commands, G6_clipped_boundary, G7_accent_casual_variant; too short (2 syllables; minimum 3)"
908,generated,REJECTED (mechanical),horizon,horizon,HH ER0 AY1 Z AH0 N,3,0-1-0,word_name,bare,horizon,NEW ASSISTANT IDENTITY - would replace or sit beside ARIA; Michael's decision,0,written form reads as intended,9,9,7,,3,10.0,0,,8.1,2.9,0.286,horizons (0.0); her eyes and (0.0); arise and (0.0); didn't arrive until (0.048),preliminary trademark / naming review required; common word: weak distinctiveness,G0_self_frequency; G2_near_high_frequency; G3_embedded_or_contains; G6_clipped_boundary; G7_accent_casual_variant,4.76,5.225,fail,"text collision gates failed: G0_self_frequency, G2_near_high_frequency, G3_embedded_or_contains, G6_clipped_boundary, G7_accent_casual_variant"
909,generated,REJECTED (mechanical),zanila,zanila,Z AH0 N IY1 L AH0,3,0-1-0,constructed,bare,zanila,NEW ASSISTANT IDENTITY - would replace or sit beside ARIA; Michael's decision,3,vowels may be read differently (Z AA0 N IY1 L AH0),9,7,5,invented word looks less name-like than 84% of real first names,8,5.0,6,"janella 0.001%, petronila 0.001%, leonila 0.002%, bonilla 0.01745%, quintanilla 0.00766%",9.3,2.9,0.286,nila (0.0); vanilla (0.065); with any luck (0.07); nella (0.075),preliminary trademark / naming review required; invented word: clearance search needed,G2_near_high_frequency; G3_embedded_or_contains; G4_domain_names_commands; G6_clipped_boundary,4.32,5.205,fail,"text collision gates failed: G2_near_high_frequency, G3_embedded_or_contains, G4_domain_names_commands, G6_clipped_boundary"
910,generated,REJECTED (mechanical),renate,renate,R AH0 N AA1 T AH0,3,0-1-0,given_name,bare,renate,NEW ASSISTANT IDENTITY - would replace or sit beside ARIA; Michael's decision,0,written form reads as intended,9,8,8,,7,8.7,3,"renato 0.004%, renetta 0.002%, renita 0.006%, donato 0.00265%, danuta 0.002%",10.0,2.9,0.286,not a (0.0); aeronautical (0.0); renata (0.0); nata (0.0),preliminary trademark / naming review required; personal name,G2_near_high_frequency; G3_embedded_or_contains; G4_domain_names_commands; G6_clipped_boundary,4.04,5.195,fail,"text collision gates failed: G2_near_high_frequency, G3_embedded_or_contains, G6_clipped_boundary"
911,generated,REJECTED (mechanical),zatuna,zatuna,Z AH0 T UW1 N AH0,3,0-1-0,constructed,bare,zatuna,NEW ASSISTANT IDENTITY - would replace or sit beside ARIA; Michael's decision,3,vowels may be read differently (Z AA0 T UW1 N AH0),9,7,4,invented word looks less name-like than 99% of real first names,8,5.0,6,"latina 0.001%, josefina 0.028%, josephina 0.004%, bettina 0.006%, catina 0.004%",8.4,2.9,0.286,tuna (0.0); a tuna (0.0); tune a (0.0); the tuna (0.02),preliminary trademark / naming review required; invented word: clearance search needed,G3_embedded_or_contains; G4_domain_names_commands,4.5,5.195,fail,"text collision gates failed: G3_embedded_or_contains, G4_domain_names_commands"
912,generated,REJECTED (mechanical),natura,natura,N AH0 T UW1 R AH0,3,0-1-0,constructed,bare,natura,NEW ASSISTANT IDENTITY - would replace or sit beside ARIA; Michael's decision,7,spelling suggests a different pronunciation (N AA0 CH UH1 R AH0),10.0,6,4,invented word looks less name-like than 86% of real first names; spelling does not show how to say it,8,4.0,6,"ventura 0.01342%, alcantara 0.00428%",9.1,3.0,0.298,rima to run (0.05); began to run (0.1); into russian (0.1); than to receive (0.1),preliminary trademark / naming review required; invented word: clearance search needed,G3_embedded_or_contains; G4_domain_names_commands,4.78,5.19,fail,"text collision gates failed: G3_embedded_or_contains, G4_domain_names_commands"
913,generated,REJECTED (mechanical),senova,senova,S EH0 N OW1 V AH0,3,0-1-0,constructed,bare,senova,NEW ASSISTANT IDENTITY - would replace or sit beside ARIA; Michael's decision,3,vowels may be read differently (S AH0 N OW1 V AH0),9,7,4,invented word looks less name-like than 91% of real first names,8,6.0,6,"casanova 0.00312%, sandoval 0.04371%, segovia 0.00447%",6.5,2.9,0.286,nova (0.0); know the (0.05); no the (0.05); knows a (0.06),preliminary trademark / naming review required; invented word: clearance search needed,G2_near_high_frequency; G3_embedded_or_contains; G4_domain_names_commands; G6_clipped_boundary; G7_accent_casual_variant,4.68,5.185,fail,"text collision gates failed: G2_near_high_frequency, G3_embedded_or_contains, G4_domain_names_commands, G6_clipped_boundary, G7_accent_casual_variant"
914,generated,REJECTED (mechanical),evergreen,evergreen,EH1 V ER0 G R IY2 N,3,1-0-2,word_name,bare,evergreen,NEW ASSISTANT IDENTITY - would replace or sit beside ARIA; Michael's decision,0,written form reads as intended,8,9,7,,6,9.2,3,pellegrino 0.0025099999999999996%,7.7,3.0,0.304,evergreens (0.0); ever agree (0.0857); never dreamed (0.0929); i never dreamed (0.0929),preliminary trademark / naming review required,G0_self_frequency; G2_near_high_frequency; G3_embedded_or_contains; G4_domain_names_commands,4.22,5.14,fail,"text collision gates failed: G0_self_frequency, G2_near_high_frequency, G3_embedded_or_contains"
915,generated,REJECTED (mechanical),renida,renida,R EH0 N IY1 D AH0,3,0-1-0,constructed,bare,renida,NEW ASSISTANT IDENTITY - would replace or sit beside ARIA; Michael's decision,3,vowels may be read differently (R IY0 N IY1 D AH0),9,7,7,,8,6.0,6,"renita 0.006%, lenita 0.001%, brendan 0.019%, brendon 0.005%, eneida 0.002%",10.0,2.9,0.286,need a (0.0); nida (0.0); metronidazole (0.025); mary needed (0.05),preliminary trademark / naming review required; invented word: clearance search needed,G2_near_high_frequency; G3_embedded_or_contains; G4_domain_names_commands; G6_clipped_boundary; G7_accent_casual_variant,3.98,5.135,fail,"text collision gates failed: G2_near_high_frequency, G3_embedded_or_contains, G4_domain_names_commands, G6_clipped_boundary, G7_accent_casual_variant"
916,generated,REJECTED (mechanical),aurora,aurora,ER0 AO1 R AH0,3,0-1-0,word_name,bare,aurora,NEW ASSISTANT IDENTITY - would replace or sit beside ARIA; Michael's decision,0,written form reads as intended,9,9,7,,6,10.0,0,,10.0,2.5,0.249,or a (0.0); aura (0.0); sorority (0.0); ora (0.0),preliminary trademark / naming review required,G0_self_frequency; G2_near_high_frequency; G3_embedded_or_contains; G4_domain_names_commands; G6_clipped_boundary; G7_accent_casual_variant,4.3,5.125,fail,"text collision gates failed: G0_self_frequency, G2_near_high_frequency, G3_embedded_or_contains, G4_domain_names_commands, G6_clipped_boundary, G7_accent_casual_variant"
917,generated,REJECTED (mechanical),indigo,indigo,IH1 N D AH0 G OW2,3,1-0-2,word_name,bare,indigo,NEW ASSISTANT IDENTITY - would replace or sit beside ARIA; Michael's decision,2,written form reads as intended; 2 dictionary pronunciations,8,9,7,,6,8.4,3,hildegard 0.005%,8.8,3.0,0.305,in dog (0.08); a second ago (0.0833); second ago (0.0833); in negotiations (0.0917),preliminary trademark / naming review required,G0_self_frequency; G2_near_high_frequency; G3_embedded_or_contains; G4_domain_names_commands; G6_clipped_boundary,4.16,5.09,fail,"text collision gates failed: G0_self_frequency, G2_near_high_frequency, G3_embedded_or_contains, G6_clipped_boundary"
918,generated,REJECTED (mechanical),oriole,oriole,AO1 R IY0 OW2 L,3,1-0-2,word_name,bare,oriole,NEW ASSISTANT IDENTITY - would replace or sit beside ARIA; Michael's decision,0,written form reads as intended,9,8,7,,6,8.0,6,"arriola 0.00267%, barrios 0.01114%, larios 0.00369%, arielle 0.003%, marielle 0.001%",7.7,2.7,0.268,orioles (0.0); oreo (0.0); arriola (0.04); story already (0.09),preliminary trademark / naming review required,G2_near_high_frequency; G3_embedded_or_contains; G4_domain_names_commands,4.0,5.085,fail,"text collision gates failed: G2_near_high_frequency, G3_embedded_or_contains, G4_domain_names_commands"
919,generated,REJECTED (mechanical),retira,retira,R EH0 T IY1 R AH0,3,0-1-0,constructed,bare,retira,NEW ASSISTANT IDENTITY - would replace or sit beside ARIA; Michael's decision,3,vowels may be read differently (R EY0 T IY1 R AH0),9,7,4,invented word looks less name-like than 90% of real first names,8,4.3,9,rivera 0.13259%,7.9,2.9,0.294,pretty rough (0.0333); a pretty rough (0.0333); you're a terrible (0.05); tara (0.075),preliminary trademark / naming review required; invented word: clearance search needed,G3_embedded_or_contains; G4_domain_names_commands,4.14,5.085,fail,"text collision gates failed: G3_embedded_or_contains, G4_domain_names_commands"
920,generated,REJECTED (mechanical),marcella,marcella,M AA0 R S EH1 L AH0,3,0-1-0,given_name,bare,marcella,NEW ASSISTANT IDENTITY - would replace or sit beside ARIA; Michael's decision,0,written form reads as intended,8,9,8,,5,8.2,6,"marcellus 0.004%, marcela 0.006%, marcel 0.012%, marcelle 0.005%, marvella 0.001%",7.8,3.0,0.304,marcel (0.0); sell a (0.0); marcellus (0.0); sella (0.0),preliminary trademark / naming review required; personal name,G2_near_high_frequency; G3_embedded_or_contains; G4_domain_names_commands; G6_clipped_boundary; G7_accent_casual_variant,3.8,5.08,fail,"text collision gates failed: G2_near_high_frequency, G3_embedded_or_contains, G4_domain_names_commands, G6_clipped_boundary, G7_accent_casual_variant"
921,generated,REJECTED (mechanical),zanuva,zanuva,Z AH0 N UW1 V AH0,3,0-1-0,constructed,bare,zanuva,NEW ASSISTANT IDENTITY - would replace or sit beside ARIA; Michael's decision,3,vowels may be read differently (Z AA0 N UW1 V AH0),9,7,4,invented word looks less name-like than 99% of real first names,8,5.0,6,"geneva 0.059%, jeneva 0.001%, genoveva 0.005%",9.7,3.0,0.298,knew the (0.05); new the (0.05); the news of (0.06); the news about (0.06),preliminary trademark / naming review required; invented word: clearance search needed,G2_near_high_frequency; G3_embedded_or_contains; G4_domain_names_commands; G6_clipped_boundary,4.26,5.08,fail,"text collision gates failed: G2_near_high_frequency, G3_embedded_or_contains, G4_domain_names_commands, G6_clipped_boundary"
922,generated,REJECTED (mechanical),cristobal,cristobal,K R IH1 S T AH0 B AH0 L,3,1-0-0,given_name,bare,cristobal,NEW ASSISTANT IDENTITY - would replace or sit beside ARIA; Michael's decision,0,written form reads as intended,8,8,8,,7,7.5,9,"christal 0.006%, christel 0.003%, chrystal 0.011%, cristal 0.005%, crystal 0.207%",7.2,3.6,0.362,double (0.09); table (0.13); pebble (0.13); cuddle (0.14),preliminary trademark / naming review required; personal name,G2_near_high_frequency; G3_embedded_or_contains; G4_domain_names_commands; G6_clipped_boundary,3.58,5.07,fail,"text collision gates failed: G2_near_high_frequency, G3_embedded_or_contains, G4_domain_names_commands, G6_clipped_boundary"
923,generated,REJECTED (mechanical),modesa,modesa,M OW0 D EH1 S AH0,3,0-1-0,constructed,bare,modesa,NEW ASSISTANT IDENTITY - would replace or sit beside ARIA; Michael's decision,7,spelling suggests a different pronunciation (M OW0 D EY1 Z AH0),9,6,4,invented word looks less name-like than 82% of real first names; spelling does not show how to say it,8,5.0,6,"modesta 0.003%, modesto 0.004%, odessa 0.013%, madison 0.003%",6.9,2.9,0.286,odessa (0.0); death a (0.03); disa (0.05); dasa (0.05),preliminary trademark / naming review required; invented word: clearance search needed,G3_embedded_or_contains; G4_domain_names_commands; G7_accent_casual_variant,4.8,5.045,fail,"text collision gates failed: G3_embedded_or_contains, G4_domain_names_commands, G7_accent_casual_variant"
924,generated,REJECTED (mechanical),radeta,radeta,R AH0 D EH1 T AH0,3,0-1-0,constructed,bare,radeta,NEW ASSISTANT IDENTITY - would replace or sit beside ARIA; Michael's decision,3,vowels may be read differently (R AH0 D EY1 T AH0),9,7,5,invented word looks less name-like than 83% of real first names,8,5.0,9,"rebbeca 0.002%, rebeca 0.007%, rebecca 0.43%, rebecka 0.001%, renetta 0.002%",8.1,3.0,0.298,data (0.05); a data (0.07); read it again (0.0833); read it aloud (0.0833),preliminary trademark / naming review required; invented word: clearance search needed,G2_near_high_frequency; G3_embedded_or_contains; G4_domain_names_commands; G6_clipped_boundary,3.98,5.04,fail,"text collision gates failed: G2_near_high_frequency, G3_embedded_or_contains, G4_domain_names_commands, G6_clipped_boundary"
925,generated,REJECTED (mechanical),zalata,zalata,Z AH0 L AA1 T AH0,3,0-1-0,constructed,bare,zalata,NEW ASSISTANT IDENTITY - would replace or sit beside ARIA; Michael's decision,3,vowels may be read differently (Z AA0 L AA1 T AH0),9,7,4,invented word looks less name-like than 94% of real first names,8,5.0,6,"renata 0.005%, renate 0.005%, zapata 0.01094%",10.0,2.9,0.286,lotta (0.0); lata (0.0); a lot a (0.0); lot a (0.0),preliminary trademark / naming review required; invented word: clearance search needed,G2_near_high_frequency; G3_embedded_or_contains; G4_domain_names_commands; G6_clipped_boundary,4.18,5.035,fail,"text collision gates failed: G2_near_high_frequency, G3_embedded_or_contains, G4_domain_names_commands, G6_clipped_boundary"
926,generated,REJECTED (mechanical),sonora,sonora,S AH0 N AO1 R AH0,3,0-1-0,word_name,bare,sonora,NEW ASSISTANT IDENTITY - would replace or sit beside ARIA; Michael's decision,0,written form reads as intended,9,9,7,,6,8.5,6,"sanora 0.002%, zamora 0.02093%, villasenor 0.00481%, isadora 0.001%, eleanora 0.003%",8.6,2.9,0.286,nora (0.0); nor a (0.0); son or (0.0); sun or (0.0),preliminary trademark / naming review required,G2_near_high_frequency; G3_embedded_or_contains; G4_domain_names_commands; G6_clipped_boundary; G7_accent_casual_variant,3.76,5.025,fail,"text collision gates failed: G2_near_high_frequency, G3_embedded_or_contains, G4_domain_names_commands, G6_clipped_boundary, G7_accent_casual_variant"
927,generated,REJECTED (mechanical),trinity,trinity,T R IH1 N AH0 T IY0,3,1-0-0,word_name,bare,trinity,NEW ASSISTANT IDENTITY - would replace or sit beside ARIA; Michael's decision,2,written form reads as intended; 2 dictionary pronunciations,9,9,7,,6,9.9,3,trinidad 0.006%,8.0,3.0,0.304,nutty (0.0); extremity (0.0714); extremities (0.0714); trinity's (0.0714),preliminary trademark / naming review required,G0_self_frequency; G2_near_high_frequency; G3_embedded_or_contains; G4_domain_names_commands,4.22,5.02,fail,"text collision gates failed: G0_self_frequency, G2_near_high_frequency, G3_embedded_or_contains, G4_domain_names_commands"
928,generated,REJECTED (mechanical),juliet,juliet,JH UW1 L IY0 EH2 T,3,1-0-2,given_name,bare,juliet,NEW ASSISTANT IDENTITY - would replace or sit beside ARIA; Michael's decision,0,written form reads as intended,9,8,8,,7,10.0,6,"julietta 0.001%, julianne 0.012%, juliana 0.011%, juliann 0.003%, julianna 0.005%",6.2,2.9,0.286,juliette (0.0); julietta (0.0); joliet (0.0917); julio (0.15),preliminary trademark / naming review required; personal name,G0_self_frequency; G1_exact_common; G4_domain_names_commands,3.94,5.015,fail,"text collision gates failed: G0_self_frequency, G1_exact_common, G4_domain_names_commands"
929,generated,REJECTED (mechanical),verity,verity,V EH1 R AH0 T IY0,3,1-0-0,word_name,bare,verity,NEW ASSISTANT IDENTITY - would replace or sit beside ARIA; Michael's decision,2,written form reads as intended; 2 dictionary pronunciations,10.0,9,7,,6,8.8,6,"charity 0.018%, garrity 0.0024300000000000003%",9.0,2.9,0.294,there a tv (0.0333); ratty (0.075); severity (0.0833); ferret (0.09),preliminary trademark / naming review required,G2_near_high_frequency; G3_embedded_or_contains; G4_domain_names_commands; G6_clipped_boundary,3.82,4.975,fail,"text collision gates failed: G2_near_high_frequency, G3_embedded_or_contains, G4_domain_names_commands, G6_clipped_boundary"
930,generated,REJECTED (mechanical),geneva,geneva,JH AH0 N IY1 V AH0,3,0-1-0,word_name,bare,geneva,NEW ASSISTANT IDENTITY - would replace or sit beside ARIA; Michael's decision,0,written form reads as intended,9,9,7,,3,10.0,3,"jeneva 0.001%, janina 0.004%, janessa 0.002%, janita 0.002%, janella 0.001%",7.7,2.9,0.286,geneve (0.0); aborigines of (0.04); jeneva (0.05); religion is a (0.065),preliminary trademark / naming review required; common word: weak distinctiveness,G0_self_frequency; G3_embedded_or_contains; G4_domain_names_commands,4.24,4.965,fail,"text collision gates failed: G0_self_frequency, G3_embedded_or_contains"
931,generated,REJECTED (mechanical),toriva,toriva,T OW0 R IY1 V AH0,3,0-1-0,constructed,bare,toriva,NEW ASSISTANT IDENTITY - would replace or sit beside ARIA; Michael's decision,3,vowels may be read differently (T AO0 R IY1 V AH0),10.0,7,5,invented word looks less name-like than 82% of real first names,8,6.0,9,"treva 0.007%, oliva 0.003%, terisa 0.001%, latoria 0.002%, victoria 0.18%",8.4,2.9,0.286,riva (0.0); without a reason (0.04); at a reasonable (0.04); oliva (0.08),preliminary trademark / naming review required; invented word: clearance search needed,G2_near_high_frequency; G3_embedded_or_contains; G4_domain_names_commands; G6_clipped_boundary; G7_accent_casual_variant,3.9,4.945,fail,"text collision gates failed: G2_near_high_frequency, G3_embedded_or_contains, G4_domain_names_commands, G6_clipped_boundary, G7_accent_casual_variant"
932,generated,REJECTED (mechanical),daniella,daniella,D AE2 N Y EH1 L AH0,3,2-1-0,given_name,bare,daniella,NEW ASSISTANT IDENTITY - would replace or sit beside ARIA; Michael's decision,0,written form reads as intended,9,8,8,,7,8.1,9,"daniele 0.003%, danielle 0.149%, danial 0.008%, daniel 0.974%, danielson 0.00435%",7.9,3.0,0.304,danielle (0.0); daniela (0.0); daniele (0.0); daniel and (0.0429),preliminary trademark / naming review required; personal name,G2_near_high_frequency; G4_domain_names_commands; G6_clipped_boundary,3.4,4.94,fail,"text collision gates failed: G2_near_high_frequency, G4_domain_names_commands, G6_clipped_boundary"
933,generated,REJECTED (mechanical),zamona,zamona,Z AH0 M OW1 N AH0,3,0-1-0,constructed,bare,zamona,NEW ASSISTANT IDENTITY - would replace or sit beside ARIA; Michael's decision,3,vowels may be read differently (Z AA0 M OW1 N AH0),9,7,5,invented word looks less name-like than 84% of real first names,8,6.0,6,"ramona 0.062%, simona 0.003%, remona 0.001%, zamora 0.02093%, rosamond 0.002%",10.0,2.9,0.286,mona (0.0); the mona (0.02); the mona lisa (0.02); was a moment (0.05),preliminary trademark / naming review required; invented word: clearance search needed,G3_embedded_or_contains; G4_domain_names_commands,3.98,4.935,fail,"text collision gates failed: G3_embedded_or_contains, G4_domain_names_commands"
934,generated,REJECTED (mechanical),damesa,damesa,D AH0 M EH1 S AH0,3,0-1-0,constructed,bare,damesa,NEW ASSISTANT IDENTITY - would replace or sit beside ARIA; Michael's decision,3,vowels may be read differently (D AH0 M IY1 S AH0),9,7,5,invented word looks less name-like than 84% of real first names,8,5.0,9,"tamesha 0.002%, janessa 0.002%, dennison 0.00496%, adamson 0.0056%, donnetta 0.001%",9.1,2.9,0.286,received a message (0.0); send a message (0.0); found a message (0.0); had a message (0.0),preliminary trademark / naming review required; invented word: clearance search needed,G2_near_high_frequency; G3_embedded_or_contains; G4_domain_names_commands; G6_clipped_boundary,3.76,4.925,fail,"text collision gates failed: G2_near_high_frequency, G3_embedded_or_contains, G4_domain_names_commands, G6_clipped_boundary"
935,generated,REJECTED (mechanical),deanna,deanna,D IY2 AE1 N AH0,3,2-1-0,given_name,bare,deanna,NEW ASSISTANT IDENTITY - would replace or sit beside ARIA; Michael's decision,0,written form reads as intended,10.0,9,8,,5,9.6,6,"deeanna 0.001%, christiana 0.003%, georgiana 0.005%, georgianna 0.005%, dionna 0.002%",9.2,2.7,0.268,anna (0.0); indiana (0.0); ana (0.0); an a (0.0),preliminary trademark / naming review required; personal name,G2_near_high_frequency; G3_embedded_or_contains; G4_domain_names_commands; G6_clipped_boundary,3.58,4.915,fail,"text collision gates failed: G2_near_high_frequency, G3_embedded_or_contains, G4_domain_names_commands, G6_clipped_boundary"
936,generated,REJECTED (mechanical),sapphire,sapphire,S AE1 F AY0 ER0,3,1-0-0,word_name,bare,sapphire,NEW ASSISTANT IDENTITY - would replace or sit beside ARIA; Michael's decision,0,written form reads as intended,9,9,7,,6,10.0,3,sasser 0.0024700000000000004%,9.4,2.7,0.268,fire (0.0); sapphires (0.0); pacifier (0.06); emulsifier (0.06),preliminary trademark / naming review required,G0_self_frequency; G2_near_high_frequency; G3_embedded_or_contains; G4_domain_names_commands; G6_clipped_boundary; G7_accent_casual_variant,3.86,4.915,fail,"text collision gates failed: G0_self_frequency, G2_near_high_frequency, G3_embedded_or_contains, G4_domain_names_commands, G6_clipped_boundary, G7_accent_casual_variant"
937,generated,REJECTED (mechanical),prudence,prudence,P R UW1 D AH0 N S,2,1-0,word_name,bare,prudence,NEW ASSISTANT IDENTITY - would replace or sit beside ARIA; Michael's decision,0,written form reads as intended,6,8,7,,6,9.8,0,,8.0,3.0,0.301,jurisprudence (0.0); prudential (0.06); dance (0.075); dense (0.075),preliminary trademark / naming review required,G0_self_frequency; G2_near_high_frequency; G3_embedded_or_contains; G6_clipped_boundary,4.24,4.89,fail,"text collision gates failed: G0_self_frequency, G2_near_high_frequency, G3_embedded_or_contains, G6_clipped_boundary; too short (2 syllables; minimum 3)"
938,generated,REJECTED (mechanical),alina,alina,AH0 L IY1 N AH0,3,0-1-0,given_name,bare,alina,NEW ASSISTANT IDENTITY - would replace or sit beside ARIA; Michael's decision,0,written form reads as intended,9,8,8,,7,8.6,6,"carmelina 0.002%, catalina 0.014%, celina 0.008%, galina 0.001%, halina 0.002%",10.0,2.7,0.268,lena (0.0); selena (0.0); catalina (0.0); lina (0.0),preliminary trademark / naming review required; personal name,G2_near_high_frequency; G3_embedded_or_contains; G4_domain_names_commands,3.42,4.885,fail,"text collision gates failed: G2_near_high_frequency, G3_embedded_or_contains, G4_domain_names_commands"
939,generated,REJECTED (mechanical),oliva,oliva,OW0 L IY1 V AH0,3,0-1-0,given_name,bare,oliva,NEW ASSISTANT IDENTITY - would replace or sit beside ARIA; Michael's decision,0,written form reads as intended,9,8,8,,7,8.9,6,"olivera 0.00309%, olivares 0.00813%, olivarez 0.0033%, olivas 0.0068200000000000005%, olivia 0.049%",9.4,2.7,0.268,leave a (0.0); leiva (0.0); sullivan (0.03); sullivan's (0.03),preliminary trademark / naming review required; personal name,G2_near_high_frequency; G3_embedded_or_contains; G4_domain_names_commands; G6_clipped_boundary; G7_accent_casual_variant,3.48,4.885,fail,"text collision gates failed: G2_near_high_frequency, G3_embedded_or_contains, G4_domain_names_commands, G6_clipped_boundary, G7_accent_casual_variant"
940,generated,REJECTED (mechanical),tonia,tonia,T OW1 N IY0 AH0,3,1-0-0,given_name,bare,tonia,NEW ASSISTANT IDENTITY - would replace or sit beside ARIA; Michael's decision,0,written form reads as intended,10.0,9,8,,5,8.7,9,"antonia 0.035%, latonia 0.005%, latonya 0.022%, antone 0.005%, antonietta 0.002%",8.3,2.7,0.268,tony (0.0); toni (0.0); estonia (0.0); plutonium (0.0),preliminary trademark / naming review required; personal name,G2_near_high_frequency; G3_embedded_or_contains; G4_domain_names_commands; G6_clipped_boundary,3.34,4.885,fail,"text collision gates failed: G2_near_high_frequency, G3_embedded_or_contains, G4_domain_names_commands, G6_clipped_boundary"
941,generated,REJECTED (mechanical),marjory,marjory,M AA1 R JH ER0 IY0,3,1-0-0,given_name,bare,marjory,NEW ASSISTANT IDENTITY - would replace or sit beside ARIA; Michael's decision,2,written form reads as intended; 2 dictionary pronunciations,8,8,8,,7,7.9,9,"margeret 0.002%, marjorie 0.173%, margarete 0.003%, margarita 0.059%, margorie 0.002%",6.3,2.9,0.286,marjorie (0.0); margery (0.0); margeret (0.05); archery (0.09),preliminary trademark / naming review required; personal name,G1_exact_common; G2_near_high_frequency; G3_embedded_or_contains; G4_domain_names_commands,3.54,4.875,fail,"text collision gates failed: G1_exact_common, G2_near_high_frequency, G3_embedded_or_contains, G4_domain_names_commands"
942,generated,REJECTED (mechanical),sierra,sierra,S IY0 EH1 R AH0,3,0-1-0,word_name,bare,sierra,NEW ASSISTANT IDENTITY - would replace or sit beside ARIA; Michael's decision,0,written form reads as intended,9,9,7,,3,10.0,3,"vieira 0.0035299999999999997%, ceola 0.001%, porfirio 0.005%",8.3,2.7,0.268,era (0.0); sierras (0.0); sea air (0.0); ara (0.0667),preliminary trademark / naming review required; common word: weak distinctiveness,G0_self_frequency; G2_near_high_frequency; G3_embedded_or_contains; G4_domain_names_commands; G6_clipped_boundary,4.08,4.875,fail,"text collision gates failed: G0_self_frequency, G2_near_high_frequency, G3_embedded_or_contains, G4_domain_names_commands, G6_clipped_boundary"
943,generated,REJECTED (mechanical),zamuna,zamuna,Z AH0 M UW1 N AH0,3,0-1-0,constructed,bare,zamuna,NEW ASSISTANT IDENTITY - would replace or sit beside ARIA; Michael's decision,3,vowels may be read differently (Z AA0 M UW1 N AH0),9,7,4,invented word looks less name-like than 96% of real first names,8,6.0,6,"filomena 0.006%, philomena 0.005%, zamora 0.02093%, ramona 0.062%, rosamond 0.002%",9.6,2.9,0.286,moon a (0.0); the moon and (0.02); the moon of (0.02); the moon (0.024),preliminary trademark / naming review required; invented word: clearance search needed,G2_near_high_frequency; G3_embedded_or_contains; G4_domain_names_commands; G6_clipped_boundary,4.06,4.875,fail,"text collision gates failed: G2_near_high_frequency, G3_embedded_or_contains, G4_domain_names_commands, G6_clipped_boundary"
944,generated,REJECTED (mechanical),acacia,acacia,AH0 K EY1 SH AH0,3,0-1-0,word_name,bare,acacia,NEW ASSISTANT IDENTITY - would replace or sit beside ARIA; Michael's decision,0,written form reads as intended,8,9,7,,6,9.8,3,"lakesha 0.008%, nakesha 0.001%, kesha 0.005%, keshia 0.005%, kisha 0.006%",8.8,2.7,0.268,education (0.0); application (0.0); communication (0.0); applications (0.0),preliminary trademark / naming review required,G0_self_frequency; G2_near_high_frequency; G3_embedded_or_contains; G4_domain_names_commands; G6_clipped_boundary,3.82,4.865,fail,"text collision gates failed: G0_self_frequency, G2_near_high_frequency, G3_embedded_or_contains, G4_domain_names_commands, G6_clipped_boundary"
945,generated,REJECTED (mechanical),lavender,lavender,L AE1 V AH0 N D ER0,3,1-0-0,word_name,bare,lavender,NEW ASSISTANT IDENTITY - would replace or sit beside ARIA; Michael's decision,0,written form reads as intended,8,9,7,,6,10.0,3,lavonda 0.003%,8.9,3.0,0.304,lavender (0.0); leavened (0.0333); capable of understanding (0.0429); incapable of understanding (0.0429),preliminary trademark / naming review required,G0_self_frequency; G2_near_high_frequency; G3_embedded_or_contains; G4_domain_names_commands; G6_clipped_boundary,3.82,4.86,fail,"text collision gates failed: G0_self_frequency, G2_near_high_frequency, G3_embedded_or_contains, G4_domain_names_commands, G6_clipped_boundary"
946,generated,REJECTED (mechanical),marietta,marietta,M EH2 R IY0 EH1 T AH0,4,2-0-1-0,given_name,bare,marietta,NEW ASSISTANT IDENTITY - would replace or sit beside ARIA; Michael's decision,0,written form reads as intended,10.0,9,8,,5,9.8,6,"mariette 0.001%, mariela 0.003%, maryellen 0.009%, mariana 0.009%, maryalice 0.002%",10.0,3.1,0.308,mariette (0.0); mary at a (0.0286); mary at (0.0333); mary it (0.0333),preliminary trademark / naming review required; personal name,G0_self_frequency; G2_near_high_frequency; G3_embedded_or_contains; G4_domain_names_commands; G6_clipped_boundary,3.46,4.855,fail,"text collision gates failed: G0_self_frequency, G2_near_high_frequency, G3_embedded_or_contains, G4_domain_names_commands, G6_clipped_boundary"
947,generated,REJECTED (mechanical),lolita,lolita,L OW0 L IY1 T AH0,3,0-1-0,given_name,bare,lolita,NEW ASSISTANT IDENTITY - would replace or sit beside ARIA; Michael's decision,0,written form reads as intended,9,8,2,strong public negative association,7,8.8,3,"lorita 0.001%, clarita 0.002%, larita 0.001%, rosita 0.007%, julieta 0.003%",7.3,2.9,0.286,slowly towards (0.0); walked slowly towards (0.0); lita (0.0); slowly towards the (0.0),preliminary trademark / naming review required; personal name,G0_self_frequency; G3_embedded_or_contains; G4_domain_names_commands,4.56,4.845,fail,"text collision gates failed: G0_self_frequency, G3_embedded_or_contains"
948,generated,REJECTED (mechanical),samara,samara,S AE1 M ER0 AH0,3,1-0-0,given_name,bare,samara,NEW ASSISTANT IDENTITY - would replace or sit beside ARIA; Michael's decision,0,written form reads as intended,9,7,8,,7,8.3,6,"tammera 0.001%, somer 0.001%, sommer 0.002%, sommers 0.0039700000000000004%, summer 0.017%",10.0,2.7,0.268,samaras (0.0); summer and (0.06); summer of (0.06); the summer of (0.06),preliminary trademark / naming review required; personal name,G2_near_high_frequency; G3_embedded_or_contains; G4_domain_names_commands; G6_clipped_boundary,3.48,4.845,fail,"text collision gates failed: G2_near_high_frequency, G3_embedded_or_contains, G4_domain_names_commands, G6_clipped_boundary"
949,generated,REJECTED (mechanical),vameta,vameta,V AH0 M EH1 T AH0,3,0-1-0,constructed,bare,vameta,NEW ASSISTANT IDENTITY - would replace or sit beside ARIA; Michael's decision,3,vowels may be read differently (V AA0 M IY1 T AH0),10.0,7,5,invented word looks less name-like than 89% of real first names,8,6.0,9,"vanetta 0.001%, venetta 0.001%, venita 0.004%, vernetta 0.002%, janetta 0.002%",9.4,2.9,0.286,met a (0.0); mehta (0.0); mete (0.0); the metal (0.0333),preliminary trademark / naming review required; invented word: clearance search needed,G2_near_high_frequency; G3_embedded_or_contains; G4_domain_names_commands; G6_clipped_boundary,3.7,4.845,fail,"text collision gates failed: G2_near_high_frequency, G3_embedded_or_contains, G4_domain_names_commands, G6_clipped_boundary"
950,generated,REJECTED (mechanical),angelica,angelica,AE0 N JH EH1 L IH0 K AH0,4,0-1-0-0,given_name,bare,angelica,NEW ASSISTANT IDENTITY - would replace or sit beside ARIA; Michael's decision,2,written form reads as intended; 2 dictionary pronunciations,7,9,8,,5,8.8,6,"anjelica 0.001%, angelic 0.002%, angelique 0.009%, angelia 0.017%, angelina 0.037%",7.0,3.3,0.326,evangelical (0.0); angelic (0.0); evangelicals (0.0); angelika (0.0),preliminary trademark / naming review required; personal name,G0_self_frequency; G2_near_high_frequency; G3_embedded_or_contains; G4_domain_names_commands; G7_accent_casual_variant,3.7,4.835,fail,"text collision gates failed: G0_self_frequency, G2_near_high_frequency, G3_embedded_or_contains, G4_domain_names_commands, G7_accent_casual_variant"
951,generated,REJECTED (mechanical),dolores,dolores,D AH0 L AO1 R IH0 S,3,0-1-0,given_name,bare,dolores,NEW ASSISTANT IDENTITY - would replace or sit beside ARIA; Michael's decision,0,written form reads as intended,9,9,8,,3,9.1,9,"doloris 0.002%, deloras 0.001%, delorse 0.001%, doris 0.335%, dorris 0.006%",6.1,3.0,0.304,delores (0.0); loris (0.0); doloris (0.0857); lorries (0.12),preliminary trademark / naming review required; personal name,G0_self_frequency; G2_near_high_frequency; G4_domain_names_commands,3.56,4.82,fail,"text collision gates failed: G0_self_frequency, G2_near_high_frequency, G4_domain_names_commands; common first name (0.129% of people): likely resident/staff name"
952,generated,REJECTED (mechanical),kestrel,kestrel,K EH1 S T R AH0 L,2,1-0,word_name,bare,kestrel,NEW ASSISTANT IDENTITY - would replace or sit beside ARIA; Michael's decision,0,written form reads as intended,5,7,7,,6,6.0,6,cantrell 0.01196%,8.1,3.0,0.301,Kestrel (0.0); orchestral (0.0); astral (0.0333); castrol (0.0857),preliminary trademark / naming review required,G2_near_high_frequency; G3_embedded_or_contains; G4_domain_names_commands,3.58,4.79,fail,"text collision gates failed: G2_near_high_frequency, G3_embedded_or_contains, G4_domain_names_commands; too short (2 syllables; minimum 3)"
953,generated,REJECTED (mechanical),serena,serena,S AH0 R IY1 N AH0,3,0-1-0,word_name,bare,serena,NEW ASSISTANT IDENTITY - would replace or sit beside ARIA; Michael's decision,0,written form reads as intended,9,9,7,,6,9.6,6,"celina 0.008%, salena 0.002%, salina 0.004%, salinas 0.027510000000000003%, sarina 0.002%",9.1,2.9,0.286,rena (0.0); rina (0.0); serena's (0.0); saarinen (0.0),preliminary trademark / naming review required,G0_self_frequency; G2_near_high_frequency; G3_embedded_or_contains; G4_domain_names_commands; G6_clipped_boundary,3.44,4.755,fail,"text collision gates failed: G0_self_frequency, G2_near_high_frequency, G3_embedded_or_contains, G4_domain_names_commands, G6_clipped_boundary"
954,generated,REJECTED (mechanical),melody,melody,M EH1 L AH0 D IY0,3,1-0-0,word_name,bare,melody,NEW ASSISTANT IDENTITY - would replace or sit beside ARIA; Michael's decision,0,written form reads as intended,10.0,9,7,,6,9.8,9,"melanie 0.116%, melany 0.002%, melonie 0.003%, melony 0.004%, melani 0.001%",7.3,2.9,0.286,melodies (0.0); malady (0.0333); maladies (0.0333); methazolamide (0.0583),preliminary trademark / naming review required,G0_self_frequency; G2_near_high_frequency; G3_embedded_or_contains; G4_domain_names_commands,3.36,4.745,fail,"text collision gates failed: G0_self_frequency, G2_near_high_frequency, G3_embedded_or_contains, G4_domain_names_commands"
955,generated,REJECTED (mechanical),peresa,peresa,P EH0 R EH1 S AH0,3,0-1-0,constructed,bare,peresa,NEW ASSISTANT IDENTITY - would replace or sit beside ARIA; Michael's decision,7,spelling suggests a different pronunciation (P ER0 IY1 S AH0),9,6,4,invented word looks less name-like than 78% of real first names; spelling does not show how to say it,8,4.3,9,"karisa 0.001%, terisa 0.001%, paris 0.004%, parris 0.00431%, perez 0.23108%",8.3,2.9,0.294,paris and (0.0333); paris agreement (0.0333); the paris agreement (0.0333); in paris and (0.0333),preliminary trademark / naming review required; invented word: clearance search needed,G2_near_high_frequency; G3_embedded_or_contains; G4_domain_names_commands; G6_clipped_boundary; G7_accent_casual_variant,4.06,4.745,fail,"text collision gates failed: G2_near_high_frequency, G3_embedded_or_contains, G4_domain_names_commands, G6_clipped_boundary, G7_accent_casual_variant"
956,generated,REJECTED (mechanical),haven,haven,HH EY1 V AH0 N,2,1-0,word_name,bare,haven,NEW ASSISTANT IDENTITY - would replace or sit beside ARIA; Michael's decision,0,written form reads as intended,8,8,7,,3,10.0,0,,10.0,2.6,0.265,raven (0.0); havens (0.0); maven (0.0); shaven (0.0),preliminary trademark / naming review required; common word: weak distinctiveness,G0_self_frequency; G2_near_high_frequency; G3_embedded_or_contains; G4_domain_names_commands; G6_clipped_boundary; G7_accent_casual_variant,4.12,4.74,fail,"text collision gates failed: G0_self_frequency, G2_near_high_frequency, G3_embedded_or_contains, G4_domain_names_commands, G6_clipped_boundary, G7_accent_casual_variant; too short (2 syllables; minimum 3)"
957,generated,REJECTED (mechanical),elinor,elinor,EH1 L IH0 N ER0,3,1-0-0,given_name,bare,elinor,NEW ASSISTANT IDENTITY - would replace or sit beside ARIA; Michael's decision,0,written form reads as intended,9,9,8,,5,8.4,9,"dellinger 0.00273%, eleanor 0.15%, elenor 0.004%, yelena 0.001%, eleonor 0.001%",8.9,2.7,0.268,ellyn (0.0); leaner (0.0375); milliner (0.04); ill in (0.05),preliminary trademark / naming review required; personal name,G3_embedded_or_contains; G4_domain_names_commands; G7_accent_casual_variant,3.08,4.735,fail,"text collision gates failed: G3_embedded_or_contains, G4_domain_names_commands, G7_accent_casual_variant"
958,generated,REJECTED (mechanical),verona,verona,V ER0 OW1 N AH0,3,0-1-0,word_name,bare,verona,NEW ASSISTANT IDENTITY - would replace or sit beside ARIA; Michael's decision,0,written form reads as intended,10.0,9,7,,6,9.9,9,"verena 0.002%, corona 0.01409%, lavona 0.001%, verna 0.048%, veronica 0.142%",7.1,2.7,0.268,own a (0.0); aroma (0.075); oma (0.1); thoroughness (0.114),preliminary trademark / naming review required,G0_self_frequency; G3_embedded_or_contains; G4_domain_names_commands; G6_clipped_boundary,3.34,4.715,fail,"text collision gates failed: G0_self_frequency, G3_embedded_or_contains, G4_domain_names_commands, G6_clipped_boundary"
959,generated,REJECTED (mechanical),elia,elia,AH0 L AY1 AH0,3,0-1-0,given_name,bare,elia,NEW ASSISTANT IDENTITY - would replace or sit beside ARIA; Michael's decision,0,written form reads as intended,9,8,8,,7,9.4,6,"elias 0.022%, adeline 0.018%, anneliese 0.003%, elia 0.007%",10.0,2.5,0.249,a lie (0.0); alliance (0.0); ally (0.0); a lion (0.0),preliminary trademark / naming review required; personal name,G2_near_high_frequency; G3_embedded_or_contains; G4_domain_names_commands; G6_clipped_boundary,3.22,4.695,fail,"text collision gates failed: G2_near_high_frequency, G3_embedded_or_contains, G4_domain_names_commands, G6_clipped_boundary"
960,generated,REJECTED (mechanical),dawn,dawn,D AO1 N,1,1,word_name,bare,dawn,NEW ASSISTANT IDENTITY - would replace or sit beside ARIA; Michael's decision,0,written form reads as intended,8,8,7,,3,10.0,0,,10.0,2.2,0.225,planned on (0.0); depend on (0.0); turned on the (0.0); cheated on (0.0),preliminary trademark / naming review required; common word: weak distinctiveness,G0_self_frequency; G2_near_high_frequency; G3_embedded_or_contains; G4_domain_names_commands; G7_accent_casual_variant; G8_speakability,4.04,4.68,fail,"text collision gates failed: G0_self_frequency, G2_near_high_frequency, G3_embedded_or_contains, G4_domain_names_commands, G7_accent_casual_variant, G8_speakability; too short (1 syllables; minimum 3)"
961,generated,REJECTED (mechanical),aria,AR-ee-uh,AA1 R IY0 AH0,3,1-0-0,aria,bare,aria,existing identity (ARIA),6,"written form reads as intended; also spoken AIR-ee-uh = 'area' (Room 214 false wakes, 2026-09-24)",9,9,8,,1,10.0,0,,10.0,2.5,0.249,mary about (0.0); mary admitted (0.0); Daria (0.0); hilarious (0.0),preliminary trademark / naming review required; existing assistant or product use known to the agent (unverified),G0_self_frequency; G2_near_high_frequency; G3_embedded_or_contains; G4_domain_names_commands; G7_accent_casual_variant,4.3,4.675,fail,"text collision gates failed: G0_self_frequency, G2_near_high_frequency, G3_embedded_or_contains, G4_domain_names_commands, G7_accent_casual_variant"
962,generated,REJECTED (mechanical),cardinal,cardinal,K AA1 R D AH0 N AH0 L,3,1-0-0,word_name,bare,cardinal,NEW ASSISTANT IDENTITY - would replace or sit beside ARIA; Michael's decision,2,written form reads as intended; 2 dictionary pronunciations,9,9,7,,6,10.0,6,"coronel 0.00263%, carden 0.0029%, cardenas 0.02632%, cardona 0.01109%, cardwell 0.004%",8.7,3.2,0.323,cardinals (0.0); cardinal's (0.0); dental (0.06); garden a (0.0643),preliminary trademark / naming review required,G0_self_frequency; G2_near_high_frequency; G3_embedded_or_contains; G4_domain_names_commands; G6_clipped_boundary; G7_accent_casual_variant,3.5,4.66,fail,"text collision gates failed: G0_self_frequency, G2_near_high_frequency, G3_embedded_or_contains, G4_domain_names_commands, G6_clipped_boundary, G7_accent_casual_variant"
963,generated,REJECTED (mechanical),caroline,caroline,K EH1 R AH0 L AY2 N,3,1-0-2,given_name,bare,caroline,NEW ASSISTANT IDENTITY - would replace or sit beside ARIA; Michael's decision,0,written form reads as intended,10.0,9,8,,5,10.0,9,"carolina 0.021%, carolann 0.003%, carylon 0.001%, terrilyn 0.001%, carolin 0.001%",8.5,3.0,0.304,carolina (0.0); carolina's (0.0); carolinas (0.0); caroline's (0.0),preliminary trademark / naming review required; personal name,G0_self_frequency; G2_near_high_frequency; G3_embedded_or_contains; G4_domain_names_commands; G6_clipped_boundary,3.1,4.65,fail,"text collision gates failed: G0_self_frequency, G2_near_high_frequency, G3_embedded_or_contains, G4_domain_names_commands, G6_clipped_boundary"
964,generated,REJECTED (mechanical),liberty,liberty,L IH1 B ER0 T IY2,3,1-0-2,word_name,bare,liberty,NEW ASSISTANT IDENTITY - would replace or sit beside ARIA; Michael's decision,0,written form reads as intended,9,9,7,,3,10.0,6,"albertina 0.002%, albertine 0.003%, heriberto 0.01%, lafferty 0.00352%",8.1,2.9,0.286,liberties (0.0); bertie (0.0); libertine (0.0); really dirty (0.0833),preliminary trademark / naming review required; common word: weak distinctiveness,G0_self_frequency; G4_domain_names_commands; G6_clipped_boundary,3.56,4.625,fail,"text collision gates failed: G0_self_frequency, G4_domain_names_commands, G6_clipped_boundary"
965,generated,REJECTED (mechanical),meadow,meadow,M EH1 D OW2,2,1-2,word_name,bare,meadow,NEW ASSISTANT IDENTITY - would replace or sit beside ARIA; Michael's decision,0,written form reads as intended,8,8,7,,6,9.5,6,"meadows 0.01509%, amado 0.005%, carmelo 0.009%, mello 0.00396%, melo 0.0033%",7.6,2.5,0.246,med (0.0); meadows (0.0); meadowlands (0.0); meadowlark (0.0),preliminary trademark / naming review required,G0_self_frequency; G3_embedded_or_contains; G4_domain_names_commands; G6_clipped_boundary,3.48,4.615,fail,"text collision gates failed: G0_self_frequency, G3_embedded_or_contains, G4_domain_names_commands, G6_clipped_boundary; too short (2 syllables; minimum 3)"
966,generated,REJECTED (mechanical),cascade,cascade,K AE0 S K EY1 D,2,0-1,word_name,bare,cascade,NEW ASSISTANT IDENTITY - would replace or sit beside ARIA; Michael's decision,0,written form reads as intended,6,8,7,,6,9.3,6,"gaskins 0.0035299999999999997%, castillo 0.07811%, kincaid 0.00613%",5.5,2.8,0.283,cascades (0.0); cade (0.0); cascading (0.0); kade (0.0),preliminary trademark / naming review required,G0_self_frequency; G4_domain_names_commands; G6_clipped_boundary,3.6,4.61,fail,"text collision gates failed: G0_self_frequency, G4_domain_names_commands, G6_clipped_boundary; too short (2 syllables; minimum 3)"
967,generated,REJECTED (mechanical),alisa,alisa,AH0 L IY1 S AH0,3,0-1-0,given_name,bare,alisa,NEW ASSISTANT IDENTITY - would replace or sit beside ARIA; Michael's decision,0,written form reads as intended,8,9,8,,5,9.3,6,"jaleesa 0.002%, malisa 0.002%, alecia 0.007%, aleisha 0.001%, alesha 0.004%",10.0,2.7,0.268,lisa (0.0); police and (0.0); police about (0.0); the police about (0.0),preliminary trademark / naming review required; personal name,G1_exact_common; G2_near_high_frequency; G3_embedded_or_contains; G4_domain_names_commands; G6_clipped_boundary,3.08,4.595,fail,"text collision gates failed: G1_exact_common, G2_near_high_frequency, G3_embedded_or_contains, G4_domain_names_commands, G6_clipped_boundary"
968,generated,REJECTED (mechanical),lark,lark,L AA1 R K,1,1,word_name,bare,lark,NEW ASSISTANT IDENTITY - would replace or sit beside ARIA; Michael's decision,0,written form reads as intended,6,8,7,,6,9.9,0,,10.0,2.4,0.243,block (0.0); clock (0.0); locked (0.0); clark (0.0),preliminary trademark / naming review required,G0_self_frequency; G2_near_high_frequency; G3_embedded_or_contains; G4_domain_names_commands; G6_clipped_boundary; G7_accent_casual_variant; G8_speakability,3.7,4.58,fail,"text collision gates failed: G0_self_frequency, G2_near_high_frequency, G3_embedded_or_contains, G4_domain_names_commands, G6_clipped_boundary, G7_accent_casual_variant, G8_speakability; too short (1 syllables; minimum 3)"
969,generated,REJECTED (mechanical),azalea,azalea,AH0 Z EY1 L Y AH0,3,0-1-0,word_name,bare,azalea,NEW ASSISTANT IDENTITY - would replace or sit beside ARIA; Michael's decision,0,written form reads as intended,7,9,7,,6,9.8,6,"velia 0.003%, ophelia 0.011%, thalia 0.002%, cecelia 0.032%, cecilia 0.055%",7.5,2.9,0.286,azaleas (0.0); brazilian (0.0583); brazilians (0.0583); brasilia (0.0583),preliminary trademark / naming review required,G0_self_frequency; G2_near_high_frequency; G3_embedded_or_contains; G4_domain_names_commands,3.32,4.575,fail,"text collision gates failed: G0_self_frequency, G2_near_high_frequency, G3_embedded_or_contains, G4_domain_names_commands"
970,generated,REJECTED (mechanical),zonesa,zonesa,Z OW0 N EH1 S AH0,3,0-1-0,constructed,bare,zonesa,NEW ASSISTANT IDENTITY - would replace or sit beside ARIA; Michael's decision,3,vowels may be read differently (Z OW0 N IY1 S AH0),8,7,4,invented word looks less name-like than 94% of real first names,8,6.0,9,"vanessa 0.111%, vannessa 0.002%, venessa 0.005%, janessa 0.002%, johnetta 0.003%",8.3,2.9,0.286,nessa (0.0); nasa (0.05); nyssa (0.05); nissa (0.05),preliminary trademark / naming review required; invented word: clearance search needed,G3_embedded_or_contains; G4_domain_names_commands; G6_clipped_boundary; G7_accent_casual_variant,3.52,4.555,fail,"text collision gates failed: G3_embedded_or_contains, G4_domain_names_commands, G6_clipped_boundary, G7_accent_casual_variant"
971,generated,REJECTED (mechanical),helena,helena,HH EH1 L AH0 N AH0,3,1-0-0,given_name,bare,helena,NEW ASSISTANT IDENTITY - would replace or sit beside ARIA; Michael's decision,0,written form reads as intended,10.0,9,8,,5,10.0,9,"helen 0.663%, hellen 0.005%, halina 0.002%, phelan 0.0035800000000000003%, helena 0.021%",9.4,2.9,0.286,helen (0.0); elena's (0.0); hellen (0.0); gallon of water (0.04),preliminary trademark / naming review required; personal name,G0_self_frequency; G2_near_high_frequency; G3_embedded_or_contains; G4_domain_names_commands; G6_clipped_boundary; G7_accent_casual_variant,2.9,4.545,fail,"text collision gates failed: G0_self_frequency, G2_near_high_frequency, G3_embedded_or_contains, G4_domain_names_commands, G6_clipped_boundary, G7_accent_casual_variant"
972,generated,REJECTED (mechanical),jacqueline,jacqueline,JH AE1 K W AH0 L IH0 N,3,1-0-0,given_name,bare,jacqueline,NEW ASSISTANT IDENTITY - would replace or sit beside ARIA; Michael's decision,2,written form reads as intended; 3 dictionary pronunciations,8,9,8,,3,9.7,9,"jacqualine 0.002%, jacquelyn 0.041%, jacquelynn 0.002%, jacquiline 0.002%, jacalyn 0.003%",5.8,3.3,0.327,jacqualine (0.0187); well in (0.06); jacquelyn (0.0625); jacquelynn (0.0625),preliminary trademark / naming review required; personal name,G0_self_frequency; G4_domain_names_commands; G6_clipped_boundary,3.36,4.525,fail,"text collision gates failed: G0_self_frequency, G4_domain_names_commands, G6_clipped_boundary; common first name (0.228% of people): likely resident/staff name"
973,generated,REJECTED (mechanical),antonia,antonia,AE0 N T OW1 N IY0 AH0,4,0-1-0-0,given_name,bare,antonia,NEW ASSISTANT IDENTITY - would replace or sit beside ARIA; Michael's decision,0,written form reads as intended,8,9,8,,5,9.7,9,"antonietta 0.002%, antonio 0.19%, antone 0.005%, antonina 0.003%, antony 0.008%",7.7,3.1,0.308,antonius (0.0); tonia (0.0); antoni (0.0833); antone (0.0833),preliminary trademark / naming review required; personal name,G2_near_high_frequency; G3_embedded_or_contains; G4_domain_names_commands; G6_clipped_boundary,2.94,4.505,fail,"text collision gates failed: G2_near_high_frequency, G3_embedded_or_contains, G4_domain_names_commands, G6_clipped_boundary"
974,generated,REJECTED (mechanical),beverly,beverly,B EH1 V ER0 L IY0,3,1-0-0,given_name,bare,beverly,NEW ASSISTANT IDENTITY - would replace or sit beside ARIA; Michael's decision,0,written form reads as intended,10.0,9,8,,3,9.8,9,beverly 0.267%,9.3,2.9,0.286,beverley (0.0); everly (0.0); would ever leave (0.0583); of early (0.06),preliminary trademark / naming review required; personal name,G0_self_frequency; G2_near_high_frequency; G3_embedded_or_contains; G6_clipped_boundary,2.96,4.495,fail,"text collision gates failed: G0_self_frequency, G2_near_high_frequency, G3_embedded_or_contains, G6_clipped_boundary; common first name (0.267% of people): likely resident/staff name"
975,generated,REJECTED (mechanical),jeremy,jeremy,JH EH1 R AH0 M IY2,3,1-0-2,given_name,bare,jeremy,NEW ASSISTANT IDENTITY - would replace or sit beside ARIA; Michael's decision,0,written form reads as intended,9,9,8,,3,10.0,9,"jaramillo 0.01246%, altagracia 0.004%, jeremiah 0.042%, bellamy 0.0058200000000000005%, geralyn 0.003%",7.4,2.9,0.286,jeremy's (0.0); rummy (0.0); jaromir (0.0583); jaramillo (0.0583),preliminary trademark / naming review required; personal name,G0_self_frequency; G4_domain_names_commands,3.1,4.495,fail,"text collision gates failed: G0_self_frequency, G4_domain_names_commands; common first name (0.242% of people): likely resident/staff name"
976,generated,REJECTED (mechanical),dahlia,dahlia,D AE1 L Y AH0,2,1-0,word_name,bare,dahlia,NEW ASSISTANT IDENTITY - would replace or sit beside ARIA; Michael's decision,0,written form reads as intended,7,8,7,,6,9.6,6,"dalia 0.006%, delia 0.029%, fidelia 0.001%, idalia 0.003%, evangelina 0.009%",7.3,2.6,0.265,medallion (0.0); medallions (0.0); gallia (0.07); dillion (0.08),preliminary trademark / naming review required,G2_near_high_frequency; G3_embedded_or_contains; G4_domain_names_commands,3.34,4.49,fail,"text collision gates failed: G2_near_high_frequency, G3_embedded_or_contains, G4_domain_names_commands; too short (2 syllables; minimum 3)"
977,generated,REJECTED (mechanical),ivory,ivory,AY1 V ER0 IY0,3,1-0-0,word_name,bare,ivory,NEW ASSISTANT IDENTITY - would replace or sit beside ARIA; Michael's decision,2,written form reads as intended; 2 dictionary pronunciations,9,9,7,,6,9.8,6,"navarrete 0.00822%, avery 0.011%, driver 0.00523%, iverson 0.0052699999999999995%, ivey 0.001%",10.0,2.5,0.249,ivor (0.0); iver (0.0); ivory (0.0); driver is (0.0375),preliminary trademark / naming review required,G0_self_frequency; G2_near_high_frequency; G3_embedded_or_contains; G4_domain_names_commands; G6_clipped_boundary,3.14,4.465,fail,"text collision gates failed: G0_self_frequency, G2_near_high_frequency, G3_embedded_or_contains, G4_domain_names_commands, G6_clipped_boundary"
978,generated,REJECTED (mechanical),savanna,savanna,S AH0 V AE1 N AH0,3,0-1-0,word_name,bare,savanna,NEW ASSISTANT IDENTITY - would replace or sit beside ARIA; Michael's decision,0,written form reads as intended,9,9,7,,6,9.6,9,"susanna 0.01%, suzanna 0.005%, shavonda 0.001%, sabina 0.005%, susannah 0.004%",9.0,2.9,0.286,savannah (0.0); of anna (0.0); vanna (0.0); savannas (0.0),preliminary trademark / naming review required,G1_exact_common; G2_near_high_frequency; G3_embedded_or_contains; G4_domain_names_commands; G6_clipped_boundary,2.86,4.465,fail,"text collision gates failed: G1_exact_common, G2_near_high_frequency, G3_embedded_or_contains, G4_domain_names_commands, G6_clipped_boundary"
979,generated,REJECTED (mechanical),harmony,harmony,HH AA1 R M AH0 N IY0,3,1-0-0,word_name,bare,harmony,NEW ASSISTANT IDENTITY - would replace or sit beside ARIA; Michael's decision,0,written form reads as intended,9,9,7,,3,10.0,6,"harman 0.00497%, harmon 0.02534%, herminia 0.008%, hermelinda 0.004%, holman 0.01112%",10.0,3.0,0.304,money (0.0); harmon (0.0); harmonies (0.0); harman (0.0),preliminary trademark / naming review required; common word: weak distinctiveness,G0_self_frequency; G2_near_high_frequency; G3_embedded_or_contains; G4_domain_names_commands; G6_clipped_boundary; G7_accent_casual_variant,3.2,4.45,fail,"text collision gates failed: G0_self_frequency, G2_near_high_frequency, G3_embedded_or_contains, G4_domain_names_commands, G6_clipped_boundary, G7_accent_casual_variant"
980,generated,REJECTED (mechanical),eleanor,eleanor,EH1 L AH0 N AO0 R,3,1-0-0,given_name,bare,eleanor,NEW ASSISTANT IDENTITY - would replace or sit beside ARIA; Michael's decision,2,written form reads as intended; 2 dictionary pronunciations,9,9,8,,3,9.8,9,"eleanora 0.003%, elenora 0.002%, elinore 0.001%, elmore 0.00874%, eleonore 0.001%",7.4,2.9,0.286,lenore (0.0); eleanor's (0.0); eleanora (0.0); elenora (0.0),preliminary trademark / naming review required; personal name,G0_self_frequency; G3_embedded_or_contains; G4_domain_names_commands; G6_clipped_boundary; G7_accent_casual_variant,3.14,4.435,fail,"text collision gates failed: G0_self_frequency, G3_embedded_or_contains, G4_domain_names_commands, G6_clipped_boundary, G7_accent_casual_variant; common first name (0.15% of people): likely resident/staff name"
981,generated,REJECTED (mechanical),daylight,daylight,D EY1 L AY2 T,2,1-2,word_name,bare,daylight,NEW ASSISTANT IDENTITY - would replace or sit beside ARIA; Michael's decision,0,written form reads as intended,8,8,7,,6,10.0,6,delacruz 0.02445%,8.6,2.6,0.265,light (0.0); lite (0.0); daylights (0.0); lout (0.05),preliminary trademark / naming review required,G0_self_frequency; G2_near_high_frequency; G3_embedded_or_contains; G4_domain_names_commands; G6_clipped_boundary,3.2,4.43,fail,"text collision gates failed: G0_self_frequency, G2_near_high_frequency, G3_embedded_or_contains, G4_domain_names_commands, G6_clipped_boundary; too short (2 syllables; minimum 3)"
982,generated,REJECTED (mechanical),everly,everly,EH1 V ER0 L IY0,3,1-0-0,word_name,bare,everly,NEW ASSISTANT IDENTITY - would replace or sit beside ARIA; Michael's decision,0,written form reads as intended,9,9,7,,6,9.2,9,"beverlee 0.002%, beverley 0.008%, beverly 0.267%, evelyne 0.002%, evelina 0.002%",10.0,2.7,0.268,never leave (0.0); beverly (0.0); ever leave (0.0); never leave early (0.0),preliminary trademark / naming review required,G2_near_high_frequency; G3_embedded_or_contains; G4_domain_names_commands,2.7,4.415,fail,"text collision gates failed: G2_near_high_frequency, G3_embedded_or_contains, G4_domain_names_commands"
983,generated,REJECTED (mechanical),lillian,lillian,L IH1 L IY0 AH0 N,3,1-0-0,given_name,bare,lillian,NEW ASSISTANT IDENTITY - would replace or sit beside ARIA; Michael's decision,0,written form reads as intended,9,9,8,,3,9.1,9,"liliana 0.01%, lilliam 0.001%, lilliana 0.001%, lilian 0.011%, gillian 0.006%",10.0,2.9,0.286,lilian (0.0); lily and (0.0); liliane (0.0); lilia (0.03),preliminary trademark / naming review required; personal name,G0_self_frequency; G2_near_high_frequency; G3_embedded_or_contains; G4_domain_names_commands; G6_clipped_boundary,2.76,4.415,fail,"text collision gates failed: G0_self_frequency, G2_near_high_frequency, G3_embedded_or_contains, G4_domain_names_commands, G6_clipped_boundary; common first name (0.211% of people): likely resident/staff name"
984,generated,REJECTED (mechanical),anderson,anderson,AE1 N D ER0 S AH0 N,3,1-0-0,given_name,bare,anderson,NEW ASSISTANT IDENTITY - would replace or sit beside ARIA; Michael's decision,0,written form reads as intended,7,8,8,,7,10.0,6,"sanderson 0.00827%, henderson 0.07404000000000001%, gunderson 0.00466%, edmondson 0.00458%, masterson 0.00411%",9.4,3.0,0.304,andersen (0.0); sanderson (0.0); anderson's (0.0); andersson (0.0),preliminary trademark / naming review required; personal name,G0_self_frequency; G1_exact_common; G2_near_high_frequency; G3_embedded_or_contains; G4_domain_names_commands,2.92,4.41,fail,"text collision gates failed: G0_self_frequency, G1_exact_common, G2_near_high_frequency, G3_embedded_or_contains, G4_domain_names_commands"
985,generated,REJECTED (mechanical),starling,starling,S T AA1 R L IH0 NG,2,1-0,word_name,bare,starling,NEW ASSISTANT IDENTITY - would replace or sit beside ARIA; Michael's decision,0,written form reads as intended,6,8,7,,6,8.8,6,"scarlett 0.004%, darling 0.0064%, starla 0.004%, sterling 0.016%, spalding 0.00292%",9.0,3.0,0.301,ling (0.0); lyng (0.0); stallings (0.0333); starlin (0.05),preliminary trademark / naming review required,G0_self_frequency; G2_near_high_frequency; G4_domain_names_commands; G6_clipped_boundary; G7_accent_casual_variant,3.04,4.39,fail,"text collision gates failed: G0_self_frequency, G2_near_high_frequency, G4_domain_names_commands, G6_clipped_boundary, G7_accent_casual_variant; too short (2 syllables; minimum 3)"
986,generated,REJECTED (mechanical),savannah,savannah,S AH0 V AE1 N AH0,3,0-1-0,word_name,bare,savannah,NEW ASSISTANT IDENTITY - would replace or sit beside ARIA; Michael's decision,0,written form reads as intended,9,9,7,,6,10.0,9,"susanna 0.01%, suzanna 0.005%, shavonda 0.001%, sabina 0.005%, susannah 0.004%",9.0,2.9,0.286,savanna (0.0); of anna (0.0); vanna (0.0); savannas (0.0),preliminary trademark / naming review required,G0_self_frequency; G2_near_high_frequency; G3_embedded_or_contains; G4_domain_names_commands; G6_clipped_boundary,2.78,4.385,fail,"text collision gates failed: G0_self_frequency, G2_near_high_frequency, G3_embedded_or_contains, G4_domain_names_commands, G6_clipped_boundary; same sound as 'savanna'"
987,generated,REJECTED (mechanical),opal,opal,OW1 P AH0 L,2,1-0,word_name,bare,opal,NEW ASSISTANT IDENTITY - would replace or sit beside ARIA; Michael's decision,0,written form reads as intended,7,8,7,,6,9.0,6,"coble 0.00312%, goble 0.0030600000000000002%, goebel 0.00307%, noble 0.005%, nobles 0.0044%",10.0,2.5,0.246,constantinople (0.0); geopolitical (0.0); hope alive (0.0); opel (0.0),preliminary trademark / naming review required,G0_self_frequency; G2_near_high_frequency; G3_embedded_or_contains; G4_domain_names_commands,2.9,4.325,fail,"text collision gates failed: G0_self_frequency, G2_near_high_frequency, G3_embedded_or_contains, G4_domain_names_commands; too short (2 syllables; minimum 3)"
988,generated,REJECTED (mechanical),patience,patience,P EY1 SH AH0 N S,2,1-0,word_name,bare,patience,NEW ASSISTANT IDENTITY - would replace or sit beside ARIA; Michael's decision,0,written form reads as intended,5,8,7,,3,10.0,0,,10.0,2.8,0.283,impatience (0.0); occupation forces (0.04); the occupation forces (0.04); education system (0.0583),preliminary trademark / naming review required; common word: weak distinctiveness,G0_self_frequency; G2_near_high_frequency; G3_embedded_or_contains; G4_domain_names_commands; G6_clipped_boundary,3.56,4.32,fail,"text collision gates failed: G0_self_frequency, G2_near_high_frequency, G3_embedded_or_contains, G4_domain_names_commands, G6_clipped_boundary; too short (2 syllables; minimum 3)"
989,generated,REJECTED (mechanical),rosemary,rosemary,R OW1 Z M EH2 R IY0,3,1-2-0,word_name,bare,rosemary,NEW ASSISTANT IDENTITY - would replace or sit beside ARIA; Michael's decision,0,written form reads as intended,7,9,7,,6,10.0,6,"rosamaria 0.001%, rosemarie 0.035%, rosalee 0.007%, rosalie 0.039%",9.9,3.0,0.304,mary (0.0); marry (0.0); merry (0.0); owes mary (0.0),preliminary trademark / naming review required,G0_self_frequency; G2_near_high_frequency; G3_embedded_or_contains; G4_domain_names_commands; G6_clipped_boundary,2.82,4.31,fail,"text collision gates failed: G0_self_frequency, G2_near_high_frequency, G3_embedded_or_contains, G4_domain_names_commands, G6_clipped_boundary"
990,generated,REJECTED (mechanical),beacon,beacon,B IY1 K AH0 N,2,1-0,word_name,bare,beacon,NEW ASSISTANT IDENTITY - would replace or sit beside ARIA; Michael's decision,0,written form reads as intended,8,8,7,,6,10.0,6,"bacon 0.010119999999999999%, deaton 0.0047599999999999995%, begum 0.00415%, batten 0.00262%, bickel 0.0023799999999999997%",10.0,2.6,0.265,can (0.0); be confused (0.0); be considered (0.0); be concerned (0.0),preliminary trademark / naming review required,G0_self_frequency; G2_near_high_frequency; G3_embedded_or_contains; G4_domain_names_commands; G6_clipped_boundary,2.92,4.29,fail,"text collision gates failed: G0_self_frequency, G2_near_high_frequency, G3_embedded_or_contains, G4_domain_names_commands, G6_clipped_boundary; too short (2 syllables; minimum 3)"
991,generated,REJECTED (mechanical),emery,emery,EH1 M ER0 IY0,3,1-0-0,given_name,bare,emery,NEW ASSISTANT IDENTITY - would replace or sit beside ARIA; Michael's decision,0,written form reads as intended,9,9,8,,5,10.0,9,"federico 0.01%, frederica 0.002%, gregory 0.441%, annmarie 0.009%, clemmie 0.002%",10.0,2.5,0.249,memory (0.0); memories (0.0); memory care (0.0); murray (0.0),preliminary trademark / naming review required; personal name,G0_self_frequency; G1_exact_common; G2_near_high_frequency; G3_embedded_or_contains; G4_domain_names_commands; G6_clipped_boundary,2.5,4.275,fail,"text collision gates failed: G0_self_frequency, G1_exact_common, G2_near_high_frequency, G3_embedded_or_contains, G4_domain_names_commands, G6_clipped_boundary"
992,generated,REJECTED (mechanical),solace,solace,S AA1 L AH0 S,2,1-0,word_name,bare,solace,NEW ASSISTANT IDENTITY - would replace or sit beside ARIA; Michael's decision,2,written form reads as intended; 2 dictionary pronunciations,6,8,7,,6,9.1,6,"aracelis 0.002%, gonzales 0.0728%, silas 0.009%, saleh 0.00327%, phylis 0.004%",8.0,2.6,0.265,sala (0.0); lush (0.04); all us (0.05); aleph (0.06),preliminary trademark / naming review required,G0_self_frequency; G2_near_high_frequency; G3_embedded_or_contains; G4_domain_names_commands; G5_distress_vocabulary; G6_clipped_boundary,3.1,4.27,fail,"text collision gates failed: G0_self_frequency, G2_near_high_frequency, G3_embedded_or_contains, G4_domain_names_commands, G5_distress_vocabulary, G6_clipped_boundary; too short (2 syllables; minimum 3)"
993,generated,REJECTED (mechanical),sparrow,sparrow,S P EH1 R OW0,2,1-0,word_name,bare,sparrow,NEW ASSISTANT IDENTITY - would replace or sit beside ARIA; Michael's decision,0,written form reads as intended,6,8,7,,6,10.0,6,"shapiro 0.00825%, cisneros 0.01726%, sperry 0.00263%, spear 0.0045%, spearman 0.00278%",7.2,2.6,0.265,spare (0.0); sparrows (0.0); birth parents (0.024); both parents (0.024),preliminary trademark / naming review required,G0_self_frequency; G2_near_high_frequency; G3_embedded_or_contains; G4_domain_names_commands; G6_clipped_boundary; G7_accent_casual_variant,3.08,4.27,fail,"text collision gates failed: G0_self_frequency, G2_near_high_frequency, G3_embedded_or_contains, G4_domain_names_commands, G6_clipped_boundary, G7_accent_casual_variant; too short (2 syllables; minimum 3)"
994,generated,REJECTED (mechanical),briar,briar,B R AY1 ER0,2,1-0,word_name,bare,briar,NEW ASSISTANT IDENTITY - would replace or sit beside ARIA; Michael's decision,0,written form reads as intended,7,8,7,,6,8.6,9,"brower 0.00507%, grier 0.0047%, pryor 0.00943%, brian 0.736%, bryan 0.19%",8.4,2.5,0.246,brier (0.0); brierley (0.0); broward (0.0375); brower (0.0375),preliminary trademark / naming review required,G2_near_high_frequency; G3_embedded_or_contains; G4_domain_names_commands; G6_clipped_boundary,2.7,4.265,fail,"text collision gates failed: G2_near_high_frequency, G3_embedded_or_contains, G4_domain_names_commands, G6_clipped_boundary; too short (2 syllables; minimum 3)"
995,generated,REJECTED (mechanical),christina,christina,K R IH0 S T IY1 N AH0,3,0-1-0,given_name,bare,christina,NEW ASSISTANT IDENTITY - would replace or sit beside ARIA; Michael's decision,0,written form reads as intended,8,9,8,,3,9.8,9,"christeen 0.002%, christene 0.003%, christine 0.382%, christinia 0.001%, cristine 0.004%",9.3,3.2,0.323,christine (0.0); tina (0.0); cristina (0.0); kristina (0.0),preliminary trademark / naming review required; personal name,G0_self_frequency; G1_exact_common; G2_near_high_frequency; G3_embedded_or_contains; G4_domain_names_commands; G6_clipped_boundary; G7_accent_casual_variant,2.62,4.24,fail,"text collision gates failed: G0_self_frequency, G1_exact_common, G2_near_high_frequency, G3_embedded_or_contains, G4_domain_names_commands, G6_clipped_boundary, G7_accent_casual_variant; common first name (0.275% of people): likely resident/staff name"
996,generated,REJECTED (mechanical),cypress,cypress,S AY1 P R AH0 S,2,1-0,word_name,bare,cypress,NEW ASSISTANT IDENTITY - would replace or sit beside ARIA; Michael's decision,2,written form reads as intended; 2 dictionary pronunciations,5,8,7,,6,10.0,3,"cyrus 0.007%, silas 0.009%",8.3,2.8,0.283,cyprus (0.0); russ (0.0); rus (0.0); russe (0.0),preliminary trademark / naming review required,G0_self_frequency; G1_exact_common; G2_near_high_frequency; G3_embedded_or_contains; G4_domain_names_commands; G6_clipped_boundary,3.3,4.24,fail,"text collision gates failed: G0_self_frequency, G1_exact_common, G2_near_high_frequency, G3_embedded_or_contains, G6_clipped_boundary; too short (2 syllables; minimum 3)"
997,generated,REJECTED (mechanical),cedar,cedar,S IY1 D ER0,2,1-0,word_name,bare,cedar,NEW ASSISTANT IDENTITY - would replace or sit beside ARIA; Michael's decision,0,written form reads as intended,7,8,7,,6,10.0,6,"cedric 0.029%, isidra 0.002%, cesar 0.034%, segal 0.0027%, siegel 0.0073%",8.9,2.5,0.246,seed (0.0); cede (0.0); cedars (0.0); cedar (0.0),preliminary trademark / naming review required,G0_self_frequency; G2_near_high_frequency; G3_embedded_or_contains; G4_domain_names_commands; G6_clipped_boundary,2.92,4.235,fail,"text collision gates failed: G0_self_frequency, G2_near_high_frequency, G3_embedded_or_contains, G4_domain_names_commands, G6_clipped_boundary; too short (2 syllables; minimum 3)"
998,generated,REJECTED (mechanical),barbara,barbara,B AA1 R B ER0 AH0,3,1-0-0,given_name,bare,barbara,NEW ASSISTANT IDENTITY - would replace or sit beside ARIA; Michael's decision,2,written form reads as intended; 2 dictionary pronunciations,9,9,8,,3,10.0,9,"barbra 0.015%, barber 0.02673%, barbour 0.004900000000000001%, garber 0.00429%, barba 0.0037400000000000003%",9.1,2.9,0.286,Barbara (0.0); barber (0.0); barbour (0.0); barbarous (0.0),preliminary trademark / naming review required; personal name,G0_self_frequency; G4_domain_names_commands; G6_clipped_boundary,2.76,4.225,fail,"text collision gates failed: G0_self_frequency, G4_domain_names_commands, G6_clipped_boundary; common first name (0.98% of people): likely resident/staff name"
999,generated,REJECTED (mechanical),sterling,sterling,S T ER1 L IH0 NG,2,1-0,word_name,bare,sterling,NEW ASSISTANT IDENTITY - would replace or sit beside ARIA; Michael's decision,0,written form reads as intended,6,8,7,,3,10.0,3,"easterling 0.0028599999999999997%, stallings 0.005849999999999999%, sturgeon 0.0030499999999999998%, starling 0.0033900000000000002%, spring 0.002%",9.5,2.8,0.283,ling (0.0); stirling (0.0); sterling's (0.0); lyng (0.0),preliminary trademark / naming review required; common word: weak distinctiveness,G0_self_frequency; G1_exact_common; G2_near_high_frequency; G3_embedded_or_contains; G4_domain_names_commands; G7_accent_casual_variant,3.26,4.22,fail,"text collision gates failed: G0_self_frequency, G1_exact_common, G2_near_high_frequency, G3_embedded_or_contains, G7_accent_casual_variant; too short (2 syllables; minimum 3)"
1000,generated,REJECTED (mechanical),stephanie,stephanie,S T EH1 F AH0 N IY0,3,1-0-0,given_name,bare,stephanie,NEW ASSISTANT IDENTITY - would replace or sit beside ARIA; Michael's decision,0,written form reads as intended,8,9,8,,3,10.0,9,stephanie 0.4%,8.9,3.0,0.304,funny (0.0); stephan (0.0); stefani (0.0); steffen (0.0),preliminary trademark / naming review required; personal name,G0_self_frequency; G2_near_high_frequency; G3_embedded_or_contains; G4_domain_names_commands; G6_clipped_boundary,2.62,4.21,fail,"text collision gates failed: G0_self_frequency, G2_near_high_frequency, G3_embedded_or_contains, G4_domain_names_commands, G6_clipped_boundary; common first name (0.4% of people): likely resident/staff name"
1001,generated,REJECTED (mechanical),lantern,lantern,L AE1 N T ER0 N,2,1-0,word_name,bare,lantern,NEW ASSISTANT IDENTITY - would replace or sit beside ARIA; Michael's decision,0,written form reads as intended,6,8,7,,6,10.0,6,"blanton 0.00819%, clanton 0.0027%, clinton 0.065%, linton 0.00487%, blanchard 0.01278%",8.3,2.8,0.283,turn (0.0); lanterns (0.0); in turn (0.08); intern (0.08),preliminary trademark / naming review required,G0_self_frequency; G3_embedded_or_contains; G4_domain_names_commands; G6_clipped_boundary,2.9,4.19,fail,"text collision gates failed: G0_self_frequency, G3_embedded_or_contains, G4_domain_names_commands, G6_clipped_boundary; too short (2 syllables; minimum 3)"
1002,generated,REJECTED (mechanical),summit,summit,S AH1 M AH0 T,2,1-0,word_name,bare,summit,NEW ASSISTANT IDENTITY - would replace or sit beside ARIA; Michael's decision,2,written form reads as intended; 2 dictionary pronunciations,7,8,7,,3,10.0,3,"sumpter 0.0027%, maxima 0.001%",10.0,2.6,0.265,approximately (0.0); approximate (0.0); some attention (0.0); consummate (0.0),preliminary trademark / naming review required; common word: weak distinctiveness,G0_self_frequency; G2_near_high_frequency; G3_embedded_or_contains; G4_domain_names_commands; G6_clipped_boundary,3.32,4.19,fail,"text collision gates failed: G0_self_frequency, G2_near_high_frequency, G3_embedded_or_contains, G6_clipped_boundary; too short (2 syllables; minimum 3)"
1003,generated,REJECTED (mechanical),ruby,ruby,R UW1 B IY0,2,1-0,word_name,bare,ruby,NEW ASSISTANT IDENTITY - would replace or sit beside ARIA; Michael's decision,0,written form reads as intended,7,8,7,,6,9.9,6,"covarrubias 0.00617%, rubio 0.01722%, rubin 0.006%, rudy 0.034%, trudi 0.002%",10.0,2.5,0.246,rubio (0.0); rubies (0.0); rube (0.0); ruby's (0.0),preliminary trademark / naming review required,G0_self_frequency; G2_near_high_frequency; G3_embedded_or_contains; G4_domain_names_commands; G6_clipped_boundary,2.72,4.145,fail,"text collision gates failed: G0_self_frequency, G2_near_high_frequency, G3_embedded_or_contains, G4_domain_names_commands, G6_clipped_boundary; too short (2 syllables; minimum 3)"
1004,generated,REJECTED (mechanical),aspen,aspen,AE1 S P AH0 N,2,1-0,word_name,bare,aspen,NEW ASSISTANT IDENTITY - would replace or sit beside ARIA; Michael's decision,0,written form reads as intended,5,8,7,,6,9.3,6,"castanon 0.0026%, gaston 0.004%, ashton 0.004%, afton 0.003%, sebastian 0.01%",8.4,2.6,0.265,spun (0.0); pun (0.0); grasp and (0.0); espanola (0.04),preliminary trademark / naming review required,G0_self_frequency; G2_near_high_frequency; G3_embedded_or_contains; G4_domain_names_commands; G6_clipped_boundary,2.78,4.14,fail,"text collision gates failed: G0_self_frequency, G2_near_high_frequency, G3_embedded_or_contains, G4_domain_names_commands, G6_clipped_boundary; too short (2 syllables; minimum 3)"
1005,generated,REJECTED (mechanical),clover,clover,K L OW1 V ER0,2,1-0,word_name,bare,clover,NEW ASSISTANT IDENTITY - would replace or sit beside ARIA; Michael's decision,0,written form reads as intended,7,8,7,,6,10.0,6,"grover 0.016%, glover 0.022670000000000003%, cromer 0.0027%, close 0.00321%",10.0,2.6,0.265,clove (0.0); cloverleaf (0.0); closer (0.048); clothe (0.05),preliminary trademark / naming review required,G0_self_frequency; G2_near_high_frequency; G3_embedded_or_contains; G4_domain_names_commands; G6_clipped_boundary,2.72,4.14,fail,"text collision gates failed: G0_self_frequency, G2_near_high_frequency, G3_embedded_or_contains, G4_domain_names_commands, G6_clipped_boundary; too short (2 syllables; minimum 3)"
1006,generated,REJECTED (mechanical),amber,amber,AE1 M B ER0,2,1-0,word_name,bare,amber,NEW ASSISTANT IDENTITY - would replace or sit beside ARIA; Michael's decision,0,written form reads as intended,6,8,7,,6,9.9,6,"amberly 0.001%, lambert 0.031760000000000004%, kemberly 0.001%, pemberton 0.00382%",8.6,2.5,0.246,lambert (0.0); hamburg (0.0); hamburger (0.0); lamborghini (0.0),preliminary trademark / naming review required,G0_self_frequency; G2_near_high_frequency; G3_embedded_or_contains; G4_domain_names_commands,2.8,4.135,fail,"text collision gates failed: G0_self_frequency, G2_near_high_frequency, G3_embedded_or_contains, G4_domain_names_commands; too short (2 syllables; minimum 3)"
1007,generated,REJECTED (mechanical),willow,willow,W IH1 L OW2,2,1-2,word_name,bare,willow,NEW ASSISTANT IDENTITY - would replace or sit beside ARIA; Michael's decision,0,written form reads as intended,7,8,7,,6,10.0,6,"willodean 0.001%, willa 0.016%, willoughby 0.00546%, jaramillo 0.01246%, camarillo 0.00375%",10.0,2.5,0.246,will (0.0); we'll (0.0); will only (0.0); will open (0.0),preliminary trademark / naming review required,G0_self_frequency; G2_near_high_frequency; G3_embedded_or_contains; G4_domain_names_commands; G6_clipped_boundary,2.7,4.125,fail,"text collision gates failed: G0_self_frequency, G2_near_high_frequency, G3_embedded_or_contains, G4_domain_names_commands, G6_clipped_boundary; too short (2 syllables; minimum 3)"
1008,generated,REJECTED (mechanical),birch,birch,B ER1 CH,1,1,word_name,bare,birch,NEW ASSISTANT IDENTITY - would replace or sit beside ARIA; Michael's decision,0,written form reads as intended,7,8,7,,6,9.4,9,"burchett 0.00282%, birgit 0.002%, burgess 0.02506%, albert 0.314%, alberta 0.052%",8.2,2.2,0.225,burch (0.0); burchill (0.0); birch (0.0); cobertura (0.0),preliminary trademark / naming review required,G0_self_frequency; G2_near_high_frequency; G3_embedded_or_contains; G4_domain_names_commands; G8_speakability,2.52,4.08,fail,"text collision gates failed: G0_self_frequency, G2_near_high_frequency, G3_embedded_or_contains, G4_domain_names_commands, G8_speakability; too short (1 syllables; minimum 3)"
1009,generated,REJECTED (mechanical),pearl,pearl,P ER1 L,1,1,word_name,bare,pearl,NEW ASSISTANT IDENTITY - would replace or sit beside ARIA; Michael's decision,0,written form reads as intended,8,8,7,,3,10.0,6,"pearlene 0.002%, pearlie 0.013%, pearline 0.006%, pearly 0.001%, perla 0.005%",10.0,2.2,0.225,properly (0.0); up early (0.0); get up early (0.0); got up early (0.0),preliminary trademark / naming review required; common word: weak distinctiveness,G0_self_frequency; G3_embedded_or_contains; G4_domain_names_commands; G8_speakability,2.84,4.08,fail,"text collision gates failed: G0_self_frequency, G3_embedded_or_contains, G4_domain_names_commands, G8_speakability; too short (1 syllables; minimum 3)"
1010,generated,REJECTED (mechanical),harbor,harbor,HH AA1 R B ER0,2,1-0,word_name,bare,harbor,NEW ASSISTANT IDENTITY - would replace or sit beside ARIA; Michael's decision,0,written form reads as intended,7,8,7,,3,10.0,6,"harder 0.00328%, harper 0.04219%, harter 0.0034%, scarborough 0.00415%, hargrave 0.00239%",9.3,2.6,0.265,harbour (0.0); barber (0.0); arbor (0.0); barbour (0.0),preliminary trademark / naming review required; common word: weak distinctiveness,G0_self_frequency; G1_exact_common; G2_near_high_frequency; G3_embedded_or_contains; G4_domain_names_commands; G6_clipped_boundary; G7_accent_casual_variant,2.86,4.06,fail,"text collision gates failed: G0_self_frequency, G1_exact_common, G2_near_high_frequency, G3_embedded_or_contains, G4_domain_names_commands, G6_clipped_boundary, G7_accent_casual_variant; too short (2 syllables; minimum 3)"
1011,generated,REJECTED (mechanical),coral,coral,K AO1 R AH0 L,2,1-0,word_name,bare,coral,NEW ASSISTANT IDENTITY - would replace or sit beside ARIA; Michael's decision,0,written form reads as intended,8,8,7,,6,10.0,9,"coralee 0.001%, coralie 0.001%, carol 0.565%, carole 0.071%, carrol 0.005%",9.5,2.6,0.265,oral (0.0); correlation (0.0); correlated (0.0); cora (0.0),preliminary trademark / naming review required,G0_self_frequency; G1_exact_common; G2_near_high_frequency; G3_embedded_or_contains; G4_domain_names_commands; G6_clipped_boundary; G7_accent_casual_variant,2.42,4.04,fail,"text collision gates failed: G0_self_frequency, G1_exact_common, G2_near_high_frequency, G3_embedded_or_contains, G4_domain_names_commands, G6_clipped_boundary, G7_accent_casual_variant; too short (2 syllables; minimum 3)"
1012,generated,REJECTED (mechanical),heron,heron,HH EH1 R AH0 N,2,1-0,word_name,bare,heron,NEW ASSISTANT IDENTITY - would replace or sit beside ARIA; Michael's decision,0,written form reads as intended,8,8,7,,6,9.8,9,"sharon 0.522%, sheron 0.003%, sherron 0.003%, theron 0.008%, helen 0.663%",10.0,2.6,0.265,run (0.0); aaron (0.0); karen (0.0); hair and (0.0),preliminary trademark / naming review required,G0_self_frequency; G2_near_high_frequency; G3_embedded_or_contains; G4_domain_names_commands; G6_clipped_boundary; G7_accent_casual_variant,2.36,4.03,fail,"text collision gates failed: G0_self_frequency, G2_near_high_frequency, G3_embedded_or_contains, G4_domain_names_commands, G6_clipped_boundary, G7_accent_casual_variant; too short (2 syllables; minimum 3)"
1013,generated,REJECTED (mechanical),linden,linden,L IH1 N D AH0 N,2,1-0,word_name,bare,linden,NEW ASSISTANT IDENTITY - would replace or sit beside ARIA; Michael's decision,0,written form reads as intended,6,8,7,,6,10.0,6,"mclendon 0.00287%, mcclendon 0.00639%, landon 0.008%, clinton 0.065%, linton 0.00487%",10.0,2.8,0.283,done (0.0); linda (0.0); dunn (0.0); dun (0.0),preliminary trademark / naming review required,G0_self_frequency; G1_exact_common; G2_near_high_frequency; G3_embedded_or_contains; G4_domain_names_commands; G6_clipped_boundary,2.56,4.02,fail,"text collision gates failed: G0_self_frequency, G1_exact_common, G2_near_high_frequency, G3_embedded_or_contains, G4_domain_names_commands, G6_clipped_boundary; too short (2 syllables; minimum 3)"
1014,generated,REJECTED (mechanical),autumn,autumn,AO1 T AH0 M,2,1-0,word_name,bare,autumn,NEW ASSISTANT IDENTITY - would replace or sit beside ARIA; Michael's decision,0,written form reads as intended,7,8,7,,3,10.0,6,"broughton 0.0041600000000000005%, cotton 0.01131%, houghton 0.00379%, lawton 0.0046500000000000005%, latimer 0.0033%",10.0,2.5,0.246,automatically (0.0); automatic (0.0); automobile (0.0); automotive (0.0),preliminary trademark / naming review required; common word: weak distinctiveness,G0_self_frequency; G2_near_high_frequency; G3_embedded_or_contains; G4_domain_names_commands; G6_clipped_boundary; G7_accent_casual_variant,2.7,3.975,fail,"text collision gates failed: G0_self_frequency, G2_near_high_frequency, G3_embedded_or_contains, G4_domain_names_commands, G6_clipped_boundary, G7_accent_casual_variant; too short (2 syllables; minimum 3)"
1015,generated,REJECTED (mechanical),sage,sage,S EY1 JH,1,1,word_name,bare,sage,NEW ASSISTANT IDENTITY - would replace or sit beside ARIA; Michael's decision,0,written form reads as intended,6,8,7,,6,9.8,6,"macedo 0.0028599999999999997%, sade 0.003%, sauceda 0.00376%, saucedo 0.0103%, sager 0.00357%",10.0,2.2,0.225,space agency (0.0); s space agency (0.0); space agency nasa (0.0); ice age (0.0),preliminary trademark / naming review required,G0_self_frequency; G2_near_high_frequency; G3_embedded_or_contains; G4_domain_names_commands; G8_speakability,2.48,3.97,fail,"text collision gates failed: G0_self_frequency, G2_near_high_frequency, G3_embedded_or_contains, G4_domain_names_commands, G8_speakability; too short (1 syllables; minimum 3)"
1016,generated,REJECTED (mechanical),hazel,hazel,HH EY1 Z AH0 L,2,1-0,word_name,bare,hazel,NEW ASSISTANT IDENTITY - would replace or sit beside ARIA; Michael's decision,0,written form reads as intended,7,8,7,,6,9.4,9,"hasan 0.00318%, hazen 0.0025499999999999997%, havens 0.0039700000000000004%, faison 0.00282%, harold 0.371%",10.0,2.6,0.265,nasal (0.0); faisal (0.0); hazelnut (0.0); hazelwood (0.0),preliminary trademark / naming review required,G0_self_frequency; G2_near_high_frequency; G3_embedded_or_contains; G4_domain_names_commands; G6_clipped_boundary; G7_accent_casual_variant,2.24,3.96,fail,"text collision gates failed: G0_self_frequency, G2_near_high_frequency, G3_embedded_or_contains, G4_domain_names_commands, G6_clipped_boundary, G7_accent_casual_variant; too short (2 syllables; minimum 3)"
1017,generated,REJECTED (mechanical),anchor,anchor,AE1 NG K ER0,2,1-0,word_name,bare,anchor,NEW ASSISTANT IDENTITY - would replace or sit beside ARIA; Michael's decision,0,written form reads as intended,6,8,7,,3,10.0,6,"bunker 0.00257%, pinkerton 0.0028599999999999997%, blankenship 0.01486%, frankel 0.00246%, lancaster 0.01097%",8.9,2.5,0.246,banker (0.0); bankers (0.0); anchored (0.0); tanker (0.0),preliminary trademark / naming review required; common word: weak distinctiveness,G0_self_frequency; G2_near_high_frequency; G3_embedded_or_contains; G4_domain_names_commands,2.72,3.935,fail,"text collision gates failed: G0_self_frequency, G2_near_high_frequency, G3_embedded_or_contains, G4_domain_names_commands; too short (2 syllables; minimum 3)"
1018,generated,REJECTED (mechanical),jade,jade,JH EY1 D,1,1,word_name,bare,jade,NEW ASSISTANT IDENTITY - would replace or sit beside ARIA; Michael's decision,0,written form reads as intended,7,8,7,,6,10.0,9,"jed 0.005%, mcdade 0.0024100000000000002%, zaida 0.003%, jain 0.00394%, janae 0.003%",8.5,2.2,0.225,jaded (0.0); jayden (0.0); jades (0.0); jadeite (0.0),preliminary trademark / naming review required,G0_self_frequency; G2_near_high_frequency; G3_embedded_or_contains; G4_domain_names_commands; G8_speakability,2.34,3.93,fail,"text collision gates failed: G0_self_frequency, G2_near_high_frequency, G3_embedded_or_contains, G4_domain_names_commands, G8_speakability; too short (1 syllables; minimum 3)"
1019,generated,REJECTED (mechanical),iris,iris,AY1 R AH0 S,2,1-0,word_name,bare,iris,NEW ASSISTANT IDENTITY - would replace or sit beside ARIA; Michael's decision,2,written form reads as intended; 2 dictionary pronunciations,6,8,7,,1,10.0,3,"cyrus 0.007%, phylis 0.004%, phyliss 0.004%, silas 0.009%, damaris 0.006%",10.0,2.5,0.246,virus (0.0); i received (0.0); ira (0.0); cyrus (0.0),preliminary trademark / naming review required; existing assistant or product use known to the agent (unverified),G0_self_frequency; G2_near_high_frequency; G3_embedded_or_contains; G4_domain_names_commands; G6_clipped_boundary,3.1,3.925,fail,"text collision gates failed: G0_self_frequency, G2_near_high_frequency, G3_embedded_or_contains, G4_domain_names_commands, G6_clipped_boundary; too short (2 syllables; minimum 3)"
1020,generated,REJECTED (mechanical),florence,florence,F L AO1 R AH0 N S,2,1-0,word_name,bare,florence,NEW ASSISTANT IDENTITY - would replace or sit beside ARIA; Michael's decision,0,written form reads as intended,6,8,7,,6,10.0,9,"florencia 0.002%, florencio 0.005%, florentina 0.002%, florentino 0.004%, laurence 0.024%",8.5,3.0,0.301,lawrence (0.0); laurence (0.0); florence's (0.0); laurance (0.0),preliminary trademark / naming review required,G0_self_frequency; G2_near_high_frequency; G3_embedded_or_contains; G4_domain_names_commands; G6_clipped_boundary,2.3,3.9,fail,"text collision gates failed: G0_self_frequency, G2_near_high_frequency, G3_embedded_or_contains, G4_domain_names_commands, G6_clipped_boundary; too short (2 syllables; minimum 3)"
1021,generated,REJECTED (mechanical),laurel,laurel,L AO1 R AH0 L,2,1-0,word_name,bare,laurel,NEW ASSISTANT IDENTITY - would replace or sit beside ARIA; Michael's decision,0,written form reads as intended,7,8,7,,6,10.0,9,"lorilee 0.001%, lorelei 0.003%, lauralee 0.001%, loralee 0.001%, deloras 0.001%",9.4,2.6,0.265,oral (0.0); laura (0.0); floral (0.0); laurels (0.0),preliminary trademark / naming review required,G0_self_frequency; G2_near_high_frequency; G3_embedded_or_contains; G4_domain_names_commands; G6_clipped_boundary,2.24,3.9,fail,"text collision gates failed: G0_self_frequency, G2_near_high_frequency, G3_embedded_or_contains, G4_domain_names_commands, G6_clipped_boundary; too short (2 syllables; minimum 3)"
1022,generated,REJECTED (mechanical),celeste,celeste,S AH0 L EH1 S T,2,0-1,word_name,bare,celeste,NEW ASSISTANT IDENTITY - would replace or sit beside ARIA; Michael's decision,0,written form reads as intended,5,8,7,,6,10.0,6,"celesta 0.001%, ballesteros 0.00348%, calista 0.001%, aracelis 0.002%, gillespie 0.01447%",10.0,2.8,0.283,lest (0.0); council estate (0.0333); a council estate (0.0333); pizza last (0.0333),preliminary trademark / naming review required,G0_self_frequency; G2_near_high_frequency; G3_embedded_or_contains; G4_domain_names_commands; G6_clipped_boundary,2.36,3.87,fail,"text collision gates failed: G0_self_frequency, G2_near_high_frequency, G3_embedded_or_contains, G4_domain_names_commands, G6_clipped_boundary; too short (2 syllables; minimum 3)"
1023,generated,REJECTED (mechanical),ivy,ivy,AY1 V IY0,2,1-0,word_name,bare,ivy,NEW ASSISTANT IDENTITY - would replace or sit beside ARIA; Michael's decision,0,written form reads as intended,7,8,7,,1,10.0,6,"ivette 0.007%, covey 0.00285%, dovie 0.005%, genevie 0.001%, lovie 0.004%",10.0,2.3,0.228,hiv (0.0); i've eaten (0.0); i've eaten all (0.0); my visa (0.0),preliminary trademark / naming review required; existing assistant or product use known to the agent (unverified),G0_self_frequency; G2_near_high_frequency; G3_embedded_or_contains; G4_domain_names_commands,2.66,3.845,fail,"text collision gates failed: G0_self_frequency, G2_near_high_frequency, G3_embedded_or_contains, G4_domain_names_commands; too short (2 syllables; minimum 3)"
1024,generated,REJECTED (mechanical),rowan,rowan,R OW1 AH0 N,2,1-0,word_name,bare,rowan,NEW ASSISTANT IDENTITY - would replace or sit beside ARIA; Michael's decision,0,written form reads as intended,7,8,7,,6,10.0,9,"brian 0.736%, bryan 0.19%, bryant 0.026%, bryon 0.012%, cronin 0.00647%",10.0,2.5,0.246,an (0.0); un (0.0); owen (0.0); heroin (0.0),preliminary trademark / naming review required,G0_self_frequency; G1_exact_common; G2_near_high_frequency; G3_embedded_or_contains; G4_domain_names_commands; G6_clipped_boundary,2.1,3.825,fail,"text collision gates failed: G0_self_frequency, G1_exact_common, G2_near_high_frequency, G3_embedded_or_contains, G4_domain_names_commands, G6_clipped_boundary; too short (2 syllables; minimum 3)"
1025,generated,REJECTED (mechanical),wren,wren,R EH1 N,1,1,word_name,bare,wren,NEW ASSISTANT IDENTITY - would replace or sit beside ARIA; Michael's decision,0,written form reads as intended,7,8,7,,6,9.8,9,"breann 0.001%, breanna 0.006%, brenda 0.455%, brendan 0.019%, brendon 0.005%",10.0,2.2,0.225,friends (0.0); friend (0.0); french (0.0); are in (0.0),preliminary trademark / naming review required,G0_self_frequency; G1_exact_common; G2_near_high_frequency; G3_embedded_or_contains; G4_domain_names_commands; G7_accent_casual_variant; G8_speakability,2.08,3.82,fail,"text collision gates failed: G0_self_frequency, G1_exact_common, G2_near_high_frequency, G3_embedded_or_contains, G4_domain_names_commands, G7_accent_casual_variant, G8_speakability; too short (1 syllables; minimum 3)"
1026,generated,REJECTED (mechanical),ember,ember,EH1 M B ER0,2,1-0,word_name,bare,ember,NEW ASSISTANT IDENTITY - would replace or sit beside ARIA; Michael's decision,0,written form reads as intended,6,8,7,,6,9.7,9,"kemberly 0.001%, pemberton 0.00382%, amber 0.16%, amberly 0.001%",9.2,2.5,0.246,remember (0.0); members (0.0); member (0.0); september (0.0),preliminary trademark / naming review required,G2_near_high_frequency; G3_embedded_or_contains; G4_domain_names_commands,2.12,3.815,fail,"text collision gates failed: G2_near_high_frequency, G3_embedded_or_contains, G4_domain_names_commands; too short (2 syllables; minimum 3)"
1027,generated,REJECTED (mechanical),constance,constance,K AA1 N S T AH0 N S,2,1-0,word_name,bare,constance,NEW ASSISTANT IDENTITY - would replace or sit beside ARIA; Michael's decision,0,written form reads as intended,4,8,7,,6,10.0,6,"candance 0.003%, christensen 0.02547%, johnston 0.044539999999999996%",9.9,3.2,0.32,constancy (0.0); tense (0.075); coniston (0.075); constant (0.0875),preliminary trademark / naming review required,G0_self_frequency; G2_near_high_frequency; G3_embedded_or_contains; G4_domain_names_commands; G6_clipped_boundary,2.26,3.79,fail,"text collision gates failed: G0_self_frequency, G2_near_high_frequency, G3_embedded_or_contains, G4_domain_names_commands, G6_clipped_boundary; too short (2 syllables; minimum 3)"
1028,generated,REJECTED (mechanical),compass,compass,K AH1 M P AH0 S,2,1-0,word_name,bare,compass,NEW ASSISTANT IDENTITY - would replace or sit beside ARIA; Michael's decision,0,written form reads as intended,6,8,0.0,contains 'ass',6,9.7,3,columbus 0.005%,9.0,2.8,0.283,encompasses (0.0); encompassing (0.0); encompass (0.0); puss (0.0),preliminary trademark / naming review required,G0_self_frequency; G2_near_high_frequency; G3_embedded_or_contains; G4_domain_names_commands; G6_clipped_boundary,3.42,3.78,fail,"dignity: contains 'ass'; text collision gates failed: G0_self_frequency, G2_near_high_frequency, G3_embedded_or_contains, G6_clipped_boundary; too short (2 syllables; minimum 3)"
1029,generated,REJECTED (mechanical),jasmine,jasmine,JH AE1 Z M AH0 N,2,1-0,word_name,bare,jasmine,NEW ASSISTANT IDENTITY - would replace or sit beside ARIA; Michael's decision,2,written form reads as intended; 2 dictionary pronunciations,5,8,7,,6,9.5,9,"jasmin 0.008%, jazmin 0.003%, desmond 0.014%, guzman 0.05663%, jackman 0.00262%",8.0,2.8,0.283,mun (0.0); munn (0.0); jasmine (0.0); as men (0.06),preliminary trademark / naming review required,G0_self_frequency; G3_embedded_or_contains; G4_domain_names_commands; G6_clipped_boundary,2.26,3.77,fail,"text collision gates failed: G0_self_frequency, G3_embedded_or_contains, G4_domain_names_commands, G6_clipped_boundary; too short (2 syllables; minimum 3)"
1030,generated,REJECTED (mechanical),robin,robin,R AA1 B AH0 N,2,1-0,word_name,bare,robin,NEW ASSISTANT IDENTITY - would replace or sit beside ARIA; Michael's decision,2,written form reads as intended; 2 dictionary pronunciations,7,8,7,,3,10.0,9,"robins 0.00366%, robinson 0.17961000000000002%, robbin 0.007%, robbins 0.02657%, robbyn 0.001%",9.3,2.6,0.265,been (0.0); robinson (0.0); bun (0.0); rob a (0.0),preliminary trademark / naming review required; common word: weak distinctiveness,G0_self_frequency; G2_near_high_frequency; G3_embedded_or_contains; G4_domain_names_commands; G6_clipped_boundary,2.26,3.66,fail,"text collision gates failed: G0_self_frequency, G2_near_high_frequency, G3_embedded_or_contains, G4_domain_names_commands, G6_clipped_boundary; too short (2 syllables; minimum 3)"
1031,generated,REJECTED (mechanical),crystal,crystal,K R IH1 S T AH0 L,2,1-0,word_name,bare,crystal,NEW ASSISTANT IDENTITY - would replace or sit beside ARIA; Michael's decision,0,written form reads as intended,6,8,7,,3,10.0,9,"christensen 0.02547%, cristen 0.002%, kristan 0.003%, kristen 0.111%, krysten 0.001%",10.0,3.0,0.301,Crystal (0.0); crystals (0.0); crystalline (0.0); krista (0.0),preliminary trademark / naming review required; common word: weak distinctiveness,G0_self_frequency; G2_near_high_frequency; G3_embedded_or_contains; G4_domain_names_commands; G6_clipped_boundary,2.0,3.6,fail,"text collision gates failed: G0_self_frequency, G2_near_high_frequency, G3_embedded_or_contains, G4_domain_names_commands, G6_clipped_boundary; too short (2 syllables; minimum 3)"
1032,generated,REJECTED (mechanical),olive,olive,AA1 L AH0 V,2,1-0,word_name,bare,olive,NEW ASSISTANT IDENTITY - would replace or sit beside ARIA; Michael's decision,2,written form reads as intended; 2 dictionary pronunciations,7,8,7,,3,10.0,9,"oliver 0.04%, gonzalez 0.28511000000000003%, sullivan 0.07492%, talavera 0.00264%, oliveira 0.00646%",10.0,2.5,0.246,love (0.0); oliver (0.0); allah (0.0); skura love (0.0),preliminary trademark / naming review required; common word: weak distinctiveness,G0_self_frequency; G2_near_high_frequency; G3_embedded_or_contains; G4_domain_names_commands; G5_distress_vocabulary; G6_clipped_boundary,2.1,3.575,fail,"text collision gates failed: G0_self_frequency, G2_near_high_frequency, G3_embedded_or_contains, G4_domain_names_commands, G5_distress_vocabulary, G6_clipped_boundary; too short (2 syllables; minimum 3)"
