rank,stage_reached,status,written_phrase,intended_pronunciation,approx_phonemes,syllables,stress,category,form,base,identity_flag,pronunciation_ambiguity,pronunciation_ambiguity_note,senior_speakability,memorability,dignity_naturalness,dignity_notes,brand_suitability,common_speech_collision_risk,similar_name_collision_risk,similar_names,tv_background_speech_risk,predicted_acoustic_distinctiveness,predicted_catch_rate_prior,nearest_collisions,trademark_review_flag,gates_failed,mechanical_score,total_preliminary_score,pass_fail,rejection_reason
6,review list (top 100),FOR MICHAEL'S REVIEW,hello home helper,hello home helper,HH AH0 L OW1 HH OW1 M HH EH1 L P ER0,5,0-1-1-1-0,role,prefix-required,home helper,no new identity (functional),0,written form reads as intended,9,7,7,,3,0.0,0,,0.0,6.1,0.614,,preliminary trademark / naming review required,,9.02,8.315,pass,
7,review list (top 100),FOR MICHAEL'S REVIEW,hello room helper,hello room helper,HH AH0 L OW1 R UW1 M HH EH1 L P ER0,5,0-1-1-1-0,role,prefix-required,room helper,no new identity (functional),0,written form reads as intended,9,7,7,,3,0.0,0,,0.0,6.1,0.614,,preliminary trademark / naming review required,,9.02,8.315,pass,
10,review list (top 100),FOR MICHAEL'S REVIEW,hello good helper,hello good helper,HH AH0 L OW1 G UH1 D HH EH1 L P ER0,5,0-1-1-1-0,role,prefix-required,good helper,no new identity (functional),0,written form reads as intended,9,7,7,,3,0.2,0,,0.0,6.1,0.611,who could help (0.2364); else could help (0.25),preliminary trademark / naming review required,,8.98,8.275,pass,
17,qualified (top 250),REJECTED (human suitability),hey fovida,hey fovida,HH EY1 F OW0 V IY1 D AH0,4,1-0-1-0,constructed,prefix-required,fovida,NEW ASSISTANT IDENTITY - would replace or sit beside ARIA; Michael's decision,0,written form reads as intended,10.0,7,5,invented word looks less name-like than 87% of real first names,8,0.8,0,,0.0,5.3,0.529,have a visa (0.2125); have a needle (0.2425); safety deposit (0.2437); safety deposit box (0.2437),preliminary trademark / naming review required; invented word: clearance search needed,,8.9,8.235,fail,dignity naturalness 5 < 7
31,qualified (top 250),REJECTED (human suitability),hey potava,hey potava,HH EY1 P OW0 T AA1 V AH0,4,1-0-1-0,constructed,prefix-required,potava,NEW ASSISTANT IDENTITY - would replace or sit beside ARIA; Michael's decision,0,written form reads as intended,10.0,7,4,invented word looks less name-like than 99% of real first names,8,0.8,0,,0.0,5.3,0.529,a hippopotamus (0.2125); the hippopotamus (0.2125); hippopotamuses are (0.2125); hippopotamus (0.2125),preliminary trademark / naming review required; invented word: clearance search needed,,8.9,8.135,fail,dignity naturalness 4 < 7
2,review list (top 100),FOR MICHAEL'S REVIEW,okay oriole,okay oriole,OW2 K EY1 AO1 R IY0 OW2 L,5,2-1-1-0-2,word_name,prefix-required,oriole,NEW ASSISTANT IDENTITY - would replace or sit beside ARIA; Michael's decision,0,written form reads as intended,9,8,7,,6,0.0,0,,0.0,5.4,0.54,,preliminary trademark / naming review required,,8.88,8.46,pass,
1,review list (top 100),FOR MICHAEL'S REVIEW,okay verona,okay verona,OW2 K EY1 V ER0 OW1 N AH0,5,2-1-0-1-0,word_name,prefix-required,verona,NEW ASSISTANT IDENTITY - would replace or sit beside ARIA; Michael's decision,0,written form reads as intended,9,9,7,,6,0.0,0,,0.0,5.4,0.54,pay her own (0.25),preliminary trademark / naming review required,,8.88,8.56,pass,
19,qualified (top 250),REJECTED (human suitability),hey bovila,hey bovila,HH EY1 B OW0 V IY1 L AH0,4,1-0-1-0,constructed,prefix-required,bovila,NEW ASSISTANT IDENTITY - would replace or sit beside ARIA; Michael's decision,0,written form reads as intended,10.0,7,5,invented word looks less name-like than 88% of real first names,8,1.0,0,,0.0,5.3,0.526,novella (0.2); made available (0.2071); made available to (0.2071); be made available (0.2071),preliminary trademark / naming review required; invented word: clearance search needed,,8.86,8.195,fail,dignity naturalness 5 < 7
66,qualified (top 250),REJECTED (human suitability),hey tolura,hey tolura,HH EY1 T OW0 L UW1 R AH0,4,1-0-1-0,constructed,prefix-required,tolura,NEW ASSISTANT IDENTITY - would replace or sit beside ARIA; Michael's decision,3,vowels may be read differently (HH EY1 T AH0 L UW1 R AH0),10.0,7,4,invented word looks less name-like than 96% of real first names,8,1.0,0,,0.0,5.3,0.526,tomatoes are a (0.2); fatalism (0.2062); to lose a (0.2083); tallulah (0.225),preliminary trademark / naming review required; invented word: clearance search needed,,8.86,7.945,fail,dignity naturalness 4 < 7
30,review list (top 100),FOR MICHAEL'S REVIEW,hello my helper,hello my helper,HH AH0 L OW1 M AY1 HH EH1 L P ER0,5,0-1-1-1-0,role,prefix-required,my helper,no new identity (functional),0,written form reads as intended,9,7,7,,3,0.7,0,,0.0,5.9,0.587,for my help (0.215); help myself (0.247); held myself (0.247),preliminary trademark / naming review required,,8.84,8.145,pass,
27,review list (top 100),FOR MICHAEL'S REVIEW,hello house helper,hello house helper,HH AH0 L OW1 HH AW1 S HH EH1 L P ER0,5,0-1-1-1-0,role,prefix-required,house helper,no new identity (functional),0,written form reads as intended,8,7,7,,3,0.0,0,,0.0,6.1,0.614,,preliminary trademark / naming review required,,8.82,8.165,pass,
65,qualified (top 250),REJECTED (human suitability),hey govola,hey govola,HH EY1 G OW0 V OW1 L AH0,4,1-0-1-0,constructed,prefix-required,govola,NEW ASSISTANT IDENTITY - would replace or sit beside ARIA; Michael's decision,3,vowels may be read differently (HH EY1 G AH0 V OW1 L AH0),10.0,7,4,invented word looks less name-like than 99% of real first names,8,0.8,0,,0.4,5.3,0.529,galapagos islands (0.2129); the galapagos islands (0.2129); he gave all (0.2143); he goes along (0.2175),preliminary trademark / naming review required; invented word: clearance search needed,,8.82,7.945,fail,dignity naturalness 4 < 7
28,review list (top 100),FOR MICHAEL'S REVIEW,okay home helper,okay home helper,OW2 K EY1 HH OW1 M HH EH1 L P ER0,5,2-1-1-1-0,role,prefix-required,home helper,no new identity (functional),0,written form reads as intended,8,7,7,,3,0.0,0,,0.0,6.0,0.596,,preliminary trademark / naming review required,,8.8,8.15,pass,
29,review list (top 100),FOR MICHAEL'S REVIEW,okay room helper,okay room helper,OW2 K EY1 R UW1 M HH EH1 L P ER0,5,2-1-1-1-0,role,prefix-required,room helper,no new identity (functional),0,written form reads as intended,8,7,7,,3,0.0,0,,0.0,6.0,0.596,,preliminary trademark / naming review required,,8.8,8.15,pass,
3,review list (top 100),FOR MICHAEL'S REVIEW,okay verity,okay verity,OW2 K EY1 V EH1 R AH0 T IY0,5,2-1-1-0-0,word_name,prefix-required,verity,NEW ASSISTANT IDENTITY - would replace or sit beside ARIA; Michael's decision,2,written form reads as intended; 2 dictionary pronunciations,9,9,7,,6,0.5,0,,0.0,5.5,0.553,ok there (0.225); temerity (0.2275); severity (0.2313); psychotherapy (0.2356),preliminary trademark / naming review required,,8.8,8.375,pass,
51,qualified (top 250),REJECTED (human suitability),hey nodula,hey nodula,HH EY1 N OW0 D UW1 L AH0,4,1-0-1-0,constructed,prefix-required,nodula,NEW ASSISTANT IDENTITY - would replace or sit beside ARIA; Michael's decision,0,written form reads as intended,10.0,7,4,invented word looks less name-like than 94% of real first names,8,1.3,0,,0.0,5.2,0.522,no deal (0.1833); hindus and (0.2062); train to london (0.2071); no delay (0.2083),preliminary trademark / naming review required; invented word: clearance search needed,,8.78,8.02,fail,dignity naturalness 4 < 7
52,qualified (top 250),REJECTED (human suitability),hey pomuda,hey pomuda,HH EY1 P OW0 M UW1 D AH0,4,1-0-1-0,constructed,prefix-required,pomuda,NEW ASSISTANT IDENTITY - would replace or sit beside ARIA; Michael's decision,0,written form reads as intended,10.0,7,4,invented word looks less name-like than 100% of real first names,8,1.3,0,,0.0,5.2,0.522,pomona (0.1833); happy mood (0.2188); diego needed (0.2286); happened a (0.2313),preliminary trademark / naming review required; invented word: clearance search needed,,8.78,8.02,fail,dignity naturalness 4 < 7
34,review list (top 100),FOR MICHAEL'S REVIEW,okay good helper,okay good helper,OW2 K EY1 G UH1 D HH EH1 L P ER0,5,2-1-1-1-0,role,prefix-required,good helper,no new identity (functional),0,written form reads as intended,8,7,7,,3,0.1,0,,0.0,5.9,0.594,they could help (0.245),preliminary trademark / naming review required,,8.76,8.115,pass,
93,qualified (top 250),REJECTED (human suitability),hey neduta,hey neduta,HH EY1 N EH0 D UW1 T AH0,4,1-0-1-0,constructed,prefix-required,neduta,NEW ASSISTANT IDENTITY - would replace or sit beside ARIA; Michael's decision,3,vowels may be read differently (HH EY1 N IH0 D UW1 T AH0),10.0,7,4,invented word looks less name-like than 99% of real first names,8,1.2,0,,0.3,5.2,0.524,money do tom (0.1929); narita (0.2); they needed a (0.2071); can do today (0.2214),preliminary trademark / naming review required; invented word: clearance search needed,,8.74,7.86,fail,dignity naturalness 4 < 7
41,review list (top 100),FOR MICHAEL'S REVIEW,hey room helper,hey room helper,HH EY1 R UW1 M HH EH1 L P ER0,4,1-1-1-0,role,prefix-required,room helper,no new identity (functional),0,written form reads as intended,9,7,7,,3,0.9,0,,0.0,5.6,0.564,room heater (0.2062); rima helped (0.2333); here and help (0.245); he would help (0.25),preliminary trademark / naming review required,,8.74,8.06,pass,
47,qualified (top 250),REJECTED (human suitability),hey lonela,hey lonela,HH EY1 L OW0 N EH1 L AH0,4,1-0-1-0,constructed,prefix-required,lonela,NEW ASSISTANT IDENTITY - would replace or sit beside ARIA; Michael's decision,3,vowels may be read differently (HH EY1 L OW1 N AH0 L AH0),10.0,7,6,invented word looks less name-like than 58% of real first names,8,1.3,0,,0.3,5.2,0.522,rosella (0.1833); still in elementary (0.1857); fail unless you (0.2063); conversationalist (0.2063),preliminary trademark / naming review required; invented word: clearance search needed,,8.72,8.04,fail,dignity naturalness 6 < 7
50,qualified (top 250),REJECTED (human suitability),hey conela,hey conela,HH EY1 K OW0 N EH1 L AH0,4,1-0-1-0,constructed,prefix-required,conela,NEW ASSISTANT IDENTITY - would replace or sit beside ARIA; Michael's decision,3,vowels may be read differently (HH EY1 K OW1 N L AH0),10.0,7,6,invented word looks less name-like than 62% of real first names,8,1.4,0,,0.3,5.2,0.521,atonal (0.1786); african elephants (0.1857); draconian (0.1857); african elephant (0.1857),preliminary trademark / naming review required; invented word: clearance search needed,,8.7,8.02,fail,dignity naturalness 6 < 7
24,qualified (top 250),REJECTED (human suitability),hey domala,hey domala,HH EY1 D OW0 M AA1 L AH0,4,1-0-1-0,constructed,prefix-required,domala,NEW ASSISTANT IDENTITY - would replace or sit beside ARIA; Michael's decision,0,written form reads as intended,10.0,7,6,invented word looks less name-like than 62% of real first names,8,1.3,0,,0.4,5.2,0.522,they don't love (0.1857); made a model (0.1929); had a marvelous (0.1938); had a solid (0.1938),preliminary trademark / naming review required; invented word: clearance search needed,,8.7,8.18,fail,dignity naturalness 6 < 7
53,review list (top 100),FOR MICHAEL'S REVIEW,hey home helper,hey home helper,HH EY1 HH OW1 M HH EH1 L P ER0,4,1-1-1-0,role,prefix-required,home helper,no new identity (functional),0,written form reads as intended,9,7,7,,3,1.2,0,,0.0,5.7,0.571,he should help (0.2389); him help (0.2438); some help (0.25); say he'd help (0.25),preliminary trademark / naming review required,,8.7,8.015,pass,
68,qualified (top 250),REJECTED (human suitability),hey romuva,hey romuva,HH EY1 R OW0 M UW1 V AH0,4,1-0-1-0,constructed,prefix-required,romuva,NEW ASSISTANT IDENTITY - would replace or sit beside ARIA; Michael's decision,0,written form reads as intended,10.0,7,4,invented word looks less name-like than 97% of real first names,8,1.7,0,,0.0,5.2,0.518,remove a (0.1667); roamed the (0.2); roam the (0.2); rome the (0.2),preliminary trademark / naming review required; invented word: clearance search needed,,8.7,7.94,fail,dignity naturalness 4 < 7
49,review list (top 100),FOR MICHAEL'S REVIEW,hello nurse call,hello nurse call,HH AH0 L OW1 N ER1 S K AO1 L,4,0-1-1-1,role,prefix-required,nurse call,no new identity (functional),0,written form reads as intended,8,7,7,,3,0.4,0,,0.0,5.7,0.569,the lunar calendar (0.2278),preliminary trademark / naming review required; common word: weak distinctiveness,,8.66,8.025,pass,
83,qualified (top 250),REJECTED (human suitability),hey somola,hey somola,HH EY1 S OW0 M OW1 L AH0,4,1-0-1-0,constructed,prefix-required,somola,NEW ASSISTANT IDENTITY - would replace or sit beside ARIA; Michael's decision,3,vowels may be read differently (HH EY1 S AH0 M OW1 L AH0),9,7,5,invented word looks less name-like than 85% of real first names,8,1.0,0,,0.0,5.3,0.526,stay home all (0.2); has a mole (0.2); somoza (0.225); stay home alone (0.2286),preliminary trademark / naming review required; invented word: clearance search needed,,8.66,7.895,fail,dignity naturalness 5 < 7
8,review list (top 100),FOR MICHAEL'S REVIEW,okay lumina,okay lumina,OW2 K EY1 L UW1 M IH0 N AH0,5,2-1-1-0-0,word_name,prefix-required,lumina,NEW ASSISTANT IDENTITY - would replace or sit beside ARIA; Michael's decision,0,written form reads as intended,9,8,7,,6,0.6,0,,0.6,5.5,0.552,no criminal (0.2222); hotel manager (0.2333); the hotel manager (0.2333); came in a (0.25),preliminary trademark / naming review required,,8.66,8.295,pass,
104,qualified (top 250),REJECTED (human suitability),hey coneva,hey coneva,HH EY1 K OW0 N EH1 V AH0,4,1-0-1-0,constructed,prefix-required,coneva,NEW ASSISTANT IDENTITY - would replace or sit beside ARIA; Michael's decision,3,vowels may be read differently (HH EY1 K AH0 N IY1 V AH0),10.0,7,5,invented word looks less name-like than 78% of real first names,8,2.0,0,,0.0,5.1,0.514,diego never (0.15); taken as a (0.1557); bacon is a (0.1557); mistaken isn't (0.1557),preliminary trademark / naming review required; invented word: clearance search needed,,8.62,7.815,fail,dignity naturalness 5 < 7
92,qualified (top 250),REJECTED (human suitability),hey fodova,hey fodova,HH EY1 F OW0 D OW1 V AH0,4,1-0-1-0,constructed,prefix-required,fodova,NEW ASSISTANT IDENTITY - would replace or sit beside ARIA; Michael's decision,0,written form reads as intended,10.0,7,4,invented word looks less name-like than 99% of real first names,8,2.0,0,,0.0,5.1,0.514,photo of a (0.15); many photos of (0.1629); half a dozen (0.18); holiday photos (0.1843),preliminary trademark / naming review required; invented word: clearance search needed,,8.62,7.865,fail,dignity naturalness 4 < 7
99,qualified (top 250),REJECTED (human suitability),hey todola,hey todola,HH EY1 T OW0 D OW1 L AH0,4,1-0-1-0,constructed,prefix-required,todola,NEW ASSISTANT IDENTITY - would replace or sit beside ARIA; Michael's decision,3,vowels may be read differently (HH EY1 T AH0 D OW1 L AH0),10.0,7,5,invented word looks less name-like than 77% of real first names,8,1.8,0,,0.3,5.2,0.516,hated all (0.1571); atenolol (0.1714); isolated island (0.1786); hated lying (0.1812),preliminary trademark / naming review required; invented word: clearance search needed,,8.62,7.84,fail,dignity naturalness 5 < 7
82,qualified (top 250),REJECTED (human suitability),hey tovoda,hey tovoda,HH EY1 T OW0 V OW1 D AH0,4,1-0-1-0,constructed,prefix-required,tovoda,NEW ASSISTANT IDENTITY - would replace or sit beside ARIA; Michael's decision,0,written form reads as intended,10.0,7,4,invented word looks less name-like than 98% of real first names,8,1.7,0,,0.4,5.2,0.518,toyoda (0.1667); to avoid a (0.1929); potatoes but (0.2271); tomatoes are a (0.2271),preliminary trademark / naming review required; invented word: clearance search needed,,8.62,7.9,fail,dignity naturalness 4 < 7
5,review list (top 100),FOR MICHAEL'S REVIEW,okay evergreen,okay evergreen,OW2 K EY1 EH1 V ER0 G R IY2 N,5,2-1-1-0-2,word_name,prefix-required,evergreen,NEW ASSISTANT IDENTITY - would replace or sit beside ARIA; Michael's decision,0,written form reads as intended,8,9,7,,6,0.6,0,,0.0,5.7,0.571,evergreen (0.2222); an evergreen (0.2222); are evergreen (0.2222); prefer green (0.2333),preliminary trademark / naming review required,,8.62,8.335,pass,
54,review list (top 100),FOR MICHAEL'S REVIEW,hello care desk,hello care desk,HH AH0 L OW1 K EH1 R D EH1 S K,4,0-1-1-1,role,prefix-required,care desk,no new identity (functional),0,written form reads as intended,8,7,7,,3,0.4,0,,0.5,5.9,0.588,the local mosque (0.23); a local mosque (0.23); local restaurant (0.235); envelope addressed (0.24),preliminary trademark / naming review required; common word: weak distinctiveness,,8.6,8.005,pass,
61,review list (top 100),FOR MICHAEL'S REVIEW,okay helper,okay helper,OW2 K EY1 HH EH1 L P ER0,4,2-1-1-0,role,prefix-required,helper,no new identity (functional),0,written form reads as intended,8,7,7,,3,0.3,0,,0.0,5.3,0.534,a helper (0.2357); ok here (0.2429),preliminary trademark / naming review required,,8.6,7.985,pass,
57,review list (top 100),FOR MICHAEL'S REVIEW,okay house helper,okay house helper,OW2 K EY1 HH AW1 S HH EH1 L P ER0,5,2-1-1-1-0,role,prefix-required,house helper,no new identity (functional),0,written form reads as intended,7,7,7,,3,0.0,0,,0.0,6.0,0.596,,preliminary trademark / naming review required,,8.6,8.0,pass,
102,qualified (top 250),REJECTED (human suitability),hey gomuna,hey gomuna,HH EY1 G OW0 M UW1 N AH0,4,1-0-1-0,constructed,prefix-required,gomuna,NEW ASSISTANT IDENTITY - would replace or sit beside ARIA; Michael's decision,0,written form reads as intended,10.0,7,4,invented word looks less name-like than 98% of real first names,8,2.2,0,,0.0,5.1,0.512,domina (0.1417); diego needed (0.1929); hegemonic (0.1938); rodrigo managed (0.2071),preliminary trademark / naming review required; invented word: clearance search needed,,8.58,7.825,fail,dignity naturalness 4 < 7
72,qualified (top 250),REJECTED (human suitability),hey pavota,hey pavota,HH EY1 P AH0 V OW1 T AH0,4,1-0-1-0,constructed,prefix-required,pavota,NEW ASSISTANT IDENTITY - would replace or sit beside ARIA; Michael's decision,0,written form reads as intended,10.0,7,4,invented word looks less name-like than 92% of real first names,8,1.2,0,,1.1,5.2,0.524,take a vote (0.1929); provoke a (0.1929); take a photo (0.2); episode of (0.2129),preliminary trademark / naming review required; invented word: clearance search needed,,8.58,7.93,fail,dignity naturalness 4 < 7
131,qualified (top 250),REJECTED (human suitability),hey peluva,hey peluva,HH EY1 P EH0 L UW1 V AH0,4,1-0-1-0,constructed,prefix-required,peluva,NEW ASSISTANT IDENTITY - would replace or sit beside ARIA; Michael's decision,3,vowels may be read differently (HH EY1 P EH2 L UW0 V AA1),10.0,7,4,invented word looks less name-like than 100% of real first names,8,1.7,0,,0.6,5.2,0.518,helluva (0.1667); lollapalooza (0.17); people of a (0.2071); pollute the (0.2143),preliminary trademark / naming review required; invented word: clearance search needed,,8.58,7.73,fail,dignity naturalness 4 < 7
116,qualified (top 250),REJECTED (human suitability),hey radura,hey radura,HH EY1 R AH0 D UW1 R AH0,4,1-0-1-0,constructed,prefix-required,radura,NEW ASSISTANT IDENTITY - would replace or sit beside ARIA; Michael's decision,3,vowels may be read differently (HH EY1 R AH0 D UH1 R AH0),10.0,7,4,invented word looks less name-like than 97% of real first names,8,1.2,0,,1.1,5.2,0.524,there a drugstore (0.1929); you're adorable (0.1929); very durable (0.1938); nowhere to run (0.2),preliminary trademark / naming review required; invented word: clearance search needed,,8.58,7.78,fail,dignity naturalness 4 < 7
133,qualified (top 250),REJECTED (human suitability),hey remava,hey remava,HH EY1 R EH0 M AA1 V AH0,4,1-0-1-0,constructed,prefix-required,remava,NEW ASSISTANT IDENTITY - would replace or sit beside ARIA; Michael's decision,3,vowels may be read differently (HH EY1 R AH0 M EY1 V AH0),10.0,7,4,invented word looks less name-like than 96% of real first names,8,1.9,0,,0.4,5.2,0.515,sahara was a (0.155); remove a (0.1667); they renovated (0.1857); ramallah (0.2067),preliminary trademark / naming review required; invented word: clearance search needed,,8.58,7.71,fail,dignity naturalness 4 < 7
304,qualified (top 250),REJECTED (human suitability),hey podiva,hey podiva,HH EY1 P OW0 D IY1 V AH0,4,1-0-1-0,constructed,prefix-required,podiva,NEW ASSISTANT IDENTITY - would replace or sit beside ARIA; Michael's decision,7,spelling suggests a different pronunciation (HH EY1 P OW0 T IY1 V AH0),10.0,6,3,invented word looks less name-like than 96% of real first names; spelling does not show how to say it,8,1.9,0,,0.5,5.2,0.516,hated every (0.1562); hated everyone (0.1562); antipodes (0.17); hated the (0.1938),preliminary trademark / naming review required; invented word: clearance search needed,,8.56,7.3,fail,dignity naturalness 3 < 7; pronunciation ambiguity 7 > 4
335,qualified (top 250),REJECTED (human suitability),hey podula,hey podula,HH EY1 P OW0 D UW1 L AH0,4,1-0-1-0,constructed,prefix-required,podula,NEW ASSISTANT IDENTITY - would replace or sit beside ARIA; Michael's decision,7,spelling suggests a different pronunciation (HH EY1 P OW0 T UW1 L AH0),10.0,6,3,invented word looks less name-like than 95% of real first names; spelling does not show how to say it,8,2.4,0,,0.0,5.2,0.521,hated all (0.1812); padilla (0.2083); capabilities (0.2213); capability (0.2213),preliminary trademark / naming review required; invented word: clearance search needed,,8.56,7.25,fail,dignity naturalness 3 < 7; pronunciation ambiguity 7 > 4
77,qualified (top 250),REJECTED (human suitability),okay caos care,okay caos care,OW2 K EY1 K EY1 AA2 S K EH1 R,5,2-1-1-2-1,brand,prefix-required,caos,no new identity (product name),7,spelling suggests a different pronunciation (OW2 K EY1 K AA1 Z K EH1 R),7,7,7,,9,0.0,0,,0.0,5.8,0.577,,preliminary trademark / naming review required,,8.56,7.92,fail,pronunciation ambiguity 7 > 4
26,review list (top 100),FOR MICHAEL'S REVIEW,okay gardenia,okay gardenia,OW2 K EY1 G AA0 R D IY1 N Y AH0,5,2-1-0-1-0,word_name,prefix-required,gardenia,NEW ASSISTANT IDENTITY - would replace or sit beside ARIA; Michael's decision,0,written form reads as intended,8,8,7,,6,1.0,0,,0.0,5.8,0.584,gardenia (0.2); located in the (0.235),preliminary trademark / naming review required,,8.56,8.17,pass,
11,review list (top 100),FOR MICHAEL'S REVIEW,okay magnolia,okay magnolia,OW2 K EY1 M AE0 G N OW1 L Y AH0,5,2-1-0-1-0,word_name,prefix-required,magnolia,NEW ASSISTANT IDENTITY - would replace or sit beside ARIA; Michael's decision,0,written form reads as intended,8,9,7,,6,1.0,0,,0.0,5.8,0.584,magnolia (0.2),preliminary trademark / naming review required,,8.56,8.27,pass,
76,review list (top 100),FOR MICHAEL'S REVIEW,okay my helper,okay my helper,OW2 K EY1 M AY1 HH EH1 L P ER0,5,2-1-1-1-0,role,prefix-required,my helper,no new identity (functional),0,written form reads as intended,8,7,7,,3,0.9,0,,0.0,5.7,0.567,can i help (0.2056),preliminary trademark / naming review required,,8.56,7.925,pass,
84,review list (top 100),FOR MICHAEL'S REVIEW,hello care team,hello care team,HH AH0 L OW1 K EH1 R T IY1 M,4,0-1-1-1,role,prefix-required,care team,no new identity (functional),0,written form reads as intended,9,7,7,,3,1.6,0,,0.3,5.6,0.555,a local tv (0.1689); the local community (0.1833); the local time (0.1889); the locality (0.2),preliminary trademark / naming review required; common word: weak distinctiveness,,8.54,7.89,pass,
161,qualified (top 250),REJECTED (human suitability),hey morova,hey morova,HH EY1 M OW0 R OW1 V AH0,4,1-0-1-0,constructed,prefix-required,morova,NEW ASSISTANT IDENTITY - would replace or sit beside ARIA; Michael's decision,3,vowels may be read differently (HH EY1 M AO0 R OW1 V AH0),10.0,7,4,invented word looks less name-like than 95% of real first names,8,2.5,0,,0.0,5.2,0.52,moreover (0.175); more of a (0.1833); him a reason (0.1988); moldova (0.2),preliminary trademark / naming review required; invented word: clearance search needed,,8.54,7.63,fail,dignity naturalness 4 < 7
14,review list (top 100),FOR MICHAEL'S REVIEW,okay daylight,okay daylight,OW2 K EY1 D EY1 L AY2 T,4,2-1-1-2,word_name,prefix-required,daylight,NEW ASSISTANT IDENTITY - would replace or sit beside ARIA; Michael's decision,0,written form reads as intended,9,9,7,,6,1.2,0,,0.3,5.2,0.524,today like (0.1929); today right (0.2); paid a lot (0.2071); the daylight (0.2357),preliminary trademark / naming review required,,8.54,8.26,pass,
16,review list (top 100),FOR MICHAEL'S REVIEW,okay tahoe,okay tahoe,OW2 K EY1 T AE1 HH OW0,4,2-1-1-0,word_name,prefix-required,tahoe,NEW ASSISTANT IDENTITY - would replace or sit beside ARIA; Michael's decision,0,written form reads as intended,9,9,7,,6,1.3,0,,0.0,5.0,0.504,located a (0.1857); located about (0.1857); located along (0.1857); located along the (0.1857),preliminary trademark / naming review required,,8.54,8.24,pass,
9,review list (top 100),FOR MICHAEL'S REVIEW,okay azalea,okay azalea,OW2 K EY1 AH0 Z EY1 L Y AH0,5,2-1-0-1-0,word_name,prefix-required,azalea,NEW ASSISTANT IDENTITY - would replace or sit beside ARIA; Michael's decision,0,written form reads as intended,7,9,7,,6,0.0,0,,0.0,5.6,0.559,azalea (0.25),preliminary trademark / naming review required,,8.52,8.29,pass,
15,review list (top 100),FOR MICHAEL'S REVIEW,okay juniper,okay juniper,OW2 K EY1 JH UW1 N AH0 P ER0,5,2-1-1-0-0,word_name,prefix-required,juniper,NEW ASSISTANT IDENTITY - would replace or sit beside ARIA; Michael's decision,0,written form reads as intended,8,9,7,,6,0.9,0,,0.0,5.5,0.549,the juniper (0.2062); juniper (0.25),preliminary trademark / naming review required,,8.52,8.245,pass,
69,review list (top 100),FOR MICHAEL'S REVIEW,okay nurse call,okay nurse call,OW2 K EY1 N ER1 S K AO1 L,4,2-1-1-1,role,prefix-required,nurse call,no new identity (functional),0,written form reads as intended,7,7,7,,3,0.0,0,,0.0,5.6,0.556,,preliminary trademark / naming review required; common word: weak distinctiveness,,8.52,7.94,pass,
103,review list (top 100),FOR MICHAEL'S REVIEW,hello caretaker,hello caretaker,HH AH0 L OW1 K EH1 R T EY2 K ER0,5,0-1-1-2-0,role,prefix-required,caretaker,no new identity (functional),0,written form reads as intended,9,7,7,,3,2.2,0,,0.0,5.7,0.57,the local paper (0.14); local paper (0.1556); school caretaker (0.16); the caretaker (0.1633),preliminary trademark / naming review required,,8.5,7.815,pass,
89,qualified (top 250),REJECTED (human suitability),hey fodela,hey fodela,HH EY1 F OW0 D EH1 L AH0,4,1-0-1-0,constructed,prefix-required,fodela,NEW ASSISTANT IDENTITY - would replace or sit beside ARIA; Michael's decision,0,written form reads as intended,10.0,7,5,invented word looks less name-like than 87% of real first names,8,2.3,0,,0.3,5.1,0.51,hotel a (0.1333); be so jealous (0.1657); so delicate (0.1771); methodologies (0.1786),preliminary trademark / naming review required; invented word: clearance search needed,,8.5,7.875,fail,dignity naturalness 5 < 7
91,review list (top 100),FOR MICHAEL'S REVIEW,hey house helper,hey house helper,HH EY1 HH AW1 S HH EH1 L P ER0,4,1-1-1-0,role,prefix-required,house helper,no new identity (functional),0,written form reads as intended,8,7,7,,3,1.1,0,,0.0,5.6,0.561,householder (0.1938),preliminary trademark / naming review required,,8.5,7.87,pass,
87,qualified (top 250),REJECTED (human suitability),hey nomata,hey nomata,HH EY1 N OW0 M AA1 T AH0,4,1-0-1-0,constructed,prefix-required,nomata,NEW ASSISTANT IDENTITY - would replace or sit beside ARIA; Michael's decision,0,written form reads as intended,10.0,7,5,invented word looks less name-like than 84% of real first names,8,2.2,0,,0.4,5.1,0.511,cinema tonight (0.1375); the cinema tonight (0.1375); cinema tomorrow (0.1375); the cinema tomorrow (0.1375),preliminary trademark / naming review required; invented word: clearance search needed,,8.5,7.885,fail,dignity naturalness 5 < 7
60,qualified (top 250),REJECTED (human suitability),hey tovita,hey tovita,HH EY1 T OW0 V IY1 T AH0,4,1-0-1-0,constructed,prefix-required,tovita,NEW ASSISTANT IDENTITY - would replace or sit beside ARIA; Michael's decision,0,written form reads as intended,10.0,7,6,invented word looks less name-like than 72% of real first names,8,2.2,0,,0.4,5.1,0.511,tomita (0.1367); hated each other (0.1762); might've eaten (0.1786); might've eaten on (0.1786),preliminary trademark / naming review required; invented word: clearance search needed,,8.5,7.985,fail,dignity naturalness 6 < 7
12,review list (top 100),FOR MICHAEL'S REVIEW,okay sequoia,okay sequoia,OW2 K EY1 S IH0 K W OY1 AH0,5,2-1-0-1-0,word_name,prefix-required,sequoia,NEW ASSISTANT IDENTITY - would replace or sit beside ARIA; Michael's decision,0,written form reads as intended,7,9,7,,6,0.1,0,,0.0,5.6,0.558,soaks up water (0.2444); sequoia (0.25),preliminary trademark / naming review required,,8.5,8.27,pass,
147,qualified (top 250),REJECTED (human suitability),hey fotira,hey fotira,HH EY1 F OW0 T IY1 R AH0,4,1-0-1-0,constructed,prefix-required,fotira,NEW ASSISTANT IDENTITY - would replace or sit beside ARIA; Michael's decision,3,vowels may be read differently (HH EY1 F OW0 T IH1 R AH0),10.0,7,4,invented word looks less name-like than 99% of real first names,8,1.8,0,,1.0,5.2,0.517,have a terrible (0.1625); he's a terrible (0.18); has a terrible (0.1925); safety deposit (0.2062),preliminary trademark / naming review required; invented word: clearance search needed,,8.48,7.67,fail,dignity naturalness 4 < 7
173,qualified (top 250),REJECTED (human suitability),hey navuta,hey navuta,HH EY1 N AH0 V UW1 T AH0,4,1-0-1-0,constructed,prefix-required,navuta,NEW ASSISTANT IDENTITY - would replace or sit beside ARIA; Michael's decision,3,vowels may be read differently (HH EY1 N AA0 V UW1 T AH0),10.0,7,4,invented word looks less name-like than 100% of real first names,8,2.5,0,,0.3,5.2,0.521,one of italy's (0.1786); reign of terror (0.1857); nevada (0.1917); hang of it (0.2143),preliminary trademark / naming review required; invented word: clearance search needed,,8.48,7.6,fail,dignity naturalness 4 < 7
95,qualified (top 250),REJECTED (human suitability),hey romisa,hey romisa,HH EY1 R OW0 M IY1 S AH0,4,1-0-1-0,constructed,prefix-required,romisa,NEW ASSISTANT IDENTITY - would replace or sit beside ARIA; Michael's decision,3,vowels may be read differently (HH EY1 R AH0 M IY1 S AH0),9,7,6,invented word looks less name-like than 61% of real first names,8,1.5,0,,0.3,5.2,0.52,had a misunderstanding (0.175); naomi said (0.1857); naomi said to (0.1857); has a message (0.1938),preliminary trademark / naming review required; invented word: clearance search needed,,8.48,7.85,fail,dignity naturalness 6 < 7
118,qualified (top 250),REJECTED (human suitability),hey lamura,hey lamura,HH EY1 L AH0 M UW1 R AH0,4,1-0-1-0,constructed,prefix-required,lamura,NEW ASSISTANT IDENTITY - would replace or sit beside ARIA; Michael's decision,3,vowels may be read differently (HH EY1 L AA0 M UH1 R AH0),10.0,7,5,invented word looks less name-like than 83% of real first names,8,1.7,0,,1.2,5.2,0.517,eleanora (0.1643); elenora (0.1643); zamora (0.2); central america (0.2071),preliminary trademark / naming review required; invented word: clearance search needed,,8.46,7.77,fail,dignity naturalness 5 < 7
86,qualified (top 250),REJECTED (human suitability),hey lomuna,hey lomuna,HH EY1 L OW0 M UW1 N AH0,4,1-0-1-0,constructed,prefix-required,lomuna,NEW ASSISTANT IDENTITY - would replace or sit beside ARIA; Michael's decision,0,written form reads as intended,10.0,7,5,invented word looks less name-like than 84% of real first names,8,2.0,0,,0.8,5.1,0.514,philomena (0.15); filomena (0.15); here a minute (0.1813); lo mein (0.1833),preliminary trademark / naming review required; invented word: clearance search needed,,8.46,7.885,fail,dignity naturalness 5 < 7
107,qualified (top 250),REJECTED (human suitability),hey vetada,hey vetada,HH EY1 V EH0 T AA1 D AH0,4,1-0-1-0,constructed,prefix-required,vetada,NEW ASSISTANT IDENTITY - would replace or sit beside ARIA; Michael's decision,3,vowels may be read differently (HH EY1 V EY0 T AA1 D AH0),10.0,7,5,invented word looks less name-like than 87% of real first names,8,1.4,0,,1.5,5.2,0.521,have a title (0.1812); have it on (0.1857); have apologized (0.2); have apologized to (0.2),preliminary trademark / naming review required; invented word: clearance search needed,,8.46,7.8,fail,dignity naturalness 5 < 7
100,review list (top 100),FOR MICHAEL'S REVIEW,okay caretaker,okay caretaker,OW2 K EY1 K EH1 R T EY2 K ER0,5,2-1-1-2-0,role,prefix-required,caretaker,no new identity (functional),0,written form reads as intended,8,7,7,,3,1.3,0,,0.0,5.6,0.562,a caretaker (0.1833); the caretaker (0.1833); caretaker (0.2222); ok to take (0.2389),preliminary trademark / naming review required,,8.46,7.83,pass,
13,review list (top 100),FOR MICHAEL'S REVIEW,okay melody,okay melody,OW2 K EY1 M EH1 L AH0 D IY0,5,2-1-1-0-0,word_name,prefix-required,melody,NEW ASSISTANT IDENTITY - would replace or sit beside ARIA; Michael's decision,0,written form reads as intended,9,9,7,,6,0.9,0,,1.3,5.5,0.549,the melody (0.2062); a melody (0.2062); catchy melody (0.2211); became eligible (0.2244),preliminary trademark / naming review required,,8.46,8.265,pass,
90,review list (top 100),FOR MICHAEL'S REVIEW,hey nevina,hey nevina,HH EY1 N EH0 V IY1 N AH0,4,1-0-1-0,constructed,prefix-required,nevina,NEW ASSISTANT IDENTITY - would replace or sit beside ARIA; Michael's decision,3,vowels may be read differently (HH EY1 N EY0 V IY1 N AH0),10.0,7,7,,8,2.5,0,,0.4,5.1,0.508,nevin (0.125); never in a (0.1643); nevins (0.1917); vezina (0.1967),preliminary trademark / naming review required; invented word: clearance search needed,,8.44,7.875,pass,
142,qualified (top 250),REJECTED (human suitability),hey pedota,hey pedota,HH EY1 P EH0 D OW1 T AH0,4,1-0-1-0,constructed,prefix-required,pedota,NEW ASSISTANT IDENTITY - would replace or sit beside ARIA; Michael's decision,3,vowels may be read differently (HH EY1 P AH0 D OW1 T AH0),10.0,7,4,invented word looks less name-like than 96% of real first names,8,1.5,0,,1.5,5.2,0.52,hepatitis (0.175); hepatitis b (0.175); hated studying (0.2062); i hated studying (0.2062),preliminary trademark / naming review required; invented word: clearance search needed,,8.44,7.68,fail,dignity naturalness 4 < 7
36,review list (top 100),FOR MICHAEL'S REVIEW,okay indigo,okay indigo,OW2 K EY1 IH1 N D AH0 G OW2,5,2-1-1-0-2,word_name,prefix-required,indigo,NEW ASSISTANT IDENTITY - would replace or sit beside ARIA; Michael's decision,2,written form reads as intended; 2 dictionary pronunciations,8,9,7,,6,0.9,0,,0.4,5.5,0.549,the indigo (0.2062); indigo (0.25); a second ago (0.25),preliminary trademark / naming review required,,8.44,8.105,pass,
129,qualified (top 250),REJECTED (human suitability),hey lemova,hey lemova,HH EY1 L EH0 M OW1 V AH0,4,1-0-1-0,constructed,prefix-required,lemova,NEW ASSISTANT IDENTITY - would replace or sit beside ARIA; Michael's decision,0,written form reads as intended,10.0,7,4,invented word looks less name-like than 93% of real first names,8,2.3,0,,0.7,5.1,0.511,villanova (0.1357); genova (0.1867); here a moment (0.2087); will inevitably (0.2286),preliminary trademark / naming review required; invented word: clearance search needed,,8.42,7.735,fail,dignity naturalness 4 < 7
154,qualified (top 250),REJECTED (human suitability),hey pedova,hey pedova,HH EY1 P EH0 D OW1 V AH0,4,1-0-1-0,constructed,prefix-required,pedova,NEW ASSISTANT IDENTITY - would replace or sit beside ARIA; Michael's decision,3,vowels may be read differently (HH EY1 P AH0 D OW1 V AH0),10.0,7,4,invented word looks less name-like than 98% of real first names,8,1.7,0,,1.4,5.2,0.517,accumulated over (0.1643); hated the (0.1938); sami hated the (0.1938); hated the idea (0.1938),preliminary trademark / naming review required; invented word: clearance search needed,,8.42,7.65,fail,dignity naturalness 4 < 7
23,review list (top 100),FOR MICHAEL'S REVIEW,okay primrose,okay primrose,OW2 K EY1 P R IH1 M R OW2 Z,4,2-1-1-2,word_name,prefix-required,primrose,NEW ASSISTANT IDENTITY - would replace or sit beside ARIA; Michael's decision,0,written form reads as intended,7,9,7,,6,0.6,0,,0.0,5.7,0.568,primrose (0.2222),preliminary trademark / naming review required,,8.42,8.185,pass,
169,qualified (top 250),REJECTED (human suitability),hey farava,hey farava,HH EY1 F AH0 R AA1 V AH0,4,1-0-1-0,constructed,prefix-required,farava,NEW ASSISTANT IDENTITY - would replace or sit beside ARIA; Michael's decision,3,vowels may be read differently (HH EY1 F AA0 R AA1 V AH0),10.0,7,4,invented word looks less name-like than 97% of real first names,8,2.0,0,,1.1,5.1,0.514,fear of a (0.15); the lava (0.1617); fun of a (0.1833); formation of a (0.2071),preliminary trademark / naming review required; invented word: clearance search needed,,8.4,7.605,fail,dignity naturalness 4 < 7
55,qualified (top 250),REJECTED (human suitability),hey fevida,hey fevida,HH EY1 F EH0 V IY1 D AH0,4,1-0-1-0,constructed,prefix-required,fevida,NEW ASSISTANT IDENTITY - would replace or sit beside ARIA; Michael's decision,0,written form reads as intended,10.0,7,6,invented word looks less name-like than 70% of real first names,8,1.6,0,,1.6,5.2,0.519,this evidence (0.17); enough evidence (0.1786); enough evidence to (0.1786); have enough evidence (0.1786),preliminary trademark / naming review required; invented word: clearance search needed,,8.4,8.0,fail,dignity naturalness 6 < 7
160,qualified (top 250),REJECTED (human suitability),hey netala,hey netala,HH EY1 N EH0 T AA1 L AH0,4,1-0-1-0,constructed,prefix-required,netala,NEW ASSISTANT IDENTITY - would replace or sit beside ARIA; Michael's decision,3,vowels may be read differently (HH EY1 N EH1 T AH0 L AH0),10.0,7,5,invented word looks less name-like than 83% of real first names,8,2.7,0,,0.4,5.1,0.507,hematology (0.1187); in a colony (0.1429); natal (0.15); any toilet (0.1571),preliminary trademark / naming review required; invented word: clearance search needed,,8.4,7.635,fail,dignity naturalness 5 < 7
212,qualified (top 250),REJECTED (human suitability),hey voluva,hey voluva,HH EY1 V OW0 L UW1 V AH0,4,1-0-1-0,constructed,prefix-required,voluva,NEW ASSISTANT IDENTITY - would replace or sit beside ARIA; Michael's decision,3,vowels may be read differently (HH EY1 V AH0 L UW1 V AH0),10.0,7,4,invented word looks less name-like than 100% of real first names,8,2.7,0,,0.5,5.2,0.517,evolution (0.1643); evolutionary (0.1643); heavily that (0.1688); his a levels (0.1738),preliminary trademark / naming review required; invented word: clearance search needed,,8.4,7.54,fail,dignity naturalness 4 < 7
62,qualified (top 250),REJECTED (human suitability),hey fevana,hey fevana,HH EY1 F EH0 V AA1 N AH0,4,1-0-1-0,constructed,prefix-required,fevana,NEW ASSISTANT IDENTITY - would replace or sit beside ARIA; Michael's decision,0,written form reads as intended,10.0,7,6,invented word looks less name-like than 64% of real first names,8,1.8,0,,1.5,5.2,0.516,fell on a (0.1567); the seven o'clock (0.1843); high heaven (0.1929); he fell on (0.1986),preliminary trademark / naming review required; invented word: clearance search needed,,8.38,7.97,fail,dignity naturalness 6 < 7
162,qualified (top 250),REJECTED (human suitability),hey netiva,hey netiva,HH EY1 N EH0 T IY1 V AH0,4,1-0-1-0,constructed,prefix-required,netiva,NEW ASSISTANT IDENTITY - would replace or sit beside ARIA; Michael's decision,3,vowels may be read differently (HH EY1 N EY0 T IY1 V AH0),10.0,7,4,invented word looks less name-like than 95% of real first names,8,1.7,0,,1.6,5.2,0.517,a native of (0.1643); may not even (0.1714); how native (0.1714); any tv (0.1786),preliminary trademark / naming review required; invented word: clearance search needed,,8.38,7.63,fail,dignity naturalness 4 < 7
145,qualified (top 250),REJECTED (human suitability),hey votona,hey votona,HH EY1 V OW0 T OW1 N AH0,4,1-0-1-0,constructed,prefix-required,votona,NEW ASSISTANT IDENTITY - would replace or sit beside ARIA; Michael's decision,0,written form reads as intended,10.0,7,4,invented word looks less name-like than 94% of real first names,8,2.7,0,,0.5,5.1,0.507,his opponent (0.1175); his opponents (0.1175); his opponent in (0.1175); of his opponent (0.1175),preliminary trademark / naming review required; invented word: clearance search needed,,8.38,7.675,fail,dignity naturalness 4 < 7
18,review list (top 100),FOR MICHAEL'S REVIEW,okay meadow,okay meadow,OW2 K EY1 M EH1 D OW2,4,2-1-1-2,word_name,prefix-required,meadow,NEW ASSISTANT IDENTITY - would replace or sit beside ARIA; Michael's decision,0,written form reads as intended,9,9,7,,6,0.8,0,,1.4,5.1,0.509,ok when (0.2083); okay when (0.2083); pokemon on (0.2143); a cocaine addict (0.2214),preliminary trademark / naming review required,,8.38,8.215,pass,
164,qualified (top 250),REJECTED (human suitability),hello butler,hello butler,HH AH0 L OW1 B AH1 T L ER0,4,0-1-1-0,role,prefix-required,butler,no new identity (functional),0,written form reads as intended,9,7,5,servant/switchboard connotation,3,1.3,0,,1.3,5.4,0.54,has a butler (0.1833); the cello better (0.2); fellow but (0.2062); the butler (0.21),preliminary trademark / naming review required; common word: weak distinctiveness,,8.36,7.62,fail,dignity naturalness 5 < 7
56,qualified (top 250),REJECTED (human suitability),hey lanula,hey lanula,HH EY1 L AH0 N UW1 L AH0,4,1-0-1-0,constructed,prefix-required,lanula,NEW ASSISTANT IDENTITY - would replace or sit beside ARIA; Michael's decision,0,written form reads as intended,10.0,7,6,invented word looks less name-like than 70% of real first names,8,1.4,0,,2.0,5.2,0.521,eleanora (0.1786); elenora (0.1786); fail unless (0.1857); whole new level (0.1875),preliminary trademark / naming review required; invented word: clearance search needed,,8.36,8.0,fail,dignity naturalness 6 < 7
123,qualified (top 250),REJECTED (human suitability),okay caos,okay caos,OW2 K EY1 K EY1 AA2 S,4,2-1-1-2,brand,prefix-required,caos,no new identity (product name),7,spelling suggests a different pronunciation (OW2 K EY1 K AA1 Z),8,7,7,,9,0.8,0,,0.5,5.1,0.509,be chaos (0.2083); to chaos (0.2167); cake it's (0.225); cake was (0.2417),preliminary trademark / naming review required,,8.36,7.755,fail,pronunciation ambiguity 7 > 4
139,qualified (top 250),REJECTED (human suitability),hey bavisa,hey bavisa,HH EY1 B AH0 V IY1 S AH0,4,1-0-1-0,constructed,prefix-required,bavisa,NEW ASSISTANT IDENTITY - would replace or sit beside ARIA; Michael's decision,3,vowels may be read differently (HH EY1 B AA0 V IY1 S AH0),9,7,5,invented word looks less name-like than 82% of real first names,8,1.4,0,,1.1,5.2,0.521,need a visa (0.1786); afraid of something (0.1929); anybody suspected (0.1986); anybody suspected you (0.1986),preliminary trademark / naming review required; invented word: clearance search needed,,8.34,7.69,fail,dignity naturalness 5 < 7
120,review list (top 100),FOR MICHAEL'S REVIEW,hey care companion,hey care companion,HH EY1 K EH1 R K AH0 M P AE1 N Y AH0 N,5,1-1-0-1-0,role,prefix-required,care companion,no new identity (functional),0,written form reads as intended,9,7,7,,3,2.2,0,,1.4,6.3,0.626,your companion (0.1417); his companion (0.1433); good companion (0.1542); female companionship (0.1821),preliminary trademark / naming review required; common word: weak distinctiveness,,8.34,7.765,pass,
178,qualified (top 250),REJECTED (human suitability),hey covuna,hey covuna,HH EY1 K OW0 V UW1 N AH0,4,1-0-1-0,constructed,prefix-required,covuna,NEW ASSISTANT IDENTITY - would replace or sit beside ARIA; Michael's decision,0,written form reads as intended,10.0,7,4,invented word looks less name-like than 94% of real first names,8,3.3,0,,0.0,5.0,0.499,covina (0.0833); ozuna (0.2067); coven (0.2167); beethoven is (0.2214),preliminary trademark / naming review required; invented word: clearance search needed,,8.34,7.59,fail,dignity naturalness 4 < 7
122,review list (top 100),FOR MICHAEL'S REVIEW,okay care desk,okay care desk,OW2 K EY1 K EH1 R D EH1 S K,4,2-1-1-1,role,prefix-required,care desk,no new identity (functional),0,written form reads as intended,7,7,7,,3,0.9,0,,0.0,5.6,0.564,take a risk (0.2056); take a rest (0.2222); picaresque (0.2222),preliminary trademark / naming review required; common word: weak distinctiveness,,8.34,7.76,pass,
85,review list (top 100),FOR MICHAEL'S REVIEW,okay robin,okay robin,OW2 K EY1 R AA1 B AH0 N,4,2-1-1-0,word_name,prefix-required,robin,NEW ASSISTANT IDENTITY - would replace or sit beside ARIA; Michael's decision,2,written form reads as intended; 2 dictionary pronunciations,9,9,7,,3,1.4,0,,1.1,5.2,0.521,so terrible (0.1812); is so terrible (0.1812); karajan (0.2071); so arrogant (0.2188),preliminary trademark / naming review required; common word: weak distinctiveness,,8.34,7.89,pass,
150,review list (top 100),FOR MICHAEL'S REVIEW,hey care team,hey care team,HH EY1 K EH1 R T IY1 M,3,1-1-1,role,prefix-required,care team,no new identity (functional),0,written form reads as intended,9,7,7,,3,2.5,0,,0.0,5.1,0.506,carotene (0.1286); keratin (0.15); hate eating (0.1643); their team (0.1667),preliminary trademark / naming review required; common word: weak distinctiveness,,8.32,7.665,pass,
355,qualified (top 250),REJECTED (human suitability),hey sonula,hey sonula,HH EY1 S OW0 N UW1 L AH0,4,1-0-1-0,constructed,prefix-required,sonula,NEW ASSISTANT IDENTITY - would replace or sit beside ARIA; Michael's decision,7,spelling suggests a different pronunciation (HH EY1 S AA1 N Y AH0 L AH0),9,6,4,invented word looks less name-like than 88% of real first names; spelling does not show how to say it,8,2.1,0,,0.4,5.1,0.513,conversationalist (0.1462); a good conversationalist (0.1462); good conversationalist (0.1462); educational and (0.205),preliminary trademark / naming review required; invented word: clearance search needed,,8.32,7.205,fail,dignity naturalness 4 < 7; pronunciation ambiguity 7 > 4
38,review list (top 100),FOR MICHAEL'S REVIEW,okay cascade,okay cascade,OW2 K EY1 K AE0 S K EY1 D,4,2-1-0-1,word_name,prefix-required,cascade,NEW ASSISTANT IDENTITY - would replace or sit beside ARIA; Michael's decision,0,written form reads as intended,7,9,7,,6,0.9,0,,0.0,5.5,0.545,the cascade (0.2062); cascade (0.25),preliminary trademark / naming review required,,8.32,8.095,pass,
33,review list (top 100),FOR MICHAEL'S REVIEW,okay prudence,okay prudence,OW2 K EY1 P R UW1 D AH0 N S,4,2-1-1-0,word_name,prefix-required,prudence,NEW ASSISTANT IDENTITY - would replace or sit beside ARIA; Michael's decision,0,written form reads as intended,7,9,7,,6,0.7,0,,0.4,5.7,0.566,be prudent (0.2167); prudence (0.2222); of prudence (0.2222); to be prudent (0.25),preliminary trademark / naming review required,,8.32,8.125,pass,
39,review list (top 100),FOR MICHAEL'S REVIEW,okay starling,okay starling,OW2 K EY1 S T AA1 R L IH0 NG,4,2-1-1-0,word_name,prefix-required,starling,NEW ASSISTANT IDENTITY - would replace or sit beside ARIA; Michael's decision,0,written form reads as intended,7,9,7,,6,1.0,0,,0.0,5.6,0.562,day starting (0.2); scottish parliament (0.217); starling (0.2222); focused on learning (0.23),preliminary trademark / naming review required,,8.32,8.09,pass,
153,qualified (top 250),REJECTED (human suitability),hey lovora,hey lovora,HH EY1 L OW0 V AO1 R AH0,4,1-0-1-0,constructed,prefix-required,lovora,NEW ASSISTANT IDENTITY - would replace or sit beside ARIA; Michael's decision,0,written form reads as intended,10.0,7,5,invented word looks less name-like than 77% of real first names,8,3.5,0,,0.0,5.0,0.497,low for a (0.075); layla for a (0.1571); hero for (0.1714); low for (0.175),preliminary trademark / naming review required; invented word: clearance search needed,,8.3,7.65,fail,dignity naturalness 5 < 7
98,qualified (top 250),REJECTED (human suitability),hey ralosa,hey ralosa,HH EY1 R AH0 L OW1 S AH0,4,1-0-1-0,constructed,prefix-required,ralosa,NEW ASSISTANT IDENTITY - would replace or sit beside ARIA; Michael's decision,0,written form reads as intended,9,7,5,invented word looks less name-like than 87% of real first names,8,1.2,0,,1.5,5.2,0.524,temporarily suspended (0.1929); hair loss (0.2); mira lost (0.2); their losses (0.2),preliminary trademark / naming review required; invented word: clearance search needed,,8.3,7.84,fail,dignity naturalness 5 < 7
236,qualified (top 250),REJECTED (human suitability),hey redosa,hey redosa,HH EY1 R EH0 D OW1 S AH0,4,1-0-1-0,constructed,prefix-required,redosa,NEW ASSISTANT IDENTITY - would replace or sit beside ARIA; Michael's decision,3,vowels may be read differently (HH EY1 R AH0 D OW1 S AH0),9,7,4,invented word looks less name-like than 92% of real first names,8,2.2,0,,0.4,5.1,0.512,reynosa (0.1417); paradise of (0.1786); very docile (0.1857); iridescent (0.2),preliminary trademark / naming review required; invented word: clearance search needed,,8.3,7.485,fail,dignity naturalness 4 < 7
64,review list (top 100),FOR MICHAEL'S REVIEW,okay harmony,okay harmony,OW2 K EY1 HH AA1 R M AH0 N IY0,5,2-1-1-0-0,word_name,prefix-required,harmony,NEW ASSISTANT IDENTITY - would replace or sit beside ARIA; Michael's decision,0,written form reads as intended,8,9,7,,3,1.3,0,,0.8,5.6,0.562,the harmony (0.1833); a harmony (0.1833); before money (0.1889); yokohama is (0.2),preliminary trademark / naming review required; common word: weak distinctiveness,,8.3,7.95,pass,
179,qualified (top 250),REJECTED (human suitability),hey lamuta,hey lamuta,HH EY1 L AH0 M UW1 T AH0,4,1-0-1-0,constructed,prefix-required,lamuta,NEW ASSISTANT IDENTITY - would replace or sit beside ARIA; Michael's decision,3,vowels may be read differently (HH EY1 L AA0 M UW1 T AH0),10.0,7,4,invented word looks less name-like than 94% of real first names,8,1.6,0,,2.2,5.2,0.519,layla met a (0.1714); layla met up (0.1714); layla noticed (0.1786); lamotte (0.1833),preliminary trademark / naming review required; invented word: clearance search needed,,8.28,7.59,fail,dignity naturalness 4 < 7
258,qualified (top 250),REJECTED (human suitability),hey ponisa,hey ponisa,HH EY1 P OW0 N IY1 S AH0,4,1-0-1-0,constructed,prefix-required,ponisa,NEW ASSISTANT IDENTITY - would replace or sit beside ARIA; Michael's decision,3,vowels may be read differently (HH EY1 P AA1 N IH0 S AH0),9,7,4,invented word looks less name-like than 91% of real first names,8,2.7,0,,0.0,5.1,0.507,happen if a (0.1175); pony show (0.1283); make any sudden (0.1571); hated each other (0.1713),preliminary trademark / naming review required; invented word: clearance search needed,,8.28,7.425,fail,dignity naturalness 4 < 7
43,review list (top 100),FOR MICHAEL'S REVIEW,okay florence,okay florence,OW2 K EY1 F L AO1 R AH0 N S,4,2-1-1-0,word_name,prefix-required,florence,NEW ASSISTANT IDENTITY - would replace or sit beside ARIA; Michael's decision,0,written form reads as intended,7,9,7,,6,1.2,0,,0.0,5.6,0.56,h lawrence (0.1889); florence (0.2222); in florence (0.2222); of florence (0.2222),preliminary trademark / naming review required,,8.28,8.05,pass,
71,review list (top 100),FOR MICHAEL'S REVIEW,okay sierra,okay sierra,OW2 K EY1 S IY0 EH1 R AH0,5,2-1-0-1-0,word_name,prefix-required,sierra,NEW ASSISTANT IDENTITY - would replace or sit beside ARIA; Michael's decision,0,written form reads as intended,8,9,7,,3,1.2,0,,0.7,5.3,0.527,ok here (0.1929); ok there (0.2243); case there (0.2286); case where (0.2286),preliminary trademark / naming review required; common word: weak distinctiveness,,8.28,7.935,pass,
190,qualified (top 250),REJECTED (human suitability),okay steward,okay steward,OW2 K EY1 S T UW1 ER0 D,4,2-1-1-0,role,prefix-required,steward,no new identity (functional),0,written form reads as intended,7,7,5,servant/switchboard connotation,3,0.3,0,,0.6,5.3,0.534,custard (0.2357); the steward (0.2357); pestered (0.2429); ok to drink (0.25),preliminary trademark / naming review required,,8.28,7.575,fail,dignity naturalness 5 < 7
158,qualified (top 250),REJECTED (human suitability),hey bovela,hey bovela,HH EY1 B OW0 V EH1 L AH0,4,1-0-1-0,constructed,prefix-required,bovela,NEW ASSISTANT IDENTITY - would replace or sit beside ARIA; Michael's decision,3,vowels may be read differently (HH EY1 B OW1 V AH0 L AH0),10.0,7,5,invented word looks less name-like than 80% of real first names,8,2.0,0,,1.8,5.1,0.514,novella (0.15); they developed (0.1857); they develop (0.1857); they developed a (0.1857),preliminary trademark / naming review required; invented word: clearance search needed,,8.26,7.635,fail,dignity naturalness 5 < 7
167,qualified (top 250),REJECTED (human suitability),hey fetuda,hey fetuda,HH EY1 F EH0 T UW1 D AH0,4,1-0-1-0,constructed,prefix-required,fetuda,NEW ASSISTANT IDENTITY - would replace or sit beside ARIA; Michael's decision,3,vowels may be read differently (HH EY1 F AH0 T UW1 D AH0),10.0,7,4,invented word looks less name-like than 100% of real first names,8,1.3,0,,2.6,5.2,0.522,safer to do (0.1857); fee to the (0.1867); fukuda (0.1917); if students (0.1929),preliminary trademark / naming review required; invented word: clearance search needed,,8.26,7.61,fail,dignity naturalness 4 < 7
235,qualified (top 250),REJECTED (human suitability),hey nemira,hey nemira,HH EY1 N EH0 M IY1 R AH0,4,1-0-1-0,constructed,prefix-required,nemira,NEW ASSISTANT IDENTITY - would replace or sit beside ARIA; Michael's decision,3,vowels may be read differently (HH EY1 N AH0 M IH1 R AH0),10.0,7,5,invented word looks less name-like than 85% of real first names,8,3.5,0,,0.3,5.1,0.508,life in america (0.125); in america (0.1357); in american (0.1357); in america the (0.1357),preliminary trademark / naming review required; invented word: clearance search needed,,8.26,7.485,fail,dignity naturalness 5 < 7
215,qualified (top 250),REJECTED (human suitability),hey netuda,hey netuda,HH EY1 N EH0 T UW1 D AH0,4,1-0-1-0,constructed,prefix-required,netuda,NEW ASSISTANT IDENTITY - would replace or sit beside ARIA; Michael's decision,3,vowels may be read differently (HH EY1 N AH0 T UW1 D AH0),10.0,7,4,invented word looks less name-like than 97% of real first names,8,2.0,0,,1.8,5.1,0.514,knitted a (0.15); magnitude of (0.1857); the magnitude of (0.1857); magnitude of the (0.1857),preliminary trademark / naming review required; invented word: clearance search needed,,8.26,7.535,fail,dignity naturalness 4 < 7
140,qualified (top 250),REJECTED (human suitability),hey radova,hey radova,HH EY1 R AH0 D OW1 V AH0,4,1-0-1-0,constructed,prefix-required,radova,NEW ASSISTANT IDENTITY - would replace or sit beside ARIA; Michael's decision,0,written form reads as intended,10.0,7,4,invented word looks less name-like than 93% of real first names,8,2.0,0,,1.8,5.1,0.514,read over (0.15); villanova (0.1857); run over (0.1917); rid of a (0.1917),preliminary trademark / naming review required; invented word: clearance search needed,,8.26,7.685,fail,dignity naturalness 4 < 7
157,review list (top 100),FOR MICHAEL'S REVIEW,okay care team,okay care team,OW2 K EY1 K EH1 R T IY1 M,4,2-1-1-1,role,prefix-required,care team,no new identity (functional),0,written form reads as intended,8,7,7,,3,2.1,0,,0.0,5.4,0.543,located in (0.1938); located in the (0.1938); located in north (0.1938); located in a (0.1938),preliminary trademark / naming review required; common word: weak distinctiveness,,8.26,7.64,pass,
79,review list (top 100),FOR MICHAEL'S REVIEW,okay liberty,okay liberty,OW2 K EY1 L IH1 B ER0 T IY2,5,2-1-1-0-2,word_name,prefix-required,liberty,NEW ASSISTANT IDENTITY - would replace or sit beside ARIA; Michael's decision,0,written form reads as intended,9,9,7,,3,1.8,0,,1.3,5.4,0.539,to liberty (0.1625); me liberty (0.1812); my liberty (0.2); no liberty (0.2),preliminary trademark / naming review required; common word: weak distinctiveness,,8.26,7.92,pass,
46,review list (top 100),FOR MICHAEL'S REVIEW,okay sparrow,okay sparrow,OW2 K EY1 S P EH1 R OW0,4,2-1-1-0,word_name,prefix-required,sparrow,NEW ASSISTANT IDENTITY - would replace or sit beside ARIA; Michael's decision,0,written form reads as intended,7,9,7,,6,1.0,0,,0.0,5.3,0.526,hate asparagus (0.2); castello (0.2); know his parents (0.2025); though his parents (0.2025),preliminary trademark / naming review required,,8.26,8.045,pass,
344,qualified (top 250),REJECTED (human suitability),hey coroda,hey coroda,HH EY1 K OW0 R OW1 D AH0,4,1-0-1-0,constructed,prefix-required,coroda,NEW ASSISTANT IDENTITY - would replace or sit beside ARIA; Michael's decision,7,spelling suggests a different pronunciation (HH EY1 K ER0 OW1 D AH0),10.0,6,4,invented word looks less name-like than 78% of real first names; spelling does not show how to say it,8,2.0,0,,1.9,5.1,0.514,diego rode (0.15); colonna (0.1583); toyoda (0.165); co wrote (0.175),preliminary trademark / naming review required; invented word: clearance search needed,,8.24,7.225,fail,dignity naturalness 4 < 7; pronunciation ambiguity 7 > 4
124,qualified (top 250),REJECTED (human suitability),hey godera,hey godera,HH EY1 G OW0 D EH1 R AH0,4,1-0-1-0,constructed,prefix-required,godera,NEW ASSISTANT IDENTITY - would replace or sit beside ARIA; Michael's decision,0,written form reads as intended,10.0,7,4,invented word looks less name-like than 93% of real first names,8,1.3,0,,2.7,5.2,0.521,he go there (0.1814); may go wherever (0.1857); rodrigo didn't (0.1929); made a terrible (0.2071),preliminary trademark / naming review required; invented word: clearance search needed,,8.24,7.75,fail,dignity naturalness 4 < 7
130,qualified (top 250),REJECTED (human suitability),hey folina,hey folina,HH EY1 F OW0 L IY1 N AH0,4,1-0-1-0,constructed,prefix-required,folina,NEW ASSISTANT IDENTITY - would replace or sit beside ARIA; Michael's decision,0,written form reads as intended,10.0,7,6,invented word looks less name-like than 73% of real first names,8,3.3,0,,0.6,5.0,0.499,hole in a (0.0833); solana (0.1233); selena (0.1483); selina (0.1483),preliminary trademark / naming review required; invented word: clearance search needed,,8.22,7.73,fail,dignity naturalness 6 < 7
81,review list (top 100),FOR MICHAEL'S REVIEW,okay harbor,okay harbor,OW2 K EY1 HH AA1 R B ER0,4,2-1-1-0,word_name,prefix-required,harbor,NEW ASSISTANT IDENTITY - would replace or sit beside ARIA; Michael's decision,0,written form reads as intended,8,9,7,,3,1.1,0,,1.0,5.2,0.524,ok for her (0.1938); ok for (0.2214); okay for (0.2214); ok for a (0.2214),preliminary trademark / naming review required; common word: weak distinctiveness,,8.22,7.91,pass,
67,review list (top 100),FOR MICHAEL'S REVIEW,okay jasmine,okay jasmine,OW2 K EY1 JH AE1 Z M AH0 N,4,2-1-1-0,word_name,prefix-required,jasmine,NEW ASSISTANT IDENTITY - would replace or sit beside ARIA; Michael's decision,2,written form reads as intended; 2 dictionary pronunciations,6,9,7,,6,0.4,0,,0.0,5.5,0.55,paid as much (0.2275); jasmine (0.25); of jasmine (0.25),preliminary trademark / naming review required,,8.22,7.945,pass,
186,review list (top 100),FOR MICHAEL'S REVIEW,hello helper,hello helper,HH AH0 L OW1 HH EH1 L P ER0,4,0-1-1-0,role,prefix-required,helper,no new identity (functional),0,written form reads as intended,9,7,7,,3,2.9,0,,0.4,5.3,0.534,shall i help (0.1562); help help (0.1625); hello hello (0.1625); the local berber (0.1963),preliminary trademark / naming review required,,8.2,7.575,pass,
206,qualified (top 250),REJECTED (human suitability),hey roluna,hey roluna,HH EY1 R OW0 L UW1 N AH0,4,1-0-1-0,constructed,prefix-required,roluna,NEW ASSISTANT IDENTITY - would replace or sit beside ARIA; Michael's decision,0,written form reads as intended,10.0,7,5,invented word looks less name-like than 80% of real first names,8,4.0,0,,0.0,5.0,0.503,role in a (0.1); rolling a (0.1583); cairo university (0.1771); role in (0.2),preliminary trademark / naming review required; invented word: clearance search needed,,8.2,7.55,fail,dignity naturalness 5 < 7
170,qualified (top 250),REJECTED (human suitability),hey zonuva,hey zonuva,HH EY1 Z OW0 N UW1 V AH0,4,1-0-1-0,constructed,prefix-required,zonuva,NEW ASSISTANT IDENTITY - would replace or sit beside ARIA; Michael's decision,0,written form reads as intended,9,7,4,invented word looks less name-like than 100% of real first names,8,2.0,0,,1.1,5.1,0.514,his own isn't (0.1487); zone over (0.1917); haven of (0.1925); his own shoes (0.1988),preliminary trademark / naming review required; invented word: clearance search needed,,8.2,7.605,fail,dignity naturalness 4 < 7
73,review list (top 100),FOR MICHAEL'S REVIEW,okay ivory,okay ivory,OW2 K EY1 AY1 V ER0 IY0,5,2-1-1-0-0,word_name,prefix-required,ivory,NEW ASSISTANT IDENTITY - would replace or sit beside ARIA; Michael's decision,2,written form reads as intended; 2 dictionary pronunciations,9,9,7,,6,1.7,0,,1.3,5.0,0.503,ok i've (0.1667); broke every (0.1929); broke every rule (0.1929); horoscope every (0.2429),preliminary trademark / naming review required,,8.2,7.93,pass,
45,review list (top 100),FOR MICHAEL'S REVIEW,okay jade,okay jade,OW2 K EY1 JH EY1 D,3,2-1-1,word_name,prefix-required,jade,NEW ASSISTANT IDENTITY - would replace or sit beside ARIA; Michael's decision,0,written form reads as intended,8,9,7,,6,1.0,0,,0.9,4.9,0.486,caged (0.2); cage at (0.2); cages (0.21); cage is (0.21),preliminary trademark / naming review required,,8.2,8.045,pass,
40,review list (top 100),FOR MICHAEL'S REVIEW,okay lantern,okay lantern,OW2 K EY1 L AE1 N T ER0 N,4,2-1-1-0,word_name,prefix-required,lantern,NEW ASSISTANT IDENTITY - would replace or sit beside ARIA; Michael's decision,0,written form reads as intended,8,9,7,,6,1.0,0,,1.4,5.4,0.544,clanton (0.2); tokyo international (0.2056); tokyo international airport (0.2056); the lantern (0.2062),preliminary trademark / naming review required,,8.2,8.07,pass,
44,review list (top 100),FOR MICHAEL'S REVIEW,okay lavender,okay lavender,OW2 K EY1 L AE1 V AH0 N D ER0,5,2-1-1-0-0,word_name,prefix-required,lavender,NEW ASSISTANT IDENTITY - would replace or sit beside ARIA; Michael's decision,0,written form reads as intended,8,9,7,,6,1.3,0,,1.3,5.6,0.562,a lavender (0.1833); to live under (0.2056); key was under (0.2156); lavender (0.2222),preliminary trademark / naming review required,,8.2,8.05,pass,
226,qualified (top 250),REJECTED (human suitability),hey gotuda,hey gotuda,HH EY1 G OW0 T UW1 D AH0,4,1-0-1-0,constructed,prefix-required,gotuda,NEW ASSISTANT IDENTITY - would replace or sit beside ARIA; Michael's decision,0,written form reads as intended,10.0,7,4,invented word looks less name-like than 100% of real first names,8,3.3,0,,0.9,5.1,0.51,go to buy (0.1333); go to the (0.1367); diego didn't (0.15); diego didn't know (0.15),preliminary trademark / naming review required; invented word: clearance search needed,,8.18,7.515,fail,dignity naturalness 4 < 7
88,review list (top 100),FOR MICHAEL'S REVIEW,okay cardinal,okay cardinal,OW2 K EY1 K AA1 R D AH0 N AH0 L,5,2-1-1-0-0,word_name,prefix-required,cardinal,NEW ASSISTANT IDENTITY - would replace or sit beside ARIA; Michael's decision,2,written form reads as intended; 2 dictionary pronunciations,8,9,7,,6,1.9,0,,0.9,5.7,0.574,located in algiers (0.155); located in algeria (0.155); the cardinal (0.165); a cardinal (0.165),preliminary trademark / naming review required,,8.18,7.885,pass,
182,qualified (top 250),REJECTED (human suitability),hey bolesa,hey bolesa,HH EY1 B OW0 L EH1 S AH0,4,1-0-1-0,constructed,prefix-required,bolesa,NEW ASSISTANT IDENTITY - would replace or sit beside ARIA; Michael's decision,0,written form reads as intended,9,7,4,invented word looks less name-like than 91% of real first names,8,2.0,0,,1.3,5.1,0.514,bolus (0.15); bolsa (0.1667); diego left (0.17); how melissa (0.1812),preliminary trademark / naming review required; invented word: clearance search needed,,8.16,7.585,fail,dignity naturalness 4 < 7
132,review list (top 100),FOR MICHAEL'S REVIEW,hey borita,hey borita,HH EY1 B OW0 R IY1 T AH0,4,1-0-1-0,constructed,prefix-required,borita,NEW ASSISTANT IDENTITY - would replace or sit beside ARIA; Michael's decision,3,vowels may be read differently (HH EY1 B AO0 R IY1 T AH0),10.0,7,7,,8,2.7,0,,1.6,5.1,0.506,bonita (0.1167); morita (0.1667); murrieta (0.1667); brita (0.1667),preliminary trademark / naming review required; invented word: clearance search needed,,8.16,7.715,pass,
97,review list (top 100),FOR MICHAEL'S REVIEW,hey dorana,hey dorana,HH EY1 D OW0 R AA1 N AH0,4,1-0-1-0,constructed,prefix-required,dorana,NEW ASSISTANT IDENTITY - would replace or sit beside ARIA; Michael's decision,3,vowels may be read differently (HH EY1 D AO0 R AA1 N AH0),10.0,7,7,,8,1.5,0,,2.9,5.2,0.52,door on (0.175); goes on a (0.175); they'd promised (0.1857); made promises (0.1857),preliminary trademark / naming review required; invented word: clearance search needed,,8.16,7.84,pass,
141,qualified (top 250),REJECTED (human suitability),hey maluva,hey maluva,HH EY1 M AH0 L UW1 V AH0,4,1-0-1-0,constructed,prefix-required,maluva,NEW ASSISTANT IDENTITY - would replace or sit beside ARIA; Michael's decision,0,written form reads as intended,10.0,7,4,invented word looks less name-like than 95% of real first names,8,1.6,0,,2.8,5.2,0.519,him lose (0.17); an allusion (0.1714); maloof (0.175); family the (0.1786),preliminary trademark / naming review required; invented word: clearance search needed,,8.16,7.68,fail,dignity naturalness 4 < 7
143,qualified (top 250),REJECTED (human suitability),hey rotuda,hey rotuda,HH EY1 R OW0 T UW1 D AH0,4,1-0-1-0,constructed,prefix-required,rotuda,NEW ASSISTANT IDENTITY - would replace or sit beside ARIA; Michael's decision,0,written form reads as intended,10.0,7,4,invented word looks less name-like than 97% of real first names,8,1.6,0,,2.8,5.2,0.518,inherited all (0.1688); heritable (0.175); inheritable (0.175); inherited it (0.1812),preliminary trademark / naming review required; invented word: clearance search needed,,8.16,7.68,fail,dignity naturalness 4 < 7
194,qualified (top 250),REJECTED (human suitability),hey detila,hey detila,HH EY1 D EH0 T IY1 L AH0,4,1-0-1-0,constructed,prefix-required,detila,NEW ASSISTANT IDENTITY - would replace or sit beside ARIA; Michael's decision,3,vowels may be read differently (HH EY1 D IH0 T IY1 L AH0),10.0,7,5,invented word looks less name-like than 86% of real first names,8,2.1,0,,2.3,5.1,0.513,had a telephone (0.1438); had a terrible (0.1562); shady dealings (0.1786); tequila (0.1833),preliminary trademark / naming review required; invented word: clearance search needed,,8.14,7.565,fail,dignity naturalness 5 < 7
296,qualified (top 250),REJECTED (human suitability),hey naruta,hey naruta,HH EY1 N AH0 R UW1 T AH0,4,1-0-1-0,constructed,prefix-required,naruta,NEW ASSISTANT IDENTITY - would replace or sit beside ARIA; Michael's decision,3,vowels may be read differently (HH EY1 N AA0 R UW1 T AH0),10.0,7,4,invented word looks less name-like than 98% of real first names,8,3.5,0,,0.8,5.0,0.497,neruda (0.075); narita (0.1333); pablo neruda (0.15); same route (0.1786),preliminary trademark / naming review required; invented word: clearance search needed,,8.14,7.32,fail,dignity naturalness 4 < 7
108,review list (top 100),FOR MICHAEL'S REVIEW,okay anchor,okay anchor,OW2 K EY1 AE1 NG K ER0,4,2-1-1-0,word_name,prefix-required,anchor,NEW ASSISTANT IDENTITY - would replace or sit beside ARIA; Michael's decision,0,written form reads as intended,8,9,7,,3,1.7,0,,0.6,5.0,0.5,canker (0.1667); ok after (0.1929); to anchor (0.2167); clunker (0.2167),preliminary trademark / naming review required; common word: weak distinctiveness,,8.14,7.8,pass,
58,review list (top 100),FOR MICHAEL'S REVIEW,okay opal,okay opal,OW2 K EY1 OW1 P AH0 L,4,2-1-1-0,word_name,prefix-required,opal,NEW ASSISTANT IDENTITY - would replace or sit beside ARIA; Michael's decision,0,written form reads as intended,9,9,7,,6,1.7,0,,1.6,5.0,0.5,okay okay (0.1667); capel (0.1667); paypal (0.225); papal (0.225),preliminary trademark / naming review required,,8.14,8.0,pass,
223,qualified (top 250),REJECTED (human suitability),hey camiva,hey camiva,HH EY1 K AH0 M IY1 V AH0,4,1-0-1-0,constructed,prefix-required,camiva,NEW ASSISTANT IDENTITY - would replace or sit beside ARIA; Michael's decision,3,vowels may be read differently (HH EY1 K AA0 M IY1 V AH0),10.0,7,5,invented word looks less name-like than 81% of real first names,8,2.5,0,,2.0,5.1,0.508,come as a (0.1233); come either (0.1333); come easy (0.14); take a minute (0.1557),preliminary trademark / naming review required; invented word: clearance search needed,,8.12,7.515,fail,dignity naturalness 5 < 7
200,human-suitable,below top-100 cut,hey care desk,hey care desk,HH EY1 K EH1 R D EH1 S K,3,1-1-1,role,prefix-required,care desk,no new identity (functional),0,written form reads as intended,8,7,7,,3,2.2,0,,0.5,5.3,0.528,their desk (0.1429); he could escape (0.1688); cash desk (0.1714); hated school (0.2062),preliminary trademark / naming review required; common word: weak distinctiveness,,8.12,7.555,fail,total score 7.555 below the 100th
121,qualified (top 250),REJECTED (human suitability),hey leveta,hey leveta,HH EY1 L EH0 V EH1 T AH0,4,1-0-1-0,constructed,prefix-required,leveta,NEW ASSISTANT IDENTITY - would replace or sit beside ARIA; Michael's decision,0,written form reads as intended,10.0,7,6,invented word looks less name-like than 70% of real first names,8,2.5,0,,2.0,5.1,0.507,hell of it (0.1214); believe it'll (0.1214); levitt (0.1333); leavitt (0.1333),preliminary trademark / naming review required; invented word: clearance search needed,,8.12,7.765,fail,dignity naturalness 6 < 7
250,qualified (top 250),REJECTED (human suitability),hey zemuva,hey zemuva,HH EY1 Z EH0 M UW1 V AH0,4,1-0-1-0,constructed,prefix-required,zemuva,NEW ASSISTANT IDENTITY - would replace or sit beside ARIA; Michael's decision,3,vowels may be read differently (HH EY1 Z EY0 M UW1 V AH0),9,7,4,invented word looks less name-like than 100% of real first names,8,1.7,0,,1.9,5.2,0.518,remove a (0.1667); is a movie (0.1786); is a movement (0.1786); them to the (0.1886),preliminary trademark / naming review required; invented word: clearance search needed,,8.12,7.45,fail,dignity naturalness 4 < 7
48,review list (top 100),FOR MICHAEL'S REVIEW,okay hazel,okay hazel,OW2 K EY1 HH EY1 Z AH0 L,4,2-1-1-0,word_name,prefix-required,hazel,NEW ASSISTANT IDENTITY - would replace or sit beside ARIA; Michael's decision,0,written form reads as intended,8,9,7,,6,0.8,0,,2.0,5.3,0.529,vocational (0.2125); broke his leg (0.2438); broke his left (0.2438); obey his (0.25),preliminary trademark / naming review required,,8.1,8.035,pass,
204,qualified (top 250),REJECTED (human suitability),hey caos care,hey caos care,HH EY1 K EY1 AA2 S K EH1 R,4,1-1-2-1,brand,prefix-required,caos,no new identity (product name),7,spelling suggests a different pronunciation (HH EY1 K AA1 Z K EH1 R),8,7,7,,9,1.6,0,,1.4,5.4,0.537,became scared (0.1688); takes care (0.1929); he takes care (0.2); making spare (0.2125),preliminary trademark / naming review required,,8.08,7.55,fail,pronunciation ambiguity 7 > 4
225,qualified (top 250),REJECTED (human suitability),hey demota,hey demota,HH EY1 D EH0 M OW1 T AH0,4,1-0-1-0,constructed,prefix-required,demota,NEW ASSISTANT IDENTITY - would replace or sit beside ARIA; Michael's decision,3,vowels may be read differently (HH EY1 D IH0 M OW1 T AH0),10.0,7,5,invented word looks less name-like than 85% of real first names,8,2.3,0,,2.4,5.1,0.51,demote (0.1333); already noticed (0.1357); already noticed that (0.1357); heading out of (0.15),preliminary trademark / naming review required; invented word: clearance search needed,,8.08,7.515,fail,dignity naturalness 5 < 7
259,qualified (top 250),REJECTED (human suitability),hey retira,hey retira,HH EY1 R EH0 T IY1 R AH0,4,1-0-1-0,constructed,prefix-required,retira,NEW ASSISTANT IDENTITY - would replace or sit beside ARIA; Michael's decision,3,vowels may be read differently (HH EY1 R EY0 T IY1 R AH0),10.0,7,4,invented word looks less name-like than 90% of real first names,8,2.2,0,,2.5,5.1,0.512,repair a (0.1417); tom inherited a (0.1437); he inherited a (0.1437); heritages (0.1462),preliminary trademark / naming review required; invented word: clearance search needed,,8.08,7.425,fail,dignity naturalness 4 < 7
198,qualified (top 250),REJECTED (human suitability),hey zodota,hey zodota,HH EY1 Z OW0 D OW1 T AH0,4,1-0-1-0,constructed,prefix-required,zodota,NEW ASSISTANT IDENTITY - would replace or sit beside ARIA; Michael's decision,0,written form reads as intended,9,7,4,invented word looks less name-like than 97% of real first names,8,1.9,0,,1.9,5.2,0.516,she's a total (0.1562); hesitate a (0.175); has a boat (0.1875); headed out of (0.1937),preliminary trademark / naming review required; invented word: clearance search needed,,8.08,7.56,fail,dignity naturalness 4 < 7
222,qualified (top 250),REJECTED (human suitability),hey zomeva,hey zomeva,HH EY1 Z OW0 M EH1 V AH0,4,1-0-1-0,constructed,prefix-required,zomeva,NEW ASSISTANT IDENTITY - would replace or sit beside ARIA; Michael's decision,0,written form reads as intended,9,7,4,invented word looks less name-like than 99% of real first names,8,2.2,0,,1.5,5.1,0.512,racism is a (0.1425); always obey the (0.1571); he's american (0.1737); way home isn't (0.1771),preliminary trademark / naming review required; invented word: clearance search needed,,8.08,7.525,fail,dignity naturalness 4 < 7
75,review list (top 100),FOR MICHAEL'S REVIEW,okay laurel,okay laurel,OW2 K EY1 L AO1 R AH0 L,4,2-1-1-0,word_name,prefix-required,laurel,NEW ASSISTANT IDENTITY - would replace or sit beside ARIA; Michael's decision,0,written form reads as intended,9,9,7,,6,2.2,0,,1.5,5.1,0.512,ok for a (0.1429); folklore and (0.2125); no quarrel with (0.2188); have no quarrel (0.2188),preliminary trademark / naming review required,,8.08,7.925,pass,
146,qualified (top 250),REJECTED (human suitability),hey doriva,hey doriva,HH EY1 D OW0 R IY1 V AH0,4,1-0-1-0,constructed,prefix-required,doriva,NEW ASSISTANT IDENTITY - would replace or sit beside ARIA; Michael's decision,3,vowels may be read differently (HH EY1 D AO0 R IY1 V AH0),10.0,7,6,invented word looks less name-like than 69% of real first names,8,1.7,0,,3.2,5.2,0.517,made olivia (0.1643); door of a (0.175); absolutely no reason (0.1771); really no reason (0.1771),preliminary trademark / naming review required; invented word: clearance search needed,,8.06,7.67,fail,dignity naturalness 6 < 7
156,qualified (top 250),REJECTED (human suitability),hey ganasa,hey ganasa,HH EY1 G AH0 N AA1 S AH0,4,1-0-1-0,constructed,prefix-required,ganasa,NEW ASSISTANT IDENTITY - would replace or sit beside ARIA; Michael's decision,0,written form reads as intended,9,7,5,invented word looks less name-like than 90% of real first names,8,1.9,0,,1.9,5.1,0.515,ignatia (0.1529); pagan origins (0.1714); had a nice (0.1929); paganism (0.1929),preliminary trademark / naming review required; invented word: clearance search needed,,8.06,7.645,fail,dignity naturalness 5 < 7
272,qualified (top 250),REJECTED (human suitability),hey penava,hey penava,HH EY1 P EH0 N AA1 V AH0,4,1-0-1-0,constructed,prefix-required,penava,NEW ASSISTANT IDENTITY - would replace or sit beside ARIA; Michael's decision,3,vowels may be read differently (HH EY1 P AH0 N AA1 V AH0),10.0,7,4,invented word looks less name-like than 97% of real first names,8,2.5,0,,2.3,5.1,0.508,pain of a (0.125); happen often (0.15); doesn't happen often (0.15); pen on the (0.1714),preliminary trademark / naming review required; invented word: clearance search needed,,8.06,7.385,fail,dignity naturalness 4 < 7
148,qualified (top 250),REJECTED (human suitability),hey sadota,hey sadota,HH EY1 S AH0 D OW1 T AH0,4,1-0-1-0,constructed,prefix-required,sadota,NEW ASSISTANT IDENTITY - would replace or sit beside ARIA; Michael's decision,0,written form reads as intended,9,7,5,invented word looks less name-like than 89% of real first names,8,1.7,0,,2.2,5.2,0.518,sedona (0.1667); he's a total (0.1688); cases out of (0.1714); is a total (0.1786),preliminary trademark / naming review required; invented word: clearance search needed,,8.06,7.67,fail,dignity naturalness 5 < 7
96,review list (top 100),FOR MICHAEL'S REVIEW,okay briar,okay briar,OW2 K EY1 B R AY1 ER0,4,2-1-1-0,word_name,prefix-required,briar,NEW ASSISTANT IDENTITY - would replace or sit beside ARIA; Michael's decision,0,written form reads as intended,8,9,7,,6,2.3,0,,0.3,4.9,0.492,okay try (0.1333); ok by (0.1667); kobe bryant (0.2),preliminary trademark / naming review required,,8.06,7.845,pass,
80,review list (top 100),FOR MICHAEL'S REVIEW,okay coral,okay coral,OW2 K EY1 K AO1 R AH0 L,4,2-1-1-0,word_name,prefix-required,coral,NEW ASSISTANT IDENTITY - would replace or sit beside ARIA; Michael's decision,0,written form reads as intended,9,9,7,,6,2.2,0,,1.6,5.1,0.512,ok for a (0.1429); located along (0.1812); located along the (0.1812); to coral (0.1857),preliminary trademark / naming review required,,8.06,7.915,pass,
78,review list (top 100),FOR MICHAEL'S REVIEW,okay everly,okay everly,OW2 K EY1 EH1 V ER0 L IY0,5,2-1-1-0-0,word_name,prefix-required,everly,NEW ASSISTANT IDENTITY - would replace or sit beside ARIA; Michael's decision,0,written form reads as intended,9,9,7,,6,2.2,0,,1.7,5.2,0.516,cleverly (0.1429); a clever little (0.225); cape verde (0.2429); don't ever leave (0.25),preliminary trademark / naming review required,,8.06,7.92,pass,
274,qualified (top 250),REJECTED (human suitability),hey fotesa,hey fotesa,HH EY1 F OW0 T EH1 S AH0,4,1-0-1-0,constructed,prefix-required,fotesa,NEW ASSISTANT IDENTITY - would replace or sit beside ARIA; Michael's decision,3,vowels may be read differently (HH EY1 F AH0 T EH1 S AH0),9,7,4,invented word looks less name-like than 99% of real first names,8,2.0,0,,1.9,5.1,0.514,be so pessimistic (0.1486); stay focused (0.1786); to stay focused (0.1786); stay focused on (0.1786),preliminary trademark / naming review required; invented word: clearance search needed,,8.04,7.375,fail,dignity naturalness 4 < 7
188,qualified (top 250),REJECTED (human suitability),hey latosa,hey latosa,HH EY1 L AH0 T OW1 S AH0,4,1-0-1-0,constructed,prefix-required,latosa,NEW ASSISTANT IDENTITY - would replace or sit beside ARIA; Michael's decision,3,vowels may be read differently (HH EY1 L AA0 T OW1 S AH0),9,7,6,invented word looks less name-like than 65% of real first names,8,2.0,0,,1.9,5.1,0.514,daily dose of (0.15); lakota (0.175); silodosin (0.175); leticia (0.1783),preliminary trademark / naming review required; invented word: clearance search needed,,8.04,7.575,fail,dignity naturalness 6 < 7
414,qualified (top 250),REJECTED (human suitability),hey modesa,hey modesa,HH EY1 M OW0 D EH1 S AH0,4,1-0-1-0,constructed,prefix-required,modesa,NEW ASSISTANT IDENTITY - would replace or sit beside ARIA; Michael's decision,7,spelling suggests a different pronunciation (HH EY1 M OW0 D EY1 Z AH0),9,6,4,invented word looks less name-like than 82% of real first names; spelling does not show how to say it,8,2.0,0,,1.9,5.1,0.514,modus (0.15); made us a (0.15); odessa (0.1667); modena (0.1667),preliminary trademark / naming review required; invented word: clearance search needed,,8.04,7.075,fail,dignity naturalness 4 < 7; pronunciation ambiguity 7 > 4
42,review list (top 100),FOR MICHAEL'S REVIEW,hey thomasina,hey thomasina,HH EY1 TH OW0 M AA0 S IY1 N AH0,5,1-0-0-1-0,given_name,prefix-required,thomasina,NEW ASSISTANT IDENTITY - would replace or sit beside ARIA; Michael's decision,2,written form reads as intended; 2 dictionary pronunciations,9,9,8,,7,1.4,3,"thomasina 0.003%, thomasina",0.0,5.6,0.56,thomasine (0.1778); thomasina (0.2); thomasena (0.2022); his machine (0.224),preliminary trademark / naming review required; personal name,G4_domain_names_commands,8.04,8.06,pass,
211,qualified (top 250),REJECTED (human suitability),hey toriva,hey toriva,HH EY1 T OW0 R IY1 V AH0,4,1-0-1-0,constructed,prefix-required,toriva,NEW ASSISTANT IDENTITY - would replace or sit beside ARIA; Michael's decision,3,vowels may be read differently (HH EY1 T AO0 R IY1 V AH0),10.0,7,5,invented word looks less name-like than 82% of real first names,8,1.9,0,,3.1,5.2,0.515,had a reason (0.155); to leave a (0.1583); without a reason (0.1613); retrieval (0.1929),preliminary trademark / naming review required; invented word: clearance search needed,,8.04,7.54,fail,dignity naturalness 5 < 7
208,qualified (top 250),REJECTED (human suitability),hey lodata,hey lodata,HH EY1 L OW0 D AA1 T AH0,4,1-0-1-0,constructed,prefix-required,lodata,NEW ASSISTANT IDENTITY - would replace or sit beside ARIA; Michael's decision,0,written form reads as intended,10.0,7,4,invented word looks less name-like than 94% of real first names,8,2.2,0,,2.8,5.1,0.512,layla bought a (0.1429); layla got a (0.1429); aeronautical (0.1857); aeronautic (0.1857),preliminary trademark / naming review required; invented word: clearance search needed,,8.02,7.545,fail,dignity naturalness 4 < 7
251,qualified (top 250),REJECTED (human suitability),hello attendant,hello attendant,HH AH0 L OW1 AH0 T EH1 N D AH0 N T,5,0-1-0-1-0,role,prefix-required,attendant,no new identity (functional),0,written form reads as intended,9,7,5,servant/switchboard connotation,3,1.6,0,,3.4,6.0,0.596,station attendant (0.1708); pump attendant (0.1818); people attended tom's (0.1864); a lieutenant (0.1955),preliminary trademark / naming review required,,8.0,7.44,fail,dignity naturalness 5 < 7
185,review list (top 100),FOR MICHAEL'S REVIEW,hello companion,hello companion,HH AH0 L OW1 K AH0 M P AE1 N Y AH0 N,5,0-1-0-1-0,role,prefix-required,companion,no new identity (functional),0,written form reads as intended,9,7,7,,3,2.3,0,,2.8,6.1,0.605,only companion (0.1333); and companion (0.1417); my companion (0.1455); a companion (0.15),preliminary trademark / naming review required; common word: weak distinctiveness,,8.0,7.575,pass,
172,review list (top 100),FOR MICHAEL'S REVIEW,hey madala,hey madala,HH EY1 M AH0 D AA1 L AH0,4,1-0-1-0,constructed,prefix-required,madala,NEW ASSISTANT IDENTITY - would replace or sit beside ARIA; Michael's decision,3,vowels may be read differently (HH EY1 M AA0 D AA1 L AH0),10.0,7,7,,8,3.0,0,,2.0,5.0,0.503,hematology (0.1); madonna (0.1167); mandala (0.1333); madara (0.1333),preliminary trademark / naming review required; invented word: clearance search needed,,8.0,7.6,pass,
324,qualified (top 250),REJECTED (human suitability),hey saluva,hey saluva,HH EY1 S AH0 L UW1 V AH0,4,1-0-1-0,constructed,prefix-required,saluva,NEW ASSISTANT IDENTITY - would replace or sit beside ARIA; Michael's decision,3,vowels may be read differently (HH EY1 S AA0 L UW1 V AH0),9,7,4,invented word looks less name-like than 97% of real first names,8,2.8,0,,1.2,5.0,0.504,helluva (0.1083); slew the (0.1333); dissolution (0.1643); dissolution of (0.1643),preliminary trademark / naming review required; invented word: clearance search needed,,8.0,7.27,fail,dignity naturalness 4 < 7
276,qualified (top 250),REJECTED (human suitability),hello steward,hello steward,HH AH0 L OW1 S T UW1 ER0 D,4,0-1-1-0,role,prefix-required,steward,no new identity (functional),0,written form reads as intended,8,7,5,servant/switchboard connotation,3,1.4,0,,2.1,5.4,0.54,a law student (0.1812); the last word (0.1813); fellow students (0.1833); a fellow student (0.1833),preliminary trademark / naming review required,,7.98,7.37,fail,dignity naturalness 5 < 7
35,review list (top 100),FOR MICHAEL'S REVIEW,hey arnulfo,hey arnulfo,HH EY1 AA0 R N AH1 L F OW0,4,1-0-1-0,given_name,prefix-required,arnulfo,NEW ASSISTANT IDENTITY - would replace or sit beside ARIA; Michael's decision,0,written form reads as intended,9,9,8,,7,1.6,3,"arnulfo 0.007%, arnulfo",0.0,5.5,0.549,arnulfo (0.2222); are also (0.2343); are not so (0.2343); are all so (0.2343),preliminary trademark / naming review required; personal name,G4_domain_names_commands,7.98,8.105,pass,
220,qualified (top 250),REJECTED (human suitability),hey tavana,hey tavana,HH EY1 T AH0 V AA1 N AH0,4,1-0-1-0,constructed,prefix-required,tavana,NEW ASSISTANT IDENTITY - would replace or sit beside ARIA; Michael's decision,3,vowels may be read differently (HH EY1 T AA0 V AA1 N AH0),10.0,7,6,invented word looks less name-like than 62% of real first names,8,2.7,0,,2.5,5.1,0.506,does on a (0.115); maid of honor (0.15); hey come on (0.1671); hit upon a (0.1688),preliminary trademark / naming review required; invented word: clearance search needed,,7.98,7.525,fail,dignity naturalness 6 < 7
168,review list (top 100),FOR MICHAEL'S REVIEW,okay sterling,okay sterling,OW2 K EY1 S T ER1 L IH0 NG,4,2-1-1-0,word_name,prefix-required,sterling,NEW ASSISTANT IDENTITY - would replace or sit beside ARIA; Michael's decision,0,written form reads as intended,7,9,7,,3,2.5,0,,0.0,5.4,0.539,walk after lunch (0.1767); a sterling (0.2062); pestering (0.2125); back after lunch (0.2322),preliminary trademark / naming review required; common word: weak distinctiveness,,7.98,7.61,pass,
277,qualified (top 250),REJECTED (human suitability),hey fotosa,hey fotosa,HH EY1 F OW0 T OW1 S AH0,4,1-0-1-0,constructed,prefix-required,fotosa,NEW ASSISTANT IDENTITY - would replace or sit beside ARIA; Michael's decision,0,written form reads as intended,9,7,4,invented word looks less name-like than 99% of real first names,8,3.2,0,,1.1,5.1,0.512,asafoetida (0.14); photos i (0.15); holiday photos (0.15); photo he (0.1583),preliminary trademark / naming review required; invented word: clearance search needed,,7.96,7.365,fail,dignity naturalness 4 < 7
112,review list (top 100),FOR MICHAEL'S REVIEW,hey primrose,hey primrose,HH EY1 P R IH1 M R OW2 Z,3,1-1-2,word_name,prefix-required,primrose,NEW ASSISTANT IDENTITY - would replace or sit beside ARIA; Michael's decision,0,written form reads as intended,8,9,7,,6,2.5,0,,0.9,5.2,0.523,primrose (0.125); ring road (0.175); red rose (0.1833); rima knows (0.2071),preliminary trademark / naming review required,,7.96,7.79,pass,
70,review list (top 100),FOR MICHAEL'S REVIEW,okay ember,okay ember,OW2 K EY1 EH1 M B ER0,4,2-1-1-0,word_name,prefix-required,ember,NEW ASSISTANT IDENTITY - would replace or sit beside ARIA; Michael's decision,0,written form reads as intended,8,9,7,,6,1.0,0,,2.3,5.1,0.507,camber (0.2); kimber (0.2); clamber (0.2); spoke in berber (0.2143),preliminary trademark / naming review required,,7.96,7.935,pass,
203,qualified (top 250),REJECTED (human suitability),hey zomira,hey zomira,HH EY1 Z OW0 M IY1 R AH0,4,1-0-1-0,constructed,prefix-required,zomira,NEW ASSISTANT IDENTITY - would replace or sit beside ARIA; Michael's decision,0,written form reads as intended,9,7,5,invented word looks less name-like than 84% of real first names,8,2.2,0,,2.2,5.1,0.511,have american (0.1363); she's american (0.1375); his american (0.1625); is a miracle (0.1643),preliminary trademark / naming review required; invented word: clearance search needed,,7.94,7.555,fail,dignity naturalness 5 < 7
125,review list (top 100),FOR MICHAEL'S REVIEW,okay sapphire,okay sapphire,OW2 K EY1 S AE1 F AY0 ER0,5,2-1-1-0-0,word_name,prefix-required,sapphire,NEW ASSISTANT IDENTITY - would replace or sit beside ARIA; Michael's decision,0,written form reads as intended,8,9,7,,6,2.8,0,,0.7,5.2,0.52,case of fire (0.1625); pacifier (0.1714); ok if i (0.2); okay if i (0.2),preliminary trademark / naming review required,,7.94,7.75,pass,
232,qualified (top 250),REJECTED (human suitability),hello caos,hello caos,HH AH0 L OW1 K EY1 AA2 S,4,0-1-1-2,brand,prefix-required,caos,no new identity (product name),7,spelling suggests a different pronunciation (HH AH0 L OW1 K AA1 Z),9,7,7,,9,1.8,0,,2.8,5.2,0.516,a location (0.16); locates (0.1667); the locusts (0.2); hello may i (0.2071),preliminary trademark / naming review required,,7.92,7.49,fail,pronunciation ambiguity 7 > 4
127,review list (top 100),FOR MICHAEL'S REVIEW,hey alena,hey alena,HH EY1 AA0 L EY1 N AH0,4,1-0-1-0,given_name,prefix-required,alena,NEW ASSISTANT IDENTITY - would replace or sit beside ARIA; Michael's decision,0,written form reads as intended,10.0,9,8,,7,5.0,0,alena,0.0,4.6,0.461,alena (0.0); all in a (0.11); alana (0.11); are in a (0.15),preliminary trademark / naming review required; personal name,,7.92,7.74,pass,
128,review list (top 100),FOR MICHAEL'S REVIEW,hey elinor,hey elinor,HH EY1 EH1 L IH0 N ER0,4,1-1-0-0,given_name,prefix-required,elinor,NEW ASSISTANT IDENTITY - would replace or sit beside ARIA; Michael's decision,0,written form reads as intended,10.0,9,8,,7,5.0,0,elinor,0.0,4.6,0.461,elinor (0.0); eleanor (0.1); hell in (0.1667); elenore (0.1667),preliminary trademark / naming review required; personal name,,7.92,7.74,pass,
234,human-suitable,below top-100 cut,hey oriole,hey oriole,HH EY1 AO1 R IY0 OW2 L,4,1-1-0-2,word_name,prefix-required,oriole,NEW ASSISTANT IDENTITY - would replace or sit beside ARIA; Michael's decision,0,written form reads as intended,10.0,8,7,,6,5.0,0,,0.0,4.6,0.461,oriole (0.0); orioles (0.1667); creole (0.2); oreo (0.2),preliminary trademark / naming review required,,7.92,7.49,fail,total score 7.49 below the 100th
196,qualified (top 250),REJECTED (human suitability),hey revida,hey revida,HH EY1 R EH0 V IY1 D AH0,4,1-0-1-0,constructed,prefix-required,revida,NEW ASSISTANT IDENTITY - would replace or sit beside ARIA; Michael's decision,3,vowels may be read differently (HH EY1 R IH0 V AY1 D AH0),10.0,7,6,invented word looks less name-like than 62% of real first names,8,2.0,0,,3.5,5.1,0.514,reveal a (0.15); levied (0.1667); revealed a (0.1714); inherited a (0.1812),preliminary trademark / naming review required; invented word: clearance search needed,,7.92,7.565,fail,dignity naturalness 6 < 7
155,review list (top 100),FOR MICHAEL'S REVIEW,okay cypress,okay cypress,OW2 K EY1 S AY1 P R AH0 S,4,2-1-1-0,word_name,prefix-required,cypress,NEW ASSISTANT IDENTITY - would replace or sit beside ARIA; Michael's decision,2,written form reads as intended; 2 dictionary pronunciations,6,9,7,,6,1.8,0,,0.0,5.4,0.535,to cyprus (0.1625); ok for a (0.2363); cyprus (0.25); cypress (0.25),preliminary trademark / naming review required,,7.92,7.65,pass,
270,qualified (top 250),REJECTED (human suitability),hey beleda,hey beleda,HH EY1 B EH0 L EH1 D AH0,4,1-0-1-0,constructed,prefix-required,beleda,NEW ASSISTANT IDENTITY - would replace or sit beside ARIA; Michael's decision,3,vowels may be read differently (HH EY1 B EH0 L D IY1 AH0),10.0,7,5,invented word looks less name-like than 78% of real first names,8,2.7,0,,2.9,5.1,0.506,buried a (0.1167); bellied (0.15); table in a (0.15); be led (0.15),preliminary trademark / naming review required; invented word: clearance search needed,,7.9,7.385,fail,dignity naturalness 5 < 7
546,qualified (top 250),REJECTED (human suitability),hey nerova,hey nerova,HH EY1 N EH0 R OW1 V AH0,4,1-0-1-0,constructed,prefix-required,nerova,NEW ASSISTANT IDENTITY - would replace or sit beside ARIA; Michael's decision,7,spelling suggests a different pronunciation (HH EY1 N ER0 OW1 V AH0),10.0,6,3,invented word looks less name-like than 98% of real first names; spelling does not show how to say it,8,4.3,0,,1.1,4.9,0.487,narrow the (0.0333); narrows (0.14); narrowed the (0.1714); in provence (0.1929),preliminary trademark / naming review required; invented word: clearance search needed,,7.9,6.715,fail,dignity naturalness 3 < 7; pronunciation ambiguity 7 > 4
339,qualified (top 250),REJECTED (human suitability),okay butler,okay butler,OW2 K EY1 B AH1 T L ER0,4,2-1-1-0,role,prefix-required,butler,no new identity (functional),0,written form reads as intended,8,7,5,servant/switchboard connotation,3,2.2,0,,1.4,5.1,0.512,ok but (0.1429); okay but (0.1429); gabler (0.2071); ok but mary (0.2125),preliminary trademark / naming review required; common word: weak distinctiveness,,7.9,7.235,fail,dignity naturalness 5 < 7
119,review list (top 100),FOR MICHAEL'S REVIEW,okay haven,okay haven,OW2 K EY1 HH EY1 V AH0 N,4,2-1-1-0,word_name,prefix-required,haven,NEW ASSISTANT IDENTITY - would replace or sit beside ARIA; Michael's decision,0,written form reads as intended,9,9,7,,3,1.4,0,,3.3,5.2,0.521,brookhaven (0.1812); case of an (0.1857); hope i haven't (0.1875); ok isn't she (0.1988),preliminary trademark / naming review required; common word: weak distinctiveness,,7.9,7.77,pass,
231,qualified (top 250),REJECTED (human suitability),hey daroda,hey daroda,HH EY1 D AH0 R OW1 D AH0,4,1-0-1-0,constructed,prefix-required,daroda,NEW ASSISTANT IDENTITY - would replace or sit beside ARIA; Michael's decision,3,vowels may be read differently (HH EY1 D AA0 R OW1 D AH0),10.0,7,6,invented word looks less name-like than 73% of real first names,8,2.5,0,,3.2,5.1,0.508,borrowed a (0.125); he borrowed a (0.15); garuda (0.15); he borrowed (0.1714),preliminary trademark / naming review required; invented word: clearance search needed,,7.88,7.495,fail,dignity naturalness 6 < 7
181,review list (top 100),FOR MICHAEL'S REVIEW,okay crystal,okay crystal,OW2 K EY1 K R IH1 S T AH0 L,4,2-1-1-0,word_name,prefix-required,crystal,NEW ASSISTANT IDENTITY - would replace or sit beside ARIA; Michael's decision,0,written form reads as intended,7,9,7,,3,2.3,0,,0.9,5.6,0.559,a crystal (0.1833); the crystal (0.1833); take little (0.1944); take this call (0.2133),preliminary trademark / naming review required; common word: weak distinctiveness,,7.88,7.59,pass,
105,review list (top 100),FOR MICHAEL'S REVIEW,okay marigold,okay marigold,OW2 K EY1 M EH1 R AH0 G OW2 L D,5,2-1-1-0-2,word_name,prefix-required,marigold,NEW ASSISTANT IDENTITY - would replace or sit beside ARIA; Michael's decision,0,written form reads as intended,8,9,7,,6,2.1,0,,2.2,5.7,0.571,likes marigolds (0.1455); he likes marigolds (0.1455); like marigolds (0.1455); she likes marigolds (0.1455),preliminary trademark / naming review required,,7.88,7.815,pass,
134,review list (top 100),FOR MICHAEL'S REVIEW,okay trinity,okay trinity,OW2 K EY1 T R IH1 N AH0 T IY0,5,2-1-1-0-0,word_name,prefix-required,trinity,NEW ASSISTANT IDENTITY - would replace or sit beside ARIA; Michael's decision,2,written form reads as intended; 2 dictionary pronunciations,8,9,7,,6,2.1,0,,2.0,5.5,0.553,holy trinity (0.145); the holy trinity (0.145); the trinity (0.1833); trinity (0.2222),preliminary trademark / naming review required,,7.88,7.705,pass,
59,review list (top 100),FOR MICHAEL'S REVIEW,hey albertina,hey albertina,HH EY1 AA0 L B ER0 T IY1 N AH0,5,1-0-0-1-0,given_name,prefix-required,albertina,NEW ASSISTANT IDENTITY - would replace or sit beside ARIA; Michael's decision,0,written form reads as intended,9,9,8,,7,2.2,3,"albertina 0.002%, albertina",0.0,5.5,0.551,albertine (0.1375); albertina (0.2); of burkina (0.2112); altadena (0.2312),preliminary trademark / naming review required; personal name,G4_domain_names_commands,7.86,7.985,pass,
315,qualified (top 250),REJECTED (human suitability),hey balira,hey balira,HH EY1 B AH0 L IY1 R AH0,4,1-0-1-0,constructed,prefix-required,balira,NEW ASSISTANT IDENTITY - would replace or sit beside ARIA; Michael's decision,3,vowels may be read differently (HH EY1 B AH0 L IH1 R AH0),10.0,7,4,invented word looks less name-like than 93% of real first names,8,2.5,0,,3.3,5.1,0.507,table is a (0.1214); table in a (0.1214); galena (0.175); galina (0.175),preliminary trademark / naming review required; invented word: clearance search needed,,7.86,7.285,fail,dignity naturalness 4 < 7
166,review list (top 100),FOR MICHAEL'S REVIEW,hey bethel,hey bethel,HH EY1 B EH1 TH AH0 L,3,1-1-0,given_name,prefix-required,bethel,NEW ASSISTANT IDENTITY - would replace or sit beside ARIA; Michael's decision,2,written form reads as intended; 2 dictionary pronunciations,10.0,9,8,,7,5.0,0,bethel,0.3,4.6,0.458,bethel (0.0); bissell (0.064); basle (0.064); baffle (0.08),preliminary trademark / naming review required; personal name,,7.86,7.61,pass,
449,qualified (top 250),REJECTED (human suitability),hey natura,hey natura,HH EY1 N AH0 T UW1 R AH0,4,1-0-1-0,constructed,prefix-required,natura,NEW ASSISTANT IDENTITY - would replace or sit beside ARIA; Michael's decision,7,spelling suggests a different pronunciation (HH EY1 N AA0 CH UH1 R AH0),10.0,6,4,invented word looks less name-like than 86% of real first names; spelling does not show how to say it,8,2.7,0,,3.1,5.1,0.506,datura (0.1167); into russia (0.1357); rima to read (0.15); in tourist (0.1571),preliminary trademark / naming review required; invented word: clearance search needed,,7.86,6.965,fail,dignity naturalness 4 < 7; pronunciation ambiguity 7 > 4
342,qualified (top 250),REJECTED (human suitability),hey pedila,hey pedila,HH EY1 P EH0 D IY1 L AH0,4,1-0-1-0,constructed,prefix-required,pedila,NEW ASSISTANT IDENTITY - would replace or sit beside ARIA; Michael's decision,0,written form reads as intended,10.0,7,4,invented word looks less name-like than 90% of real first names,8,4.5,0,,1.2,5.0,0.497,padilla (0.075); capabilities (0.1143); capability (0.1143); paddle a (0.1333),preliminary trademark / naming review required; invented word: clearance search needed,,7.86,7.23,fail,dignity naturalness 4 < 7
94,review list (top 100),FOR MICHAEL'S REVIEW,okay beacon,okay beacon,OW2 K EY1 B IY1 K AH0 N,4,2-1-1-0,word_name,prefix-required,beacon,NEW ASSISTANT IDENTITY - would replace or sit beside ARIA; Michael's decision,0,written form reads as intended,9,9,7,,6,1.8,0,,3.1,5.2,0.516,baby can (0.1571); day become (0.1786); ok people (0.1875); may become (0.2071),preliminary trademark / naming review required,,7.86,7.86,pass,
246,qualified (top 250),REJECTED (human suitability),okay iris,okay iris,OW2 K EY1 AY1 R AH0 S,4,2-1-1-0,word_name,prefix-required,iris,NEW ASSISTANT IDENTITY - would replace or sit beside ARIA; Michael's decision,2,written form reads as intended; 2 dictionary pronunciations,8,9,7,,1,1.7,0,,2.0,5.0,0.5,ok i'll (0.1667); okay i'll (0.1667); ok aren't (0.2071); ok aren't they (0.2071),preliminary trademark / naming review required; existing assistant or product use known to the agent (unverified),,7.86,7.46,fail,brand suitability 1 < 3
323,qualified (top 250),REJECTED (human suitability),hey rotova,hey rotova,HH EY1 R OW0 T OW1 V AH0,4,1-0-1-0,constructed,prefix-required,rotova,NEW ASSISTANT IDENTITY - would replace or sit beside ARIA; Michael's decision,0,written form reads as intended,10.0,7,4,invented word looks less name-like than 96% of real first names,8,4.0,0,,1.8,5.0,0.503,wrote over (0.1); inherit the (0.1938); will inherit the (0.1938); wrote the (0.2),preliminary trademark / naming review required; invented word: clearance search needed,,7.84,7.27,fail,dignity naturalness 4 < 7
63,review list (top 100),FOR MICHAEL'S REVIEW,hey alvina,hey alvina,HH EY1 AE0 L V AY1 N AH0,4,1-0-1-0,given_name,prefix-required,alvina,NEW ASSISTANT IDENTITY - would replace or sit beside ARIA; Michael's decision,0,written form reads as intended,9,9,8,,7,2.0,3,"alvina 0.006%, alvina",0.0,5.1,0.514,elvira (0.15); gabriel finally (0.1714); calvinist (0.2071); day i'll find (0.2286),preliminary trademark / naming review required; personal name,G4_domain_names_commands,7.82,7.965,pass,
159,review list (top 100),FOR MICHAEL'S REVIEW,hey briar,hey briar,HH EY1 B R AY1 ER0,3,1-1-0,word_name,prefix-required,briar,NEW ASSISTANT IDENTITY - would replace or sit beside ARIA; Michael's decision,0,written form reads as intended,9,9,7,,6,3.6,0,,1.0,4.7,0.467,kobe bryant (0.12); liar (0.1333); royer (0.1333); highbrow (0.15),preliminary trademark / naming review required,,7.82,7.635,pass,
307,qualified (top 250),REJECTED (human suitability),hey samoda,hey samoda,HH EY1 S AH0 M OW1 D AH0,4,1-0-1-0,constructed,prefix-required,samoda,NEW ASSISTANT IDENTITY - would replace or sit beside ARIA; Michael's decision,3,vowels may be read differently (HH EY1 S AA0 M OW1 D AH0),9,7,5,invented word looks less name-like than 83% of real first names,8,2.7,0,,2.3,5.1,0.506,somoza (0.1167); some soda (0.1429); snowed a (0.15); is a mobile (0.1643),preliminary trademark / naming review required; invented word: clearance search needed,,7.82,7.295,fail,dignity naturalness 5 < 7
312,qualified (top 250),REJECTED (human suitability),hey saroda,hey saroda,HH EY1 S AH0 R OW1 D AH0,4,1-0-1-0,constructed,prefix-required,saroda,NEW ASSISTANT IDENTITY - would replace or sit beside ARIA; Michael's decision,3,vowels may be read differently (HH EY1 S AA0 R OW1 D AH0),9,7,5,invented word looks less name-like than 83% of real first names,8,2.8,0,,2.3,5.2,0.516,he rode a (0.1583); the rota (0.17); the road i (0.17); have a road (0.1771),preliminary trademark / naming review required; invented word: clearance search needed,,7.82,7.29,fail,dignity naturalness 5 < 7
176,qualified (top 250),REJECTED (human suitability),hey sevida,hey sevida,HH EY1 S EH0 V IY1 D AH0,4,1-0-1-0,constructed,prefix-required,sevida,NEW ASSISTANT IDENTITY - would replace or sit beside ARIA; Michael's decision,0,written form reads as intended,9,7,6,invented word looks less name-like than 73% of real first names,8,2.2,0,,2.8,5.1,0.512,sevilla (0.1417); face of adversity (0.1812); heavy the (0.195); he says he'd (0.2112),preliminary trademark / naming review required; invented word: clearance search needed,,7.82,7.595,fail,dignity naturalness 6 < 7
209,qualified (top 250),REJECTED (human suitability),hey teriva,hey teriva,HH EY1 T EH0 R IY1 V AH0,4,1-0-1-0,constructed,prefix-required,teriva,NEW ASSISTANT IDENTITY - would replace or sit beside ARIA; Michael's decision,0,written form reads as intended,10.0,7,5,invented word looks less name-like than 79% of real first names,8,2.2,0,,3.8,5.1,0.512,terry's (0.14); had a reason (0.155); international monetary fund (0.1571); monetary fund (0.1571),preliminary trademark / naming review required; invented word: clearance search needed,,7.82,7.545,fail,dignity naturalness 5 < 7
113,review list (top 100),FOR MICHAEL'S REVIEW,okay cedar,okay cedar,OW2 K EY1 S IY1 D ER0,4,2-1-1-0,word_name,prefix-required,cedar,NEW ASSISTANT IDENTITY - would replace or sit beside ARIA; Michael's decision,0,written form reads as intended,8,9,7,,6,1.7,0,,2.2,5.0,0.499,smoke a cigarette (0.1643); ok see (0.1667); ok here (0.175); smoke cigarettes (0.2143),preliminary trademark / naming review required,,7.82,7.79,pass,
253,qualified (top 250),REJECTED (human suitability),hey melira,hey melira,HH EY1 M EH0 L IY1 R AH0,4,1-0-1-0,constructed,prefix-required,melira,NEW ASSISTANT IDENTITY - would replace or sit beside ARIA; Michael's decision,3,vowels may be read differently (HH EY1 M EH0 L IH1 R AH0),10.0,7,6,invented word looks less name-like than 66% of real first names,8,2.7,0,,3.4,5.1,0.506,melina (0.1167); similarities (0.125); similarity (0.125); similarities between (0.125),preliminary trademark / naming review required; invented word: clearance search needed,,7.8,7.435,fail,dignity naturalness 6 < 7
308,qualified (top 250),REJECTED (human suitability),hey volosa,hey volosa,HH EY1 V OW0 L OW1 S AH0,4,1-0-1-0,constructed,prefix-required,volosa,NEW ASSISTANT IDENTITY - would replace or sit beside ARIA; Michael's decision,0,written form reads as intended,9,7,4,invented word looks less name-like than 99% of real first names,8,3.1,0,,2.0,5.1,0.513,evolution (0.1457); evolutionary (0.1457); has a license (0.1738); naval officer (0.1914),preliminary trademark / naming review required; invented word: clearance search needed,,7.8,7.295,fail,dignity naturalness 4 < 7
117,review list (top 100),FOR MICHAEL'S REVIEW,okay amber,okay amber,OW2 K EY1 AE1 M B ER0,4,2-1-1-0,word_name,prefix-required,amber,NEW ASSISTANT IDENTITY - would replace or sit beside ARIA; Michael's decision,0,written form reads as intended,8,9,7,,6,1.7,0,,2.3,5.0,0.5,camber (0.1667); clamber (0.1667); kimber (0.225); echo chamber (0.2271),preliminary trademark / naming review required,,7.8,7.78,pass,
292,qualified (top 250),REJECTED (human suitability),okay aria,okay AR-ee-uh,OW2 K EY1 AA1 R IY0 AH0,5,2-1-1-0-0,aria,prefix-required,aria,existing identity (ARIA),6,"written form reads as intended; also spoken AIR-ee-uh = 'area' (Room 214 false wakes, 2026-09-24)",9,9,8,,1,2.2,0,,2.8,5.0,0.497,ok aren't (0.1429); ok aren't they (0.1429); wrote mary a (0.1929); remote areas (0.1929),preliminary trademark / naming review required; existing assistant or product use known to the agent (unverified),,7.8,7.33,fail,brand suitability 1 < 3; pronunciation ambiguity 6 > 4
305,qualified (top 250),REJECTED (human suitability),okay attendant,okay attendant,OW2 K EY1 AH0 T EH1 N D AH0 N T,5,2-1-0-1-0,role,prefix-required,attendant,no new identity (functional),0,written form reads as intended,8,7,5,servant/switchboard connotation,3,1.4,0,,3.4,5.8,0.579,flight attendant (0.1773); a flight attendant (0.1773); the flight attendant (0.1773); flight attendants (0.1773),preliminary trademark / naming review required,,7.8,7.3,fail,dignity naturalness 5 < 7
109,review list (top 100),FOR MICHAEL'S REVIEW,okay birch,okay birch,OW2 K EY1 B ER1 CH,3,2-1-1,word_name,prefix-required,birch,NEW ASSISTANT IDENTITY - would replace or sit beside ARIA; Michael's decision,0,written form reads as intended,8,9,7,,6,1.4,0,,2.4,4.8,0.481,ok but (0.1783); okay but (0.1783); is ok but (0.1783); ok but mary (0.1783),preliminary trademark / naming review required,,7.8,7.8,pass,
213,human-suitable,below top-100 cut,okay horizon,okay horizon,OW2 K EY1 HH ER0 AY1 Z AH0 N,5,2-1-0-1-0,word_name,prefix-required,horizon,NEW ASSISTANT IDENTITY - would replace or sit beside ARIA; Michael's decision,0,written form reads as intended,8,9,7,,3,2.8,0,,1.6,5.4,0.539,to horizon (0.1625); below the horizon (0.1833); the horizon (0.2062); a horizon (0.2062),preliminary trademark / naming review required; common word: weak distinctiveness,,7.8,7.54,fail,total score 7.54 below the 100th
101,review list (top 100),FOR MICHAEL'S REVIEW,okay rowan,okay rowan,OW2 K EY1 R OW1 AH0 N,4,2-1-1-0,word_name,prefix-required,rowan,NEW ASSISTANT IDENTITY - would replace or sit beside ARIA; Michael's decision,0,written form reads as intended,9,9,7,,6,1.7,0,,3.3,5.0,0.499,to cairo and (0.1643); cairo in (0.1833); ok don't worry (0.1857); it's ok don't (0.1857),preliminary trademark / naming review required,,7.8,7.83,pass,
398,qualified (top 250),REJECTED (human suitability),hey baruda,hey baruda,HH EY1 B AH0 R UW1 D AH0,4,1-0-1-0,constructed,prefix-required,baruda,NEW ASSISTANT IDENTITY - would replace or sit beside ARIA; Michael's decision,3,vowels may be read differently (HH EY1 B AA0 R UW1 D AH0),10.0,7,4,invented word looks less name-like than 95% of real first names,8,3.8,0,,2.2,4.9,0.493,garuda (0.0583); brewed a (0.1); buried a (0.1333); neruda (0.15),preliminary trademark / naming review required; invented word: clearance search needed,,7.78,7.105,fail,dignity naturalness 4 < 7
244,qualified (top 250),REJECTED (human suitability),hey felava,hey felava,HH EY1 F EH0 L AA1 V AH0,4,1-0-1-0,constructed,prefix-required,felava,NEW ASSISTANT IDENTITY - would replace or sit beside ARIA; Michael's decision,0,written form reads as intended,10.0,7,5,invented word looks less name-like than 77% of real first names,8,2.8,0,,3.3,5.0,0.504,fell off a (0.1083); hell of a (0.125); shell of a (0.125); the lava (0.145),preliminary trademark / naming review required; invented word: clearance search needed,,7.78,7.46,fail,dignity naturalness 5 < 7
151,review list (top 100),FOR MICHAEL'S REVIEW,hey jaime,hey jaime,HH EY1 HH AY1 M IY0,3,1-1-0,given_name,prefix-required,jaime,NEW ASSISTANT IDENTITY - would replace or sit beside ARIA; Michael's decision,0,written form reads as intended,10.0,9,8,,7,5.0,0,jaime,0.5,4.4,0.439,jaime (0.0); jaimie (0.0); say how many (0.09); way how many (0.09),preliminary trademark / naming review required; personal name,,7.78,7.66,pass,
384,qualified (top 250),REJECTED (human suitability),hey savura,hey savura,HH EY1 S AH0 V UW1 R AH0,4,1-0-1-0,constructed,prefix-required,savura,NEW ASSISTANT IDENTITY - would replace or sit beside ARIA; Michael's decision,3,vowels may be read differently (HH EY1 S AA0 V UH1 R AH0),9,7,4,invented word looks less name-like than 95% of real first names,8,3.0,0,,2.2,5.1,0.514,glass of orange (0.15); faces are (0.1843); place of residence (0.1857); play several (0.1857),preliminary trademark / naming review required; invented word: clearance search needed,,7.78,7.145,fail,dignity naturalness 4 < 7
110,review list (top 100),FOR MICHAEL'S REVIEW,okay dahlia,okay dahlia,OW2 K EY1 D AE1 L Y AH0,4,2-1-1-0,word_name,prefix-required,dahlia,NEW ASSISTANT IDENTITY - would replace or sit beside ARIA; Michael's decision,0,written form reads as intended,8,9,7,,6,1.5,0,,2.8,5.2,0.52,like italian (0.175); like italian food (0.175); you like italian (0.175); like italians (0.175),preliminary trademark / naming review required,,7.78,7.8,pass,
229,human-suitable,below top-100 cut,okay olive,okay olive,OW2 K EY1 AA1 L AH0 V,4,2-1-1-0,word_name,prefix-required,olive,NEW ASSISTANT IDENTITY - would replace or sit beside ARIA; Michael's decision,2,written form reads as intended; 2 dictionary pronunciations,9,9,7,,3,2.3,0,,2.7,4.9,0.492,ok all (0.1333); koalas (0.14); chaos of (0.1667); ok i'll (0.175),preliminary trademark / naming review required; common word: weak distinctiveness,,7.78,7.505,fail,total score 7.505 below the 100th
301,qualified (top 250),REJECTED (human suitability),hey badata,hey badata,HH EY1 B AH0 D AA1 T AH0,4,1-0-1-0,constructed,prefix-required,badata,NEW ASSISTANT IDENTITY - would replace or sit beside ARIA; Michael's decision,3,vowels may be read differently (HH EY1 B AA0 D AA1 T AH0),10.0,7,4,invented word looks less name-like than 96% of real first names,8,1.9,0,,4.5,5.2,0.516,had a bottle (0.1562); headed out of (0.1562); bugatti (0.1583); headed out (0.1786),preliminary trademark / naming review required; invented word: clearance search needed,,7.76,7.3,fail,dignity naturalness 4 < 7
317,qualified (top 250),REJECTED (human suitability),hey camuta,hey camuta,HH EY1 K AH0 M UW1 T AH0,4,1-0-1-0,constructed,prefix-required,camuta,NEW ASSISTANT IDENTITY - would replace or sit beside ARIA; Michael's decision,3,vowels may be read differently (HH EY1 K AA0 M UW1 T AH0),10.0,7,5,invented word looks less name-like than 84% of real first names,8,3.0,0,,3.2,5.0,0.503,commit a (0.1); wake me tomorrow (0.1571); come at a (0.1667); canoe to (0.1667),preliminary trademark / naming review required; invented word: clearance search needed,,7.76,7.28,fail,dignity naturalness 5 < 7
126,review list (top 100),FOR MICHAEL'S REVIEW,hey carma,hey carma,HH EY1 K AA1 R M AA0,3,1-1-0,given_name,prefix-required,carma,NEW ASSISTANT IDENTITY - would replace or sit beside ARIA; Michael's decision,0,written form reads as intended,9,9,8,,7,3.7,0,carma,1.2,4.7,0.473,hey come on (0.0667); karma (0.08); car my (0.09); methocarbamol (0.1429),preliminary trademark / naming review required; personal name,,7.76,7.745,pass,
268,human-suitable,below top-100 cut,hey gardenia,hey gardenia,HH EY1 G AA0 R D IY1 N Y AH0,4,1-0-1-0,word_name,prefix-required,gardenia,NEW ASSISTANT IDENTITY - would replace or sit beside ARIA; Michael's decision,0,written form reads as intended,9,8,7,,6,5.0,0,,0.4,5.2,0.516,gardenia (0.0); gardena (0.125); regarding your (0.1389); garden you (0.1625),preliminary trademark / naming review required,,7.76,7.39,fail,total score 7.39 below the 100th
267,qualified (top 250),REJECTED (human suitability),hey noresa,hey noresa,HH EY1 N OW0 R EH1 S AH0,4,1-0-1-0,constructed,prefix-required,noresa,NEW ASSISTANT IDENTITY - would replace or sit beside ARIA; Michael's decision,3,vowels may be read differently (HH EY1 N AO2 R IY1 S AH0),9,7,6,invented word looks less name-like than 54% of real first names,8,2.4,0,,2.9,5.1,0.51,him a lesson (0.1312); no less (0.1667); no rest (0.1667); know rest (0.1667),preliminary trademark / naming review required; invented word: clearance search needed,,7.76,7.395,fail,dignity naturalness 6 < 7
195,qualified (top 250),REJECTED (human suitability),hey mateda,hey mateda,HH EY1 M AH0 T EH1 D AH0,4,1-0-1-0,constructed,prefix-required,mateda,NEW ASSISTANT IDENTITY - would replace or sit beside ARIA; Michael's decision,0,written form reads as intended,10.0,7,6,invented word looks less name-like than 74% of real first names,8,2.5,0,,4.0,5.1,0.508,cimetidine (0.125); machida (0.1283); mckenna (0.15); tom painted a (0.1571),preliminary trademark / naming review required; invented word: clearance search needed,,7.72,7.565,fail,dignity naturalness 6 < 7
257,qualified (top 250),REJECTED (human suitability),hey natora,hey natora,HH EY1 N AH0 T AO1 R AH0,4,1-0-1-0,constructed,prefix-required,natora,NEW ASSISTANT IDENTITY - would replace or sit beside ARIA; Michael's decision,3,vowels may be read differently (HH EY1 N AA0 T AO1 R AH0),10.0,7,6,invented word looks less name-like than 70% of real first names,8,2.4,0,,4.1,5.1,0.51,hematology (0.1312); a minute or (0.1357); in torah (0.1357); the torah (0.1367),preliminary trademark / naming review required; invented word: clearance search needed,,7.72,7.425,fail,dignity naturalness 6 < 7
326,qualified (top 250),REJECTED (human suitability),hey sadala,hey sadala,HH EY1 S AH0 D AA1 L AH0,4,1-0-1-0,constructed,prefix-required,sadala,NEW ASSISTANT IDENTITY - would replace or sit beside ARIA; Michael's decision,3,vowels may be read differently (HH EY1 S AA0 D AA1 L AH0),9,7,5,invented word looks less name-like than 77% of real first names,8,2.5,0,,3.0,5.1,0.509,hated all (0.1286); etodolac (0.15); shoelaces are untied (0.1571); octisalate (0.1571),preliminary trademark / naming review required; invented word: clearance search needed,,7.72,7.265,fail,dignity naturalness 5 < 7
180,review list (top 100),FOR MICHAEL'S REVIEW,hey thalia,hey thalia,HH EY1 TH EY1 L Y AH0,3,1-1-0,given_name,prefix-required,thalia,NEW ASSISTANT IDENTITY - would replace or sit beside ARIA; Michael's decision,0,written form reads as intended,9,9,8,,7,5.0,0,thalia,0.0,4.6,0.458,thalia (0.0); celia (0.114); shelia (0.118); epithelium (0.1333),preliminary trademark / naming review required; personal name,,7.72,7.59,pass,
138,review list (top 100),FOR MICHAEL'S REVIEW,okay clover,okay clover,OW2 K EY1 K L OW1 V ER0,4,2-1-1-0,word_name,prefix-required,clover,NEW ASSISTANT IDENTITY - would replace or sit beside ARIA; Michael's decision,0,written form reads as intended,8,9,7,,6,2.2,0,,2.3,5.1,0.512,cake over (0.1429); pay closer (0.1486); take over (0.1929); takeover (0.1929),preliminary trademark / naming review required,,7.72,7.695,pass,
290,qualified (top 250),REJECTED (human suitability),hey bedena,hey bedena,HH EY1 B EH0 D EH1 N AH0,4,1-0-1-0,constructed,prefix-required,bedena,NEW ASSISTANT IDENTITY - would replace or sit beside ARIA; Michael's decision,3,vowels may be read differently (HH EY1 B EH0 D IY1 N AH0),10.0,7,6,invented word looks less name-like than 74% of real first names,8,3.2,0,,3.3,5.0,0.501,dead in a (0.0917); be done a (0.1); bed in (0.1333); bed an (0.1333),preliminary trademark / naming review required; invented word: clearance search needed,,7.7,7.33,fail,dignity naturalness 6 < 7
356,qualified (top 250),REJECTED (human suitability),hey vonila,hey vonila,HH EY1 V OW0 N IY1 L AH0,4,1-0-1-0,constructed,prefix-required,vonila,NEW ASSISTANT IDENTITY - would replace or sit beside ARIA; Michael's decision,3,vowels may be read differently (HH EY1 V AA0 N IY1 L AH0),10.0,7,5,invented word looks less name-like than 78% of real first names,8,3.5,0,,3.1,5.1,0.508,have a military (0.125); vanilla (0.1333); have any luck (0.1625); seventy one (0.1812),preliminary trademark / naming review required; invented word: clearance search needed,,7.7,7.205,fail,dignity naturalness 5 < 7
271,qualified (top 250),REJECTED (human suitability),hey davala,hey davala,HH EY1 D AH0 V AA1 L AH0,4,1-0-1-0,constructed,prefix-required,davala,NEW ASSISTANT IDENTITY - would replace or sit beside ARIA; Michael's decision,3,vowels may be read differently (HH EY1 D AA0 V AA1 L AH0),10.0,7,6,invented word looks less name-like than 72% of real first names,8,2.5,0,,4.3,5.1,0.508,guevara (0.125); is a volunteer (0.15); need volunteers (0.15); davila (0.15),preliminary trademark / naming review required; invented word: clearance search needed,,7.66,7.385,fail,dignity naturalness 6 < 7
240,human-suitable,below top-100 cut,hey garisa,hey garisa,HH EY1 G AH0 R IY1 S AH0,4,1-0-1-0,constructed,prefix-required,garisa,NEW ASSISTANT IDENTITY - would replace or sit beside ARIA; Michael's decision,3,vowels may be read differently (HH EY1 G AA0 R IY1 S AH0),9,7,7,,8,2.2,0,,3.6,5.1,0.512,carissa (0.1417); gary the (0.145); make a decent (0.1643); had a reason (0.1688),preliminary trademark / naming review required; invented word: clearance search needed,,7.66,7.465,fail,total score 7.465 below the 100th
553,qualified (top 250),REJECTED (human suitability),hey peresa,hey peresa,HH EY1 P EH0 R EH1 S AH0,4,1-0-1-0,constructed,prefix-required,peresa,NEW ASSISTANT IDENTITY - would replace or sit beside ARIA; Michael's decision,7,spelling suggests a different pronunciation (HH EY1 P ER0 IY1 S AH0),9,6,4,invented word looks less name-like than 78% of real first names; spelling does not show how to say it,8,3.8,0,,1.9,5.0,0.504,paris i (0.1083); paris (0.1333); parris (0.1333); see paris (0.1429),preliminary trademark / naming review required; invented word: clearance search needed,,7.66,6.7,fail,dignity naturalness 4 < 7; pronunciation ambiguity 7 > 4
192,human-suitable,below top-100 cut,okay geneva,okay geneva,OW2 K EY1 JH AH0 N IY1 V AH0,5,2-1-0-1-0,word_name,prefix-required,geneva,NEW ASSISTANT IDENTITY - would replace or sit beside ARIA; Michael's decision,0,written form reads as intended,8,9,7,,3,1.8,0,,3.3,5.4,0.539,to geneva (0.1625); vacation isn't (0.1989); on vacation isn't (0.1989); vacation isn't he (0.1989),preliminary trademark / naming review required; common word: weak distinctiveness,,7.66,7.57,fail,total score 7.57 below the 100th
322,qualified (top 250),REJECTED (human suitability),hey canila,hey canila,HH EY1 K AH0 N IY1 L AH0,4,1-0-1-0,constructed,prefix-required,canila,NEW ASSISTANT IDENTITY - would replace or sit beside ARIA; Michael's decision,3,vowels may be read differently (HH EY1 K AH0 N IH1 L AH0),10.0,7,6,invented word looks less name-like than 61% of real first names,8,3.5,0,,3.3,5.0,0.497,camilla (0.075); bacon is a (0.1214); taken in a (0.1214); make me love (0.1286),preliminary trademark / naming review required; invented word: clearance search needed,,7.64,7.27,fail,dignity naturalness 6 < 7
207,human-suitable,below top-100 cut,hey tamira,hey tamira,HH EY1 T AH0 M IY1 R AH0,4,1-0-1-0,constructed,prefix-required,tamira,NEW ASSISTANT IDENTITY - would replace or sit beside ARIA; Michael's decision,3,vowels may be read differently (HH EY1 T AH0 M IH1 R AH0),10.0,7,7,,8,1.8,0,,5.2,5.2,0.517,great american (0.1625); vladimir a (0.1643); tamara (0.1667); tamura (0.1667),preliminary trademark / naming review required; invented word: clearance search needed,,7.64,7.55,fail,total score 7.55 below the 100th
136,review list (top 100),FOR MICHAEL'S REVIEW,okay aurora,okay aurora,OW2 K EY1 ER0 AO1 R AH0,5,2-1-0-1-0,word_name,prefix-required,aurora,NEW ASSISTANT IDENTITY - would replace or sit beside ARIA; Michael's decision,0,written form reads as intended,9,9,7,,6,2.2,0,,3.6,5.0,0.497,ok for a (0.1429); ok for (0.1667); okay for (0.1667); ok or (0.1667),preliminary trademark / naming review required,,7.64,7.7,pass,
163,review list (top 100),FOR MICHAEL'S REVIEW,okay rosemary,okay rosemary,OW2 K EY1 R OW1 Z M EH2 R IY0,5,2-1-1-2-0,word_name,prefix-required,rosemary,NEW ASSISTANT IDENTITY - would replace or sit beside ARIA; Michael's decision,0,written form reads as intended,7,9,7,,6,2.2,0,,2.1,5.5,0.551,care of mary (0.1378); he knows mary (0.2189); care if mary (0.2211); rosemary (0.2222),preliminary trademark / naming review required,,7.64,7.625,pass,
218,human-suitable,below top-100 cut,hey jodi,hey jodi,HH EY1 JH OW1 D IY0,3,1-1-0,given_name,prefix-required,jodi,NEW ASSISTANT IDENTITY - would replace or sit beside ARIA; Michael's decision,0,written form reads as intended,9,9,8,,7,5.0,0,jodi,0.3,4.4,0.439,jody (0.0); jodie (0.0); jodi (0.0); dodi (0.1175),preliminary trademark / naming review required; personal name,,7.62,7.53,fail,total score 7.53 below the 100th
219,human-suitable,below top-100 cut,okay patience,okay patience,OW2 K EY1 P EY1 SH AH0 N S,4,2-1-1-0,word_name,prefix-required,patience,NEW ASSISTANT IDENTITY - would replace or sit beside ARIA; Michael's decision,0,written form reads as intended,6,9,7,,3,1.0,0,,2.3,5.4,0.544,my patience (0.2); no patience (0.2); the patience (0.2062); capacious (0.2062),preliminary trademark / naming review required; common word: weak distinctiveness,,7.62,7.53,fail,total score 7.53 below the 100th
183,review list (top 100),FOR MICHAEL'S REVIEW,okay ruby,okay ruby,OW2 K EY1 R UW1 B IY0,4,2-1-1-0,word_name,prefix-required,ruby,NEW ASSISTANT IDENTITY - would replace or sit beside ARIA; Michael's decision,0,written form reads as intended,9,9,7,,6,3.2,0,,2.6,4.9,0.494,ok to be (0.1429); okay to be (0.1429); spoke arabic (0.2); kgb (0.22),preliminary trademark / naming review required,,7.62,7.585,pass,
309,qualified (top 250),REJECTED (human suitability),hello aria,hello AR-ee-uh,HH AH0 L OW1 AA1 R IY0 AH0,5,0-1-1-0-0,aria,prefix-required,aria,existing identity (ARIA),6,"written form reads as intended; also spoken AIR-ee-uh = 'area' (Room 214 false wakes, 2026-09-24)",10.0,9,8,,1,2.2,3,hilaria 0.002%,2.0,5.2,0.516,hello are (0.1429); hello are you (0.15); residential area (0.1688); a residential area (0.1688),preliminary trademark / naming review required; existing assistant or product use known to the agent (unverified),G4_domain_names_commands,7.6,7.29,fail,brand suitability 1 < 3; pronunciation ambiguity 6 > 4
217,human-suitable,below top-100 cut,hey basil,hey basil,HH EY1 B AE1 Z AH0 L,3,1-1-0,given_name,prefix-required,basil,NEW ASSISTANT IDENTITY - would replace or sit beside ARIA; Michael's decision,0,written form reads as intended,9,9,8,,7,5.0,0,basil,0.6,4.6,0.458,basil (0.0); dazzle (0.07); bevel (0.088); basle (0.09),preliminary trademark / naming review required; personal name,,7.6,7.53,fail,total score 7.53 below the 100th
370,qualified (top 250),REJECTED (human suitability),hey damota,hey damota,HH EY1 D AH0 M OW1 T AH0,4,1-0-1-0,constructed,prefix-required,damota,NEW ASSISTANT IDENTITY - would replace or sit beside ARIA; Michael's decision,3,vowels may be read differently (HH EY1 D AA0 M OW1 T AH0),10.0,7,5,invented word looks less name-like than 85% of real first names,8,3.3,0,,3.8,5.1,0.51,had a motive (0.1313); had a motorcycle (0.1437); made a model (0.1571); dakota (0.1667),preliminary trademark / naming review required; invented word: clearance search needed,,7.6,7.175,fail,dignity naturalness 5 < 7
242,human-suitable,below top-100 cut,okay kestrel,okay kestrel,OW2 K EY1 K EH1 S T R AH0 L,4,2-1-1-0,word_name,prefix-required,kestrel,NEW ASSISTANT IDENTITY - would replace or sit beside ARIA; Michael's decision,0,written form reads as intended,6,8,7,,6,2.1,0,,1.4,5.5,0.55,take a stroll (0.1444); orchestral (0.2222); cholesterol (0.2389); took a stroll (0.2389),preliminary trademark / naming review required,,7.6,7.465,fail,total score 7.465 below the 100th
187,human-suitable,below top-100 cut,hey felida,hey felida,HH EY1 F EH0 L IY1 D AH0,4,1-0-1-0,constructed,prefix-required,felida,NEW ASSISTANT IDENTITY - would replace or sit beside ARIA; Michael's decision,0,written form reads as intended,10.0,7,7,,8,2.7,0,,4.5,5.1,0.506,fell in a (0.1167); he fell in (0.1643); felled a (0.1667); ferried (0.1667),preliminary trademark / naming review required; invented word: clearance search needed,,7.58,7.575,fail,total score 7.575 below the 100th
345,qualified (top 250),REJECTED (human suitability),hey radeta,hey radeta,HH EY1 R AH0 D EH1 T AH0,4,1-0-1-0,constructed,prefix-required,radeta,NEW ASSISTANT IDENTITY - would replace or sit beside ARIA; Michael's decision,3,vowels may be read differently (HH EY1 R AH0 D EY1 T AH0),10.0,7,5,invented word looks less name-like than 83% of real first names,8,2.7,0,,4.5,5.1,0.506,rebecca (0.1167); he read it (0.1357); here a bit (0.1429); iridescent (0.15),preliminary trademark / naming review required; invented word: clearance search needed,,7.58,7.225,fail,dignity naturalness 5 < 7
216,human-suitable,below top-100 cut,okay linden,okay linden,OW2 K EY1 L IH1 N D AH0 N,4,2-1-1-0,word_name,prefix-required,linden,NEW ASSISTANT IDENTITY - would replace or sit beside ARIA; Michael's decision,0,written form reads as intended,8,9,7,,6,3.2,0,,2.2,5.3,0.531,killington (0.1437); clinton (0.1812); local industries (0.1833); local industry (0.1833),preliminary trademark / naming review required,,7.58,7.535,fail,total score 7.535 below the 100th
144,review list (top 100),FOR MICHAEL'S REVIEW,hey gracia,hey gracia,HH EY1 G R AA1 CH AH0,3,1-1-0,given_name,prefix-required,gracia,NEW ASSISTANT IDENTITY - would replace or sit beside ARIA; Michael's decision,0,written form reads as intended,8,9,8,,7,3.0,0,gracia,2.1,4.9,0.492,rocca (0.1475); gracia (0.1667); dacha (0.175); watch a (0.1875),preliminary trademark / naming review required; personal name,,7.56,7.675,pass,
184,qualified (top 250),REJECTED (human suitability),okay constance,okay constance,OW2 K EY1 K AA1 N S T AH0 N S,4,2-1-1-0,word_name,prefix-required,constance,NEW ASSISTANT IDENTITY - would replace or sit beside ARIA; Michael's decision,0,written form reads as intended,5,9,7,,6,1.4,0,,1.6,5.8,0.576,like a constant (0.1773); lake constance (0.1818); constance (0.2); to constant (0.2),preliminary trademark / naming review required,,7.56,7.58,fail,senior speakability 5 < 6
210,human-suitable,below top-100 cut,hey kira,hey kira,HH EY1 K IH1 R AA0,3,1-1-0,given_name,prefix-required,kira,NEW ASSISTANT IDENTITY - would replace or sit beside ARIA; Michael's decision,0,written form reads as intended,10.0,9,8,,7,5.0,0,kira,1.7,4.4,0.439,kira (0.0); he care (0.13); hey kid (0.14); they care about (0.1667),preliminary trademark / naming review required; personal name,,7.54,7.54,fail,total score 7.54 below the 100th
205,human-suitable,below top-100 cut,hey luella,hey luella,HH EY1 L UW2 EH1 L AH0,4,1-2-1-0,given_name,prefix-required,luella,NEW ASSISTANT IDENTITY - would replace or sit beside ARIA; Michael's decision,0,written form reads as intended,10.0,9,8,,7,5.0,0,luella,1.9,4.6,0.461,luella (0.0); male elephant (0.1667); louisa (0.2); luisa (0.2),preliminary trademark / naming review required; personal name,,7.54,7.55,fail,total score 7.55 below the 100th
535,qualified (top 250),REJECTED (human suitability),hey zadula,hey zadula,HH EY1 Z AH0 D UW1 L AH0,4,1-0-1-0,constructed,prefix-required,zadula,NEW ASSISTANT IDENTITY - would replace or sit beside ARIA; Michael's decision,7,spelling suggests a different pronunciation (HH EY1 Z AA0 Y UW1 L AH0),9,6,3,invented word looks less name-like than 96% of real first names; spelling does not show how to say it,8,1.8,0,,4.7,5.2,0.517,his ability (0.1625); his ability to (0.1625); his abilities (0.1625); in his ability (0.1625),preliminary trademark / naming review required; invented word: clearance search needed,,7.54,6.75,fail,dignity naturalness 3 < 7; pronunciation ambiguity 7 > 4
