rank,id,kind,base,launcher,phonemes,syllables,phonemes_count,distinct_consonants,distinct_vowels,est_seconds,measurable_composite,acoustic_distinctiveness,conversational_rarity,television_rarity,older_resident_pronunciation,resistance_to_shortened_pronunciation,false_wake_resistance,pronunciation_consistency,subjective_composite,memorability,branding_suitability,emotional_friendliness,collision_margin,risk_per_hour_text_proxy,self_zipf,area_distance,nearest,gates_failed_hard,g4_rare_name_advisory,screen_rejected,reject_reasons
1,hey kolabamo,launcher,kolabamo,hey,HH EY1 K OW2 L AH0 B AA1 M OW0,5,10,5,4,0.85,10.0,10.0,10.0,10.0,10.0,10.0,10.0,10.0,7.33,7,6,9,,0,0.0,0.0,,,,False,
2,hi kolabamo,launcher,kolabamo,hi,HH AY1 K OW2 L AH0 B AA1 M OW0,5,10,5,4,0.85,10.0,10.0,10.0,10.0,10.0,10.0,10.0,10.0,7.33,7,6,9,,0,0.0,0.3,,,,False,
3,hello pomona,launcher,pomona,hello,HH AH0 L OW1 P OW0 M OW1 N AH0,5,10,5,2,0.85,9.96,9.8,10.0,10.0,10.0,10.0,9.9,10.0,6.67,7,4,9,0.2444,0,0.0,0.325,a formidable opponent (0.2444); formidable opponent (0.2444); political opponents (0.2444); his political opponents (0.2444),,,False,
4,hey kookaburra,phrase,,,HH EY1 K UW2 K AH0 B UH1 R AH0,5,10,4,4,0.85,9.87,9.3,10.0,10.0,10.0,10.0,9.8,10.0,7.0,8,5,8,0.2333,0,0.0,0.0,psychic abilities (0.2333); has psychic abilities (0.2333),,,False,
5,hello bektavo,launcher,bektavo,hello,HH AH0 L OW1 B EH0 K T AA1 V OW0,5,11,6,4,0.94,9.86,10.0,10.0,10.0,9.0,10.0,10.0,10.0,7.33,7,6,9,,0,0.0,0.5125,,,,False,
6,hello jericho,launcher,jericho,hello,HH AH0 L OW1 JH EH1 R IH0 K OW2,5,10,5,4,0.85,9.79,9.6,10.0,10.0,9.0,10.0,9.9,10.0,6.67,7,4,9,0.2389,0,0.0,0.4367,hello mary (0.2389); jericho (0.25),,,False,
7,hello dagobert,launcher,dagobert,hello,HH AH0 L OW1 D AE1 G AH0 B ER0 T,5,11,6,4,0.94,9.76,8.7,10.0,10.0,10.0,10.0,9.6,10.0,6.67,7,6,7,0.2167,0,0.0,0.5125,loaded but (0.2167),,,False,
8,hey bektavo,launcher,bektavo,hey,HH EY1 B EH0 K T AA1 V OW0,4,9,5,4,0.77,9.74,9.4,10.0,10.0,9.0,10.0,9.8,10.0,7.33,7,6,9,0.2357,0,0.0,0.0,gustavo (0.2357),,,False,
9,hey daskovi,launcher,daskovi,hey,HH EY1 D AA0 S K OW1 V IY0,4,9,5,4,0.77,9.71,10.0,10.0,10.0,8.0,10.0,10.0,10.0,7.33,7,6,9,,0,0.0,0.0,,,,False,
10,okay bektavo,launcher,bektavo,okay,OW2 K EY1 B EH0 K T AA1 V OW0,5,10,4,4,0.85,9.71,10.0,10.0,10.0,8.0,10.0,10.0,10.0,7.0,7,6,8,,0,0.0,0.55,,,,False,
11,okay jericho,launcher,jericho,okay,OW2 K EY1 JH EH1 R IH0 K OW2,5,9,3,4,0.77,9.71,10.0,10.0,10.0,8.0,10.0,10.0,10.0,6.33,7,4,8,0.25,0,0.0,0.4367,jericho (0.25),,,False,
12,okay velora (veh-LOR-uh),launcher,velora (veh-LOR-uh),okay,OW2 K EY1 V EH0 L AO1 R AH0,5,9,4,5,0.77,9.69,9.1,10.0,10.0,9.0,10.0,9.7,10.0,7.0,7,6,8,0.2278,0,0.0,0.3167,ok for a (0.2278),,,False,
13,hello velora (veh-LOR-uh),launcher,velora (veh-LOR-uh),hello,HH AH0 L OW1 V EH0 L AO1 R AH0,5,10,4,4,0.85,9.66,8.2,10.0,10.0,10.0,10.0,9.4,10.0,7.33,7,6,9,0.2056,0,0.0,0.3167,capital of belarus (0.2056); gullible aren't (0.2189); table of elements (0.2278); israel the lord (0.2333),,,False,
14,hello barnaby,launcher,barnaby,hello,HH AH0 L OW1 B AA1 R N AH0 B IY0,5,11,5,4,0.94,9.64,8.9,10.0,10.0,9.0,10.0,9.6,10.0,7.33,7,6,9,0.2222,0,0.0,0.4643,barnaby (0.2222); a newborn baby (0.25),,,False,
15,hello daskovi,launcher,daskovi,hello,HH AH0 L OW1 D AA0 S K OW1 V IY0,5,11,6,4,0.94,9.64,9.6,10.0,10.0,8.0,10.0,9.9,10.0,7.33,7,6,9,0.24,0,0.0,0.5125,the lotus position (0.24),,,False,
16,okay pomona,launcher,pomona,okay,OW2 K EY1 P OW0 M OW1 N AH0,5,9,4,3,0.77,9.64,8.9,10.0,10.0,9.0,10.0,9.6,10.0,6.33,7,4,8,0.2222,0,0.0,0.325,take a moment (0.2222); located in a (0.2444); pomona (0.25),,,False,
17,hello jistova,launcher,jistova,hello,HH AH0 L OW1 JH IH0 S T OW1 V AH0,5,11,6,3,0.94,9.57,10.0,10.0,10.0,7.0,10.0,10.0,10.0,7.33,7,6,9,0.25,0,0.0,0.5125,for just over (0.25),,,False,
18,okay kestovi,launcher,kestovi,okay,OW2 K EY1 K EH0 S T OW1 V IY0,5,10,4,4,0.85,9.57,10.0,10.0,10.0,7.0,10.0,10.0,10.0,7.0,7,6,8,,0,0.0,0.55,,,,False,
19,okay daskovi,launcher,daskovi,okay,OW2 K EY1 D AA0 S K OW1 V IY0,5,10,4,4,0.85,9.57,10.0,10.0,10.0,7.0,10.0,10.0,10.0,7.0,7,6,8,,0,0.0,0.55,,,,False,
20,hello kestovi,launcher,kestovi,hello,HH AH0 L OW1 K EH0 S T OW1 V IY0,5,11,6,4,0.94,9.56,9.2,10.0,10.0,8.0,10.0,9.7,10.0,7.33,7,6,9,0.23,0,0.0,0.5125,a local tv (0.23); the lotus position (0.2309),,,False,
21,hey dagobert,launcher,dagobert,hey,HH EY1 D AE1 G AH0 B ER0 T,4,9,5,4,0.77,9.56,7.7,10.0,10.0,10.0,10.0,9.2,10.0,6.67,7,6,7,0.1929,0,0.0,0.0,dad about (0.1929); bag but (0.2214); had a berber (0.225); bad about (0.2429),,,False,
22,hi daskovi,launcher,daskovi,hi,HH AY1 D AA0 S K OW1 V IY0,4,9,5,4,0.77,9.53,9.0,10.0,10.0,8.0,10.0,9.7,10.0,7.33,7,6,9,0.225,0,0.0,0.3,high cost of (0.225),,,False,
23,hi bektavo,launcher,bektavo,hi,HH AY1 B EH0 K T AA1 V OW0,4,9,5,4,0.77,9.51,8.2,10.0,10.0,9.0,10.0,9.4,10.0,7.33,7,6,9,0.2062,0,0.0,0.3,by gustavo (0.2062); gustavo (0.2357); subject of (0.2444); subject i've (0.25),,,False,
24,okay lumaro,phrase,,,OW2 K EY1 L UW0 M AA1 R OW0,5,9,4,4,0.77,9.51,8.2,10.0,10.0,9.0,10.0,9.4,10.0,7.0,8,5,8,0.2056,0,0.0,0.55,local authorities (0.2056); local market (0.2056); local markets (0.2056); the local market (0.2056),,,False,
25,hi dagobert,launcher,dagobert,hi,HH AY1 D AE1 G AH0 B ER0 T,4,9,5,4,0.77,9.5,7.7,10.0,9.7,10.0,10.0,9.1,10.0,6.67,7,6,7,0.1929,0.0002,0.0,0.3,dad about (0.1929); bag but (0.2214); had a berber (0.225); undecided about (0.2333),,,False,
26,aria kovo,aria,,,AA1 R IY0 AH0 K OW1 V OW0,5,8,3,4,0.68,9.47,8.0,10.0,10.0,9.0,10.0,9.3,10.0,7.67,8,7,8,0.1988,0,0.0,0.175,are supposedly (0.1988); sorry i couldn't (0.23); mary go home (0.2313); more eco friendly (0.2313),,,False,
27,hello montague,launcher,montague,hello,HH AH0 L OW1 M AA1 N T AH0 G Y UW2,5,12,7,4,1.02,9.47,8.0,10.0,10.0,9.0,10.0,9.3,10.0,7.33,7,6,9,0.2,0,0.0,0.48,montague (0.2); montagu (0.2); a romantic weekend (0.2455),,,False,
28,okay dagobert,launcher,dagobert,okay,OW2 K EY1 D AE1 G AH0 B ER0 T,5,10,5,5,0.85,9.46,8.4,10.0,9.5,9.0,10.0,9.3,10.0,6.33,7,6,6,0.21,0.0004,0.0,0.55,located about (0.21),,,False,
29,hey domakuro,launcher,domakuro,hey,HH EY1 D OW2 M AH0 K UW1 R OW0,5,10,5,4,0.85,9.43,10.0,10.0,10.0,10.0,10.0,10.0,6.0,7.33,7,6,9,,0,0.0,0.0,,,,False,
30,hi domakuro,launcher,domakuro,hi,HH AY1 D OW2 M AH0 K UW1 R OW0,5,10,5,4,0.85,9.43,10.0,10.0,10.0,10.0,10.0,10.0,6.0,7.33,7,6,9,,0,0.0,0.3,,,,False,
31,hey lomabuko,launcher,lomabuko,hey,HH EY1 L OW2 M AH0 B UW1 K OW0,5,10,5,4,0.85,9.43,10.0,10.0,10.0,10.0,10.0,10.0,6.0,7.33,7,6,9,,0,0.0,0.0,,,,False,
32,hi lomabuko,launcher,lomabuko,hi,HH AY1 L OW2 M AH0 B UW1 K OW0,5,10,5,4,0.85,9.43,10.0,10.0,10.0,10.0,10.0,10.0,6.0,7.33,7,6,9,,0,0.0,0.3,,,,False,
33,hey tobamaku,launcher,tobamaku,hey,HH EY1 T OW2 B AH0 M AA1 K UW0,5,10,5,5,0.85,9.43,10.0,10.0,10.0,10.0,10.0,10.0,6.0,7.33,7,6,9,,0,0.0,0.0,,,,False,
34,hi tobamaku,launcher,tobamaku,hi,HH AY1 T OW2 B AH0 M AA1 K UW0,5,10,5,5,0.85,9.43,10.0,10.0,10.0,10.0,10.0,10.0,6.0,7.33,7,6,9,,0,0.0,0.3,,,,False,
35,hey gumaroba,launcher,gumaroba,hey,HH EY1 G UW2 M AH0 R OW1 B AH0,5,10,5,4,0.85,9.43,10.0,10.0,10.0,10.0,10.0,10.0,6.0,7.33,7,6,9,,0,0.0,0.0,,,,False,
36,hi gumaroba,launcher,gumaroba,hi,HH AY1 G UW2 M AH0 R OW1 B AH0,5,10,5,4,0.85,9.43,10.0,10.0,10.0,10.0,10.0,10.0,6.0,7.33,7,6,9,,0,0.0,0.3,,,,False,
37,okay jistova,launcher,jistova,okay,OW2 K EY1 JH IH0 S T OW1 V AH0,5,10,5,4,0.85,9.43,10.0,10.0,10.0,6.0,10.0,10.0,10.0,7.0,7,6,8,,0,0.0,0.5129,,,,False,
38,kolabamo,invented,,,K OW2 L AH0 B AA1 M OW0,4,8,4,3,0.68,9.41,6.9,10.0,10.0,10.0,10.0,9.0,10.0,7.0,4,9,8,0.1714,0,0.0,0.5,call upon (0.1714); cold on (0.1786); vasco da gama (0.1813); barack obama (0.2),,,False,
39,hello tovara (toh-VAR-uh),launcher,tovara (toh-VAR-uh),hello,HH AH0 L OW1 T OW0 V AA1 R AH0,5,10,5,3,0.85,9.37,7.8,10.0,8.9,10.0,10.0,8.9,10.0,7.33,7,6,9,0.1944,0.0012,0.0,0.5125,hello to your (0.1944); hello to mary (0.197); tomatoes are a (0.2044); photos are (0.23),,,False,
40,hello ignatius,launcher,ignatius,hello,HH AH0 L OW1 IH2 G N EY1 SH AH0 S,5,11,6,4,0.94,9.36,8.9,10.0,10.0,7.0,10.0,9.6,10.0,6.67,7,6,7,0.2222,0,0.0,0.5125,ignatius (0.2222),,,False,
41,hey jedidiah,launcher,jedidiah,hey,HH EY1 JH AH0 D IY1 D IY0 AH0,5,9,3,3,0.77,9.34,8.1,10.0,9.2,9.0,10.0,9.1,10.0,7.33,7,6,9,0.2025,0.0007,0.0,0.0,disobedience (0.2025); be disobedient (0.2025); was disobedient (0.2025); disobedient (0.2025),,,False,
42,okay barnaby,launcher,barnaby,okay,OW2 K EY1 B AA1 R N AH0 B IY0,5,10,4,5,0.85,9.33,8.0,10.0,10.0,8.0,10.0,9.3,10.0,7.0,7,6,8,0.2,0,0.0,0.4643,copacabana beach (0.2); barnaby (0.2222); tokyo on business (0.2444),,,False,
43,okay montague,launcher,montague,okay,OW2 K EY1 M AA1 N T AH0 G Y UW2,5,11,6,5,0.94,9.33,8.0,10.0,10.0,8.0,10.0,9.3,10.0,7.0,7,6,8,0.2,0,0.0,0.48,montague (0.2); montagu (0.2),,,False,
44,hi jedidiah,launcher,jedidiah,hi,HH AY1 JH AH0 D IY1 D IY0 AH0,5,9,3,3,0.77,9.3,7.4,10.0,9.7,9.0,10.0,9.0,10.0,7.33,7,6,9,0.1862,0.0002,0.0,0.3,by the media (0.1862); the media (0.2129); died immediately (0.2338); was obedient (0.24),,,False,
45,hey dorivo,phrase,,,HH EY1 D AO0 R IY1 V OW0,4,8,4,4,0.68,9.3,6.9,10.0,9.4,10.0,10.0,8.8,10.0,7.0,8,5,8,0.1737,0.0005,0.0,0.0,had reasons (0.1737); had reasons to (0.1737); had reasonable (0.1737); him a reason (0.1862),,,False,
46,jumbo taco,phrase,,,JH AH1 M B OW0 T AA1 K OW0,4,9,5,3,0.77,9.3,7.8,10.0,10.0,8.0,10.0,9.3,10.0,7.0,8,5,8,0.1944,0,0.0,0.5,jump to conclusions (0.1944); jumped up and (0.2); botox (0.2); jumbotron (0.2222),,,False,
47,hello jovia (JOH-vee-uh),launcher,jovia (JOH-vee-uh),hello,HH AH0 L OW1 JH OW1 V IY0 AH0,5,9,4,3,0.77,9.29,10.0,10.0,10.0,9.0,10.0,10.0,6.0,7.33,7,6,9,0.25,0,0.0,0.35,theologian (0.25),,,False,
48,hello zebedee,launcher,zebedee,hello,HH AH0 L OW1 Z EH1 B AH0 D IY2,5,10,5,4,0.85,9.29,9.1,8.0,9.9,9.0,10.0,9.0,10.0,7.33,7,6,9,0.2278,0.0001,0.0,0.3533,tell anybody (0.2278); didn't tell anybody (0.2278); won't tell anybody (0.2278); tell anybody about (0.2278),,,False,
49,hello dakrumo,launcher,dakrumo,hello,HH AH0 L OW1 D AH0 K R UW1 M OW0,5,11,6,3,0.94,9.29,10.0,10.0,10.0,9.0,10.0,10.0,6.0,7.33,7,6,9,,0,0.0,0.5125,,,,False,
50,hi petrako,launcher,petrako,hi,HH AY1 P EH0 T R AA1 K OW0,4,9,5,4,0.77,9.29,10.0,10.0,10.0,9.0,10.0,10.0,6.0,7.33,7,6,9,0.25,0,0.0,0.3,butt rock (0.25); how attractive (0.25),,,False,
51,hello petrako,launcher,petrako,hello,HH AH0 L OW1 P EH0 T R AA1 K OW0,5,11,6,4,0.94,9.29,10.0,10.0,10.0,9.0,10.0,10.0,6.0,7.33,7,6,9,,0,0.0,0.5125,,,,False,
52,hello gotrika,launcher,gotrika,hello,HH AH0 L OW1 G OW0 T R IY1 K AH0,5,11,6,3,0.94,9.29,10.0,10.0,10.0,9.0,10.0,10.0,6.0,7.33,7,6,9,,0,0.0,0.4714,,,,False,
53,hello kotrubo,launcher,kotrubo,hello,HH AH0 L OW1 K OW0 T R UW1 B OW0,5,11,6,3,0.94,9.29,10.0,10.0,10.0,9.0,10.0,10.0,6.0,7.33,7,6,9,,0,0.0,0.5125,,,,False,
54,okay kovalo,phrase,,,OW2 K EY1 K OW1 V AH0 L OW0,5,9,3,3,0.77,9.29,10.0,10.0,10.0,9.0,10.0,10.0,6.0,7.0,8,5,8,0.25,0,0.0,0.4867,of coca cola (0.25); coca cola drink (0.25); coca cola is (0.25),,,False,
55,hello dekrova,launcher,dekrova,hello,HH AH0 L OW1 D EH0 K R OW1 V AH0,5,11,6,3,0.94,9.24,9.8,10.0,10.0,9.0,10.0,9.9,6.0,7.33,7,6,9,0.244,0,0.0,0.4929,stumbled across a (0.244),,,False,
56,okay celestra (suh-LESS-truh),launcher,celestra (suh-LESS-truh),okay,OW2 K EY1 S AH0 L EH1 S T R AH0,5,11,5,4,0.94,9.21,9.9,10.0,9.7,5.0,10.0,9.9,10.0,6.33,7,6,6,0.2473,0.0002,0.0,0.4838,vocational training (0.2473),,,False,
57,okay ignatius,launcher,ignatius,okay,OW2 K EY1 IH2 G N EY1 SH AH0 S,5,10,5,4,0.85,9.21,8.9,10.0,10.0,6.0,10.0,9.6,10.0,6.33,7,6,6,0.2222,0,0.0,0.55,ignatius (0.2222),,,False,
58,hello boktari,launcher,boktari,hello,HH AH0 L OW1 B AA0 K T AA1 R IY0,5,11,6,4,0.94,9.19,9.8,10.0,9.7,9.0,10.0,9.8,6.0,7.33,7,6,9,0.2455,0.0002,0.0,0.4486,slow but mary (0.2455); harmful bacteria (0.25),,,False,
59,hi tiberius,launcher,tiberius,hi,HH AY1 T IH0 B EH1 R IY0 AH0 S,5,10,5,5,0.85,9.16,7.1,10.0,9.2,9.0,10.0,8.8,10.0,6.67,7,6,7,0.1775,0.0007,0.0,0.3,to various (0.1775); denarius (0.1938); hi to mary (0.1944); shaded area (0.1944),,,False,
60,hello zuktavo,launcher,zuktavo,hello,HH AH0 L OW1 Z UW0 K T AA1 V OW0,5,11,6,4,0.94,9.14,10.0,10.0,10.0,8.0,10.0,10.0,6.0,7.33,7,6,9,,0,0.0,0.5125,,,,False,
61,okay dakrumo,launcher,dakrumo,okay,OW2 K EY1 D AH0 K R UW1 M OW0,5,10,4,4,0.85,9.14,10.0,10.0,10.0,8.0,10.0,10.0,6.0,7.0,7,6,8,,0,0.0,0.55,,,,False,
62,okay gektora,launcher,gektora,okay,OW2 K EY1 G EH0 K T AO1 R AH0,5,10,4,5,0.85,9.14,10.0,10.0,10.0,8.0,10.0,10.0,6.0,7.0,7,6,8,,0,0.0,0.5,,,,False,
63,okay dekrova,launcher,dekrova,okay,OW2 K EY1 D EH0 K R OW1 V AH0,5,10,4,4,0.85,9.14,10.0,10.0,10.0,8.0,10.0,10.0,6.0,7.0,7,6,8,,0,0.0,0.4929,,,,False,
64,okay gotrika,launcher,gotrika,okay,OW2 K EY1 G OW0 T R IY1 K AH0,5,10,4,4,0.85,9.14,10.0,10.0,10.0,8.0,10.0,10.0,6.0,7.0,7,6,8,,0,0.0,0.4714,,,,False,
65,okay kotrubo,launcher,kotrubo,okay,OW2 K EY1 K OW0 T R UW1 B OW0,5,10,4,3,0.85,9.14,10.0,10.0,10.0,8.0,10.0,10.0,6.0,7.0,7,6,8,,0,0.0,0.55,,,,False,
66,okavango,word,,,OW0 K AA0 V AA1 NG G OW0,4,8,4,2,0.68,9.14,7.0,10.0,10.0,8.0,10.0,9.0,10.0,6.67,8,4,8,0.175,0,0.0,0.4743,micafungin (0.175); republic of congo (0.2); the covenant (0.2188); of the covenant (0.2188),,,False,
67,hi takalumo,launcher,takalumo,hi,HH AY1 T AA2 K AH0 L UW1 M OW0,5,10,5,5,0.85,9.13,8.4,10.0,10.0,10.0,10.0,9.5,6.0,7.33,7,6,9,0.2111,0,0.0,0.3,about a kilometer (0.2111),,,False,
68,hey kestovi,launcher,kestovi,hey,HH EY1 K EH0 S T OW1 V IY0,4,9,5,4,0.77,9.13,6.9,10.0,10.0,8.0,10.0,9.0,10.0,7.33,7,6,9,0.1737,0,0.0,0.0,speak estonian (0.1737); hates tv (0.2167); passed over (0.2214); test easy (0.2271),,,False,
69,okay zelora (zeh-LOR-uh),launcher,zelora (zeh-LOR-uh),okay,OW2 K EY1 Z EH0 L AO1 R AH0,5,9,4,5,0.77,9.13,9.9,10.0,10.0,8.0,10.0,10.0,6.0,7.0,7,6,8,0.2467,0,0.0,0.3033,obey the laws (0.2467),,,False,
70,hello kazimir,launcher,kazimir,hello,HH AH0 L OW1 K AE1 Z IH0 M IH2 R,5,11,6,4,0.94,9.13,9.2,10.0,10.0,9.0,10.0,9.7,6.0,6.67,7,6,7,0.23,0,0.0,0.3571,lukas immediately (0.23); hello is mr (0.24),,,False,
71,hi kotrubo,launcher,kotrubo,hi,HH AY1 K OW0 T R UW1 B OW0,4,9,5,3,0.77,9.11,9.1,10.0,10.0,9.0,10.0,9.7,6.0,7.33,7,6,9,0.2278,0,0.0,0.3,had a troubled (0.2278),,,False,
72,hello zelora (zeh-LOR-uh),launcher,zelora (zeh-LOR-uh),hello,HH AH0 L OW1 Z EH0 L AO1 R AH0,5,10,4,4,0.85,9.1,9.0,10.0,10.0,9.0,10.0,9.7,6.0,7.33,7,6,9,0.2244,0,0.0,0.3033,israel the lord (0.2244); capital of belarus (0.2322); hello there (0.2356); local or (0.2375),,,False,
73,hi kestovi,launcher,kestovi,hi,HH AY1 K EH0 S T OW1 V IY0,4,9,5,4,0.77,9.1,6.8,10.0,10.0,8.0,10.0,8.9,10.0,7.33,7,6,9,0.1688,0,0.0,0.3,high cost of (0.1688); like anchovies (0.2087); a custodian (0.2112); the custodian (0.2112),,,False,
74,hello nova,phrase,,,HH AH0 L OW1 N OW1 V AH0,4,8,4,2,0.68,9.1,6.6,10.0,8.7,10.0,10.0,8.4,10.0,7.0,8,5,8,0.1643,0.0014,0.0,0.5125,villanova (0.1643); alone isn't (0.17); alone isn't he (0.17); alone isn't she (0.17),,,False,
75,okay jovia (JOH-vee-uh),launcher,jovia (JOH-vee-uh),okay,OW2 K EY1 JH OW1 V IY0 AH0,5,8,3,4,0.68,9.1,9.8,10.0,10.0,8.0,10.0,9.9,6.0,7.0,7,6,8,0.2457,0,0.0,0.48,okeechobee (0.2457),,,False,
76,hi velora (veh-LOR-uh),launcher,velora (veh-LOR-uh),hi,HH AY1 V EH0 L AO1 R AH0,4,8,4,4,0.68,9.07,6.7,10.0,8.4,10.0,10.0,8.4,10.0,7.33,7,6,9,0.1667,0.0021,0.0,0.3,valera (0.1667); have an orange (0.1812); velour (0.1833); have a warrant (0.2),,,False,
77,okay boktari,launcher,boktari,okay,OW2 K EY1 B AA0 K T AA1 R IY0,5,10,4,4,0.85,9.04,9.8,10.0,9.7,8.0,10.0,9.8,6.0,7.0,7,6,8,0.245,0.0002,0.0,0.4486,ok but mary (0.245),,,False,
78,hey takalumo,launcher,takalumo,hey,HH EY1 T AA2 K AH0 L UW1 M OW0,5,10,5,5,0.85,9.01,7.8,10.0,10.0,10.0,10.0,9.3,6.0,7.33,7,6,9,0.1944,0,0.0,0.0,politically motivated (0.1944); critical moment (0.25),,,False,
79,hello bonomo,phrase,,,HH AH0 L OW1 B OW0 N OW1 M OW0,5,10,5,2,0.85,9.01,7.8,10.0,10.0,10.0,10.0,9.3,6.0,7.0,8,5,8,0.1944,0,0.0,0.5,hello my name (0.1944); lobotomy (0.25),,,False,
80,okay zaria,launcher,zaria,okay,OW2 K EY1 Z AA1 R IY0 AH0,5,8,3,5,0.68,9.01,6.8,10.0,9.5,8.0,10.0,8.8,10.0,6.67,8,4,8,0.1688,0.0004,0.0,0.23,local area (0.1688); smoking area (0.1688); the local area (0.1688); smoking areas (0.1688),,echevarria (0.00331%),False,
81,hey boktari,launcher,boktari,hey,HH EY1 B AA0 K T AA1 R IY0,4,9,5,3,0.77,9.0,8.5,10.0,10.0,9.0,10.0,9.5,6.0,7.33,7,6,9,0.2125,0,0.0,0.0,back story (0.2125); inhibitory (0.2167); antibacterial (0.2313); antibacterial spray (0.2313),,,False,
82,okay kestara (kess-TAR-uh),launcher,kestara (kess-TAR-uh),okay,OW2 K EY1 K EH0 S T AA1 R AH0,5,10,4,5,0.85,9.0,10.0,10.0,10.0,7.0,10.0,10.0,6.0,7.0,7,6,8,,0,0.0,0.5,,,,False,
83,okay kestia (KESS-tee-uh),launcher,kestia (KESS-tee-uh),okay,OW2 K EY1 K EH1 S T IY0 AH0,5,9,3,5,0.77,9.0,10.0,10.0,10.0,7.0,10.0,10.0,6.0,7.0,7,6,8,,0,0.0,0.3917,,,,False,
84,okay zuktavo,launcher,zuktavo,okay,OW2 K EY1 Z UW0 K T AA1 V OW0,5,10,4,4,0.85,9.0,10.0,10.0,10.0,7.0,10.0,10.0,6.0,7.0,7,6,8,,0,0.0,0.55,,,,False,
85,hello tokastra,launcher,tokastra,hello,HH AH0 L OW1 T OW0 K AE1 S T R AH0,5,12,6,3,1.02,9.0,10.0,10.0,10.0,7.0,10.0,10.0,6.0,6.67,7,6,7,,0,0.0,0.5125,,,,False,
86,hello kobastro,launcher,kobastro,hello,HH AH0 L OW1 K OW0 B AE1 S T R OW0,5,12,7,3,1.02,9.0,10.0,10.0,10.0,7.0,10.0,10.0,6.0,6.67,7,6,7,,0,0.0,0.5125,,,,False,
87,hello gektora,launcher,gektora,hello,HH AH0 L OW1 G EH0 K T AO1 R AH0,5,11,6,4,0.94,8.99,8.4,10.0,10.0,9.0,10.0,9.5,6.0,7.33,7,6,9,0.21,0,0.0,0.5,valedictorian (0.21); the valedictorian (0.21),,,False,
88,hey kovo,phrase,,,HH EY1 K OW1 V OW0,3,6,3,2,0.51,8.99,4.7,10.0,10.0,10.0,10.0,8.2,10.0,7.0,8,5,8,0.118,0,0.0,0.0,antarctic ozone (0.118); the antarctic ozone (0.118); take a vote (0.13); heck of a (0.1667),,,False,
89,hello kestrel,phrase,,,HH AH0 L OW1 K EH1 S T R AH0 L,4,11,6,3,0.94,8.99,7.2,10.0,9.7,7.0,10.0,9.0,10.0,5.67,8,5,4,0.18,0.0002,0.0,0.5125,orchestral (0.18); apollo astronauts (0.23); fellow astronaut (0.2318); i like australia (0.24),,,False,
90,hey zuktavo,launcher,zuktavo,hey,HH EY1 Z UW0 K T AA1 V OW0,4,9,5,4,0.77,8.97,9.1,10.0,10.0,8.0,10.0,9.7,6.0,7.33,7,6,9,0.2278,0,0.0,0.0,has a cavity (0.2278); in his closet (0.2433); out his closet (0.2433); of his closet (0.2433),,,False,
91,hi zuktavo,launcher,zuktavo,hi,HH AY1 Z UW0 K T AA1 V OW0,4,9,5,4,0.77,8.97,9.1,10.0,10.0,8.0,10.0,9.7,6.0,7.33,7,6,9,0.2278,0,0.0,0.3,has a cavity (0.2278); social activist (0.2444),,,False,
92,tobamaku,invented,,,T OW2 B AH0 M AA1 K UW0,4,8,4,4,0.68,8.96,7.5,10.0,10.0,10.0,10.0,9.2,6.0,7.0,4,9,8,0.1875,0,0.0,0.5063,photochemical (0.1875); president obama has (0.24); to be modest (0.2438); potomac and (0.25),,,False,
93,okay kazimir,launcher,kazimir,okay,OW2 K EY1 K AE1 Z IH0 M IH2 R,5,10,4,4,0.85,8.96,9.0,10.0,10.0,8.0,10.0,9.7,6.0,6.33,7,6,6,0.225,0,0.0,0.3571,is located near (0.225); located near the (0.225); are located near (0.225),,,False,
94,okay petrako,launcher,petrako,okay,OW2 K EY1 P EH0 T R AA1 K OW0,5,10,4,4,0.85,8.91,8.8,10.0,10.0,8.0,10.0,9.6,6.0,7.0,7,6,8,0.22,0,0.0,0.55,is located right (0.22),,,False,
95,hello jaskoba,launcher,jaskoba,hello,HH AH0 L OW1 JH AH0 S K OW1 B AH0,5,11,6,2,0.94,8.89,9.4,10.0,10.0,7.0,10.0,9.8,6.0,7.33,7,6,9,0.234,0,0.0,0.5125,kaleidoscope (0.234); elias couldn't (0.24),,,False,
96,hey jistova,launcher,jistova,hey,HH EY1 JH IH0 S T OW1 V AH0,4,9,5,4,0.77,8.87,6.3,10.0,10.0,7.0,10.0,8.8,10.0,7.33,7,6,9,0.1571,0,0.0,0.0,just over (0.1571); gist of (0.1786); just over a (0.1875); this to the (0.1914),,,False,
97,hey petrako,launcher,petrako,hey,HH EY1 P EH0 T R AA1 K OW0,4,9,5,4,0.77,8.87,7.8,10.0,10.0,9.0,10.0,9.3,6.0,7.33,7,6,9,0.1944,0,0.0,0.0,hate broccoli (0.1944); shaped like a (0.2); hit a triple (0.2167); a hippopotamus (0.2278),,,False,
98,hey kotrubo,launcher,kotrubo,hey,HH EY1 K OW0 T R UW1 B OW0,4,9,5,3,0.77,8.87,7.8,10.0,10.0,9.0,10.0,9.3,6.0,7.33,7,6,9,0.1944,0,0.0,0.0,hit a triple (0.1944); hated rima (0.2056); seek approval (0.2189); seek approval from (0.2189),,,False,
99,okay krysta (KRISS-tuh),launcher,krysta (KRISS-tuh),okay,OW2 K EY1 K R IH1 S T AH0,4,9,4,4,0.77,8.87,8.2,10.0,8.1,7.0,10.0,8.8,10.0,7.0,7,6,8,0.2056,0.0028,0.0,0.4812,to take risks (0.2056); take risks (0.2125); take a rest (0.2188); take this to (0.2338),,,False,
100,hey velora (veh-LOR-uh),launcher,velora (veh-LOR-uh),hey,HH EY1 V EH0 L AO1 R AH0,4,8,4,4,0.68,8.86,6.7,10.0,7.3,10.0,10.0,8.0,10.0,7.33,7,6,9,0.1667,0.0056,0.0,0.0,valera (0.1667); have an orange (0.1812); velour (0.1833); naval officer (0.1857),,,False,
101,okay jaskoba,launcher,jaskoba,okay,OW2 K EY1 JH AH0 S K OW1 B AH0,5,10,4,3,0.85,8.86,10.0,10.0,10.0,6.0,10.0,10.0,6.0,7.0,7,6,8,,0,0.0,0.5429,,,,False,
102,okay tikastro,launcher,tikastro,okay,OW2 K EY1 T IY0 K AE1 S T R OW0,5,11,4,4,0.94,8.86,10.0,10.0,10.0,6.0,10.0,10.0,6.0,6.33,7,6,6,,0,0.0,0.55,,,,False,
103,okay kobastro,launcher,kobastro,okay,OW2 K EY1 K OW0 B AE1 S T R OW0,5,11,5,3,0.94,8.86,10.0,10.0,10.0,6.0,10.0,10.0,6.0,6.33,7,6,6,,0,0.0,0.55,,,,False,
104,hello kestia (KESS-tee-uh),launcher,kestia (KESS-tee-uh),hello,HH AH0 L OW1 K EH1 S T IY0 AH0,5,10,5,4,0.85,8.84,8.4,10.0,10.0,8.0,10.0,9.5,6.0,7.33,7,6,9,0.2111,0,0.0,0.3917,a local tv (0.2111); locusts and (0.2111); a locust (0.2111); fluoxetine (0.2167),,,False,
105,kookaburra,word,,,K UW2 K AH0 B UH1 R AH0,4,8,3,3,0.68,8.84,5.7,10.0,8.2,10.0,10.0,8.0,10.0,7.0,8,5,8,0.1429,0.0024,0.0,0.425,took a beer (0.1429); kabila (0.15); camorra (0.1583); kabbalah (0.1667),,,False,
106,okay zebedee,launcher,zebedee,okay,OW2 K EY1 Z EH1 B AH0 D IY2,5,9,4,5,0.77,8.84,8.7,10.0,6.7,8.0,10.0,8.5,10.0,7.0,7,6,8,0.2167,0.0086,0.0,0.3533,like anybody (0.2167); make anybody (0.2167); don't like anybody (0.2167); doesn't like anybody (0.2167),,,False,
107,hello aria,aria,,,HH AH0 L OW1 AA1 R IY0 AH0,5,8,3,4,0.68,8.8,5.7,10.0,8.0,10.0,10.0,7.9,10.0,8.33,10,7,8,0.1429,0.0031,0.0,0.175,hello are (0.1429); hello are you (0.15); residential area (0.1688); a residential area (0.1688),,hilaria (0.002%),False,
108,domakuro,invented,,,D OW2 M AH0 K UW1 R OW0,4,8,4,3,0.68,8.8,8.7,8.0,10.0,10.0,10.0,8.9,6.0,7.0,4,9,8,0.2167,0,0.0,0.4571,macro (0.2167); maputo (0.225); mccool (0.2333); micro (0.2417),,,False,
109,hello celestra (suh-LESS-truh),launcher,celestra (suh-LESS-truh),hello,HH AH0 L OW1 S AH0 L EH1 S T R AH0,5,12,5,3,1.02,8.8,7.4,10.0,9.3,6.0,10.0,8.9,10.0,6.67,7,6,7,0.1855,0.0006,0.0,0.4838,carlos left rima (0.1855); a socialist country (0.22); a little extra (0.2208); little extra (0.2409),,,False,
110,hello callista (kuh-LISS-tuh),launcher,callista (kuh-LISS-tuh),hello,HH AH0 L OW1 K AH0 L IH1 S T AH0,5,11,5,3,0.94,8.79,6.2,10.0,8.9,8.0,10.0,8.4,10.0,7.33,7,6,9,0.154,0.0012,0.0,0.4571,a vocalist (0.154); absolutely stunned (0.165); absolutely stunning (0.165); was absolutely stunned (0.165),,,False,
111,hey gektora,launcher,gektora,hey,HH EY1 G EH0 K T AO1 R AH0,4,9,5,4,0.77,8.79,7.4,10.0,10.0,9.0,10.0,9.1,6.0,7.33,7,6,9,0.1857,0,0.0,0.0,baked or (0.1857); back for a (0.2129); get tom a (0.2214); valedictorian (0.225),,,False,
112,hi gektora,launcher,gektora,hi,HH AY1 G EH0 K T AO1 R AH0,4,9,5,4,0.77,8.79,7.4,10.0,10.0,9.0,10.0,9.1,6.0,7.33,7,6,9,0.1857,0,0.0,0.3,baked or (0.1857); directorial (0.2); valedictorian (0.2); the valedictorian (0.2),,,False,
113,hello zestra (ZESS-truh),launcher,zestra (ZESS-truh),hello,HH AH0 L OW1 Z EH1 S T R AH0,4,10,6,3,0.85,8.79,7.1,10.0,9.5,6.0,10.0,8.9,10.0,6.67,7,6,7,0.1778,0.0004,0.0,0.32,apollo astronauts (0.1778); fellow astronaut (0.185); all this trouble (0.1911); those extra (0.2022),,,False,
114,okay tokastra,launcher,tokastra,okay,OW2 K EY1 T OW0 K AE1 S T R AH0,5,11,4,4,0.94,8.79,9.6,10.0,10.0,6.0,10.0,9.9,6.0,6.33,7,6,6,0.2409,0,0.0,0.55,to get accustomed (0.2409); protect astronauts (0.2409); protect astronauts from (0.2409),,,False,
115,hi tovara (toh-VAR-uh),launcher,tovara (toh-VAR-uh),hi,HH AY1 T OW0 V AA1 R AH0,4,8,4,4,0.68,8.74,4.0,10.0,9.4,10.0,10.0,7.8,10.0,7.33,7,6,9,0.1,0.0005,0.0,0.3,tovar (0.1); houses aren't (0.1362); houses aren't far (0.1362); mary's houses aren't (0.1362),,,False,
116,hello zaria,launcher,zaria,hello,HH AH0 L OW1 Z AA1 R IY0 AH0,5,9,4,4,0.77,8.73,6.0,10.0,8.1,9.0,10.0,8.0,10.0,7.0,8,4,9,0.15,0.0028,0.0,0.23,rosario (0.15); rosalia (0.1714); hello mary (0.1778); hello there (0.1911),,rosaria (0.003%),False,
117,hi boktari,launcher,boktari,hi,HH AY1 B AA0 K T AA1 R IY0,4,9,5,3,0.77,8.71,7.0,10.0,10.0,9.0,10.0,9.0,6.0,7.33,7,6,9,0.175,0,0.0,0.3,by bacteria (0.175); i got carried (0.1937); my doctor recommended (0.2063); back story (0.2125),,,False,
118,hey dekrova,launcher,dekrova,hey,HH EY1 D EH0 K R OW1 V AH0,4,9,5,4,0.77,8.7,7.9,10.0,9.0,9.0,10.0,9.0,6.0,7.33,7,6,9,0.1986,0.001,0.0,0.0,neck rose (0.1986); had a private (0.2); had a profound (0.2111); his approval (0.2167),,,False,
119,hi jistova,launcher,jistova,hi,HH AY1 JH IH0 S T OW1 V AH0,4,9,5,4,0.77,8.7,6.3,10.0,9.1,7.0,10.0,8.5,10.0,7.33,7,6,9,0.1571,0.0008,0.0,0.3,just over (0.1571); gist of (0.1786); just over a (0.1875); i just opened (0.1875),,,False,
120,okay callista (CALL-iss-tuh),launcher,callista (CALL-iss-tuh),okay,OW2 K EY1 K AO1 L IH0 S T AH0,5,10,4,5,0.85,8.7,8.4,10.0,10.0,7.0,10.0,9.5,6.0,7.0,7,6,8,0.2111,0,0.0,0.5143,catalyst (0.2111); make a list (0.2222); cake left (0.2267); cakes left (0.2267),,,False,
121,hey tiberius,launcher,tiberius,hey,HH EY1 T IH0 B EH1 R IY0 AH0 S,5,10,5,5,0.85,8.7,5.1,10.0,8.8,9.0,10.0,8.0,10.0,6.67,7,6,7,0.1278,0.0013,0.0,0.0,shaded area (0.1278); to various (0.1775); populated areas (0.18); pretty serious (0.1889),,,False,
122,hello tikastro,launcher,tikastro,hello,HH AH0 L OW1 T IY0 K AE1 S T R OW0,5,12,6,4,1.02,8.7,8.4,10.0,10.0,7.0,10.0,9.5,6.0,6.67,7,6,7,0.2091,0,0.0,0.5125,difficulty controlling (0.2091); quality control (0.2136),,,False,
123,okay kestra (KESS-truh),launcher,kestra (KESS-truh),okay,OW2 K EY1 K EH1 S T R AH0,4,9,4,4,0.77,8.7,8.2,10.0,8.0,6.0,10.0,8.7,10.0,6.33,7,6,6,0.2056,0.0029,0.0,0.4571,a catastrophe (0.2056); the catastrophe (0.2056); is a catastrophe (0.2056); paid extra (0.2389),,,False,
124,okay zivara (zih-VAR-uh),launcher,zivara (zih-VAR-uh),okay,OW2 K EY1 Z IH0 V AA1 R AH0,5,9,4,5,0.77,8.69,8.3,10.0,9.3,8.0,10.0,9.2,6.0,7.0,7,6,8,0.2067,0.0006,0.0,0.3517,sociopaths are afraid (0.2067); cases are (0.2238); ok so far (0.2313); talkative aren't (0.2333),,,False,
125,okay tovara (toh-VAR-uh),launcher,tovara (toh-VAR-uh),okay,OW2 K EY1 T OW0 V AA1 R AH0,5,9,4,4,0.77,8.67,5.7,10.0,8.1,9.0,10.0,7.9,10.0,7.0,7,6,8,0.1437,0.0027,0.0,0.5333,ok so far (0.1437); the potatoes are (0.2044); tomatoes are a (0.21); talkative aren't (0.2278),,,False,
126,hi dakrumo,launcher,dakrumo,hi,HH AY1 D AH0 K R UW1 M OW0,4,9,5,4,0.77,8.66,7.6,10.0,9.1,9.0,10.0,8.9,6.0,7.33,7,6,9,0.1889,0.0008,0.0,0.3,had a premonition (0.1889); had a traumatic (0.1889); had a room (0.1938); had a criminal (0.2),,,False,
127,hi kobastro,launcher,kobastro,hi,HH AY1 K OW0 B AE1 S T R OW0,4,10,6,3,0.85,8.66,8.2,10.0,10.0,7.0,10.0,9.4,6.0,6.67,7,6,7,0.205,0,0.0,0.3,the catastrophe (0.205); is a catastrophe (0.205); high cholesterol (0.21); a catastrophe (0.225),,,False,
128,hello callista (CALL-iss-tuh),launcher,callista (CALL-iss-tuh),hello,HH AH0 L OW1 K AO1 L IH0 S T AH0,5,11,5,4,0.94,8.64,7.8,10.0,9.6,8.0,10.0,9.1,6.0,7.33,7,6,9,0.194,0.0003,0.0,0.5125,a vocalist (0.194); absolutely stunned (0.205); absolutely stunning (0.205); was absolutely stunned (0.205),,,False,
129,hello vesta (VESS-tuh),launcher,vesta (VESS-tuh),hello,HH AH0 L OW1 V EH1 S T AH0,4,9,5,3,0.77,8.61,6.5,10.0,7.7,8.0,10.0,8.1,10.0,7.33,7,6,9,0.1625,0.0039,0.0,0.34,yellow vest (0.1625); hello this (0.175); cultural festival (0.1812); cultural festivals (0.1812),,,False,
130,okay zari (ZAR-ee),launcher,zari (ZAR-ee),okay,OW2 K EY1 Z AA1 R IY0,4,7,3,4,0.6,8.57,5.5,10.0,8.5,8.0,10.0,8.0,10.0,7.0,7,6,8,0.1367,0.0019,0.0,0.28,ok there (0.1367); ok for (0.1483); okay for (0.1483); cesare (0.1733),,echevarria (0.00331%),False,
131,gumaroba,invented,,,G UW2 M AH0 R OW1 B AH0,4,8,4,3,0.68,8.56,7.0,10.0,8.4,10.0,10.0,8.5,6.0,7.0,4,9,8,0.175,0.0021,0.0,0.4333,my robe (0.175); tomorrow but (0.2375); tomorrow but i (0.2375); come tomorrow but (0.2375),,,False,
132,lumoko,invented,,,L UW0 M OW1 K OW0,3,6,3,2,0.51,8.53,3.5,10.0,9.5,9.0,10.0,7.7,10.0,7.67,6,9,8,0.0875,0.0004,0.0,0.6,moto (0.0875); slam open (0.1083); flung open (0.1167); flung open the (0.1167),,,False,
133,hello tavira (tuh-VEER-uh),launcher,tavira (tuh-VEER-uh),hello,HH AH0 L OW1 T AH0 V IH1 R AH0,5,10,5,3,0.85,8.53,6.0,10.0,9.3,10.0,10.0,8.4,6.0,7.33,7,6,9,0.15,0.0006,0.0,0.3833,wrote a very (0.15); a little irritated (0.21); a little irritable (0.21); lot of electricity (0.2167),,,False,
134,hi dekrova,launcher,dekrova,hi,HH AY1 D EH0 K R OW1 V AH0,4,9,5,4,0.77,8.53,7.9,10.0,8.1,9.0,10.0,8.7,6.0,7.33,7,6,9,0.1986,0.0028,0.0,0.3,neck rose (0.1986); had a private (0.2); had a profound (0.2111); robotic rovers (0.2125),,,False,
135,okay zestra (ZESS-truh),launcher,zestra (ZESS-truh),okay,OW2 K EY1 Z EH1 S T R AH0,4,9,5,4,0.77,8.53,7.9,10.0,8.1,5.0,10.0,8.7,10.0,6.33,7,6,6,0.1967,0.0027,0.0,0.32,hope the struggle (0.1967); ok just (0.2213); okay just (0.2213); book is interesting (0.2222),,,False,
136,hey dakrumo,launcher,dakrumo,hey,HH EY1 D AH0 K R UW1 M OW0,4,9,5,4,0.77,8.5,6.8,10.0,9.1,9.0,10.0,8.6,6.0,7.33,7,6,9,0.1688,0.0008,0.0,0.0,hidden room (0.1688); had a premonition (0.1889); had a traumatic (0.1889); had a room (0.1938),,,False,
137,hey tokastra,launcher,tokastra,hey,HH EY1 T OW0 K AE1 S T R AH0,4,10,5,4,0.85,8.49,7.3,10.0,10.0,7.0,10.0,9.1,6.0,6.67,7,6,7,0.1833,0,0.0,0.0,stratocaster (0.1833); hated australia (0.19); the catastrophe (0.215); is a catastrophe (0.215),,,False,
138,hi tokastra,launcher,tokastra,hi,HH AY1 T OW0 K AE1 S T R AH0,4,10,5,4,0.85,8.49,7.3,10.0,10.0,7.0,10.0,9.1,6.0,6.67,7,6,7,0.1833,0,0.0,0.3,stratocaster (0.1833); the catastrophe (0.195); is a catastrophe (0.195); a catastrophe (0.2),,,False,
139,hey pakadoro,launcher,pakadoro,hey,HH EY1 P AA2 K AH0 D AO1 R OW0,5,10,5,5,0.85,8.47,5.0,10.0,10.0,10.0,10.0,8.3,6.0,7.33,7,6,9,0.125,0,0.0,0.0,pomodoro (0.125); package or (0.2462),,,False,
140,hi pakadoro,launcher,pakadoro,hi,HH AY1 P AA2 K AH0 D AO1 R OW0,5,10,5,5,0.85,8.47,5.0,10.0,10.0,10.0,10.0,8.3,6.0,7.33,7,6,9,0.125,0,0.0,0.3,pomodoro (0.125); package or (0.2462),,,False,
141,hey kobastro,launcher,kobastro,hey,HH EY1 K OW0 B AE1 S T R OW0,4,10,6,3,0.85,8.47,7.2,10.0,10.0,7.0,10.0,9.1,6.0,6.67,7,6,7,0.18,0,0.0,0.0,hated australia (0.18); tornado destroyed (0.1944); earthquake destroyed (0.2167); the catastrophe (0.225),,,False,
142,hey tikamo,phrase,,,HH EY1 T IY1 K AH0 M OW0,4,8,4,4,0.68,8.46,6.7,10.0,8.2,10.0,10.0,8.3,6.0,7.0,8,5,8,0.1667,0.0025,0.0,0.0,tea come (0.1667); hate eating (0.1714); he taken (0.1714); he become a (0.175),,,False,
143,hello krysta (KRISS-tuh),launcher,krysta (KRISS-tuh),hello,HH AH0 L OW1 K R IH1 S T AH0,4,10,6,3,0.85,8.44,5.4,10.0,7.9,8.0,10.0,7.8,10.0,7.33,7,6,9,0.135,0.0034,0.0,0.5111,a beautiful crystal (0.135); beautiful crystal (0.135); hillcrest (0.1889); and crystal (0.1889),,,False,
144,kotrubo,invented,,,K OW0 T R UW1 B OW0,3,7,4,2,0.6,8.43,5.5,10.0,10.0,9.0,10.0,8.5,6.0,7.67,6,9,8,0.1375,0,0.0,0.5375,robo (0.1375); ticket you bought (0.1486); cut rima (0.15); cut rima off (0.15),,,False,
145,hello zivara (zih-VAR-uh),launcher,zivara (zih-VAR-uh),hello,HH AH0 L OW1 Z IH0 V AA1 R AH0,5,10,5,4,0.85,8.41,6.2,10.0,9.2,9.0,10.0,8.5,6.0,7.33,7,6,9,0.155,0.0007,0.0,0.3517,roses are (0.155); the roses are (0.16); bottles of orange (0.1889); noses are (0.1925),,,False,
146,okay vesta (VESS-tuh),launcher,vesta (VESS-tuh),okay,OW2 K EY1 V EH1 S T AH0,4,8,4,4,0.68,8.41,5.7,10.0,8.2,7.0,10.0,8.0,10.0,7.0,7,6,8,0.1429,0.0025,0.0,0.34,ok just (0.1429); okay just (0.1429); possessed a (0.1771); ok this (0.2),,,False,
147,takalumo,invented,,,T AA2 K AH0 L UW1 M OW0,4,8,4,4,0.68,8.4,6.0,10.0,8.6,10.0,10.0,8.2,6.0,7.0,4,9,8,0.15,0.0016,0.0,0.4917,talk alone (0.15); two kilometers (0.175); to kilometers (0.175); up to kilometers (0.175),,,False,
148,lomabuko,invented,,,L OW2 M AH0 B UW1 K OW0,4,8,4,3,0.68,8.39,5.3,10.0,10.0,9.0,10.0,8.4,6.0,7.0,4,9,8,0.1333,0,0.0,0.6083,maputo (0.1333); wrote a book (0.2214); like a book (0.25),,,False,
149,hello kestara (kess-TAR-uh),launcher,kestara (kess-TAR-uh),hello,HH AH0 L OW1 K EH0 S T AA1 R AH0,5,11,6,4,0.94,8.36,6.2,10.0,9.7,8.0,10.0,8.6,6.0,7.33,7,6,9,0.155,0.0002,0.0,0.5,a lucky star (0.155); like a star (0.1667); lucky star (0.1722); a local store (0.21),,,False,
150,okay kestrel,phrase,,,OW2 K EY1 K EH1 S T R AH0 L,4,10,5,4,0.85,8.36,5.8,10.0,8.6,6.0,10.0,8.1,10.0,5.67,8,5,4,0.1444,0.0016,0.0,0.5286,take a stroll (0.1444); orchestral (0.2222); cholesterol (0.2389); took a stroll (0.2389),,,False,
151,hey tovara (toh-VAR-uh),launcher,tovara (toh-VAR-uh),hey,HH EY1 T OW0 V AA1 R AH0,4,8,4,4,0.68,8.34,4.0,10.0,7.3,10.0,10.0,7.1,10.0,7.33,7,6,9,0.1,0.0054,0.0,0.0,tovar (0.1); hippos are (0.1343); toes are (0.14); potatoes or (0.1486),,,False,
152,okay callista (kuh-LISS-tuh),launcher,callista (kuh-LISS-tuh),okay,OW2 K EY1 K AH0 L IH1 S T AH0,5,10,4,4,0.85,8.31,6.2,10.0,7.2,7.0,10.0,7.8,10.0,7.0,7,6,8,0.1544,0.0061,0.0,0.4571,take a left (0.1544); catalyst (0.1667); take a rest (0.1722); make a list (0.1778),,,False,
153,hey tikastro,launcher,tikastro,hey,HH EY1 T IY0 K AE1 S T R OW0,4,10,5,4,0.85,8.31,7.8,10.0,8.6,7.0,10.0,8.8,6.0,6.67,7,6,7,0.1944,0.0016,0.0,0.0,take a stroll (0.1944); took a stroll (0.2111); quality control (0.2167); pretty distraught (0.2222),,,False,
154,daskovi,invented,,,D AA0 S K OW1 V IY0,3,7,4,3,0.6,8.27,2.4,10.0,10.0,8.0,10.0,7.5,10.0,7.67,6,9,8,0.06,0,0.0,0.51,cozy (0.06); cosy (0.06); tovey (0.0875); kofi (0.1125),,,False,
155,hi tikastro,launcher,tikastro,hi,HH AY1 T IY0 K AE1 S T R OW0,4,10,5,4,0.85,8.24,7.8,10.0,8.2,7.0,10.0,8.7,6.0,6.67,7,6,7,0.1944,0.0024,0.0,0.3,quality control (0.1944); take a stroll (0.1944); how to control (0.195); try to control (0.2),,,False,
156,hey gotrika,launcher,gotrika,hey,HH EY1 G OW0 T R IY1 K AH0,4,9,5,4,0.77,8.2,4.3,10.0,10.0,9.0,10.0,8.1,6.0,7.33,7,6,9,0.1071,0,0.0,0.0,go trick (0.1071); hit a triple (0.1833); go trick or (0.1938); diego took a (0.2),,,False,
157,hi gotrika,launcher,gotrika,hi,HH AY1 G OW0 T R IY1 K AH0,4,9,5,4,0.77,8.2,4.3,10.0,10.0,9.0,10.0,8.1,6.0,7.33,7,6,9,0.1071,0,0.0,0.3,go trick (0.1071); go trick or (0.1938); i don't recognize (0.2063); i don't recommend (0.2063),,,False,
158,hi kestia (KESS-tee-uh),launcher,kestia (KESS-tee-uh),hi,HH AY1 K EH1 S T IY0 AH0,4,8,4,4,0.68,8.19,5.5,10.0,9.5,8.0,10.0,8.3,6.0,7.33,7,6,9,0.1367,0.0004,0.0,0.3917,hestia (0.1367); castillo (0.1417); testy (0.1583); anacostia (0.1643),,,False,
159,pakadoro,invented,,,P AA2 K AH0 D AO1 R OW0,4,8,4,4,0.68,8.19,5.0,10.0,8.5,10.0,10.0,7.8,6.0,7.0,4,9,8,0.125,0.0018,0.0,0.3714,pomodoro (0.125); package or (0.1386); pompadour (0.1688); cotton or (0.1786),,,False,
160,hey celestra (suh-LESS-truh),launcher,celestra (suh-LESS-truh),hey,HH EY1 S AH0 L EH1 S T R AH0,4,10,5,3,0.85,8.17,5.9,10.0,7.5,6.0,10.0,7.8,10.0,6.67,7,6,7,0.147,0.0048,0.0,0.0,facial structure (0.147); the last row (0.1775); nasa astronauts (0.1944); nasa astronaut (0.1944),,,False,
161,hey jovia (JOH-vee-uh),launcher,jovia (JOH-vee-uh),hey,HH EY1 JH OW1 V IY0 AH0,4,7,3,4,0.6,8.16,4.8,10.0,9.3,9.0,10.0,8.0,6.0,7.33,7,6,9,0.12,0.0006,0.0,0.0,jovi (0.12); segovia (0.1567); jovial (0.1667); jovian (0.1667),,segovia (0.00447%),False,
162,hi jovia (JOH-vee-uh),launcher,jovia (JOH-vee-uh),hi,HH AY1 JH OW1 V IY0 AH0,4,7,3,4,0.6,8.16,4.8,10.0,9.3,9.0,10.0,8.0,6.0,7.33,7,6,9,0.12,0.0006,0.0,0.0,jovi (0.12); wachovia (0.15); jovial (0.1667); jovian (0.1667),,segovia (0.00447%),False,
163,okay aria,aria,,,OW2 K EY1 AA1 R IY0 AH0,5,7,2,5,0.6,8.13,5.7,8.0,7.2,9.0,10.0,7.0,10.0,8.33,10,7,8,0.1429,0.0058,0.0,0.175,ok aren't (0.1429); ok aren't they (0.1429); wrote mary a (0.1929); remote areas (0.1929),,,False,
164,hey jaskoba,launcher,jaskoba,hey,HH EY1 JH AH0 S K OW1 B AH0,4,9,5,3,0.77,8.13,7.0,10.0,8.4,7.0,10.0,8.5,6.0,7.33,7,6,9,0.175,0.002,0.0,0.0,i just opened (0.175); telescope and (0.2025); adjustable (0.2062); is adjustable (0.2062),,,False,
165,hi jaskoba,launcher,jaskoba,hi,HH AY1 JH AH0 S K OW1 B AH0,4,9,5,3,0.77,8.13,6.5,10.0,8.9,7.0,10.0,8.5,6.0,7.33,7,6,9,0.1625,0.0011,0.0,0.3,digestible (0.1625); easily digestible (0.1625); more digestible (0.1625); adjustable (0.1813),,,False,
166,okay nova,phrase,,,OW2 K EY1 N OW1 V AH0,4,7,3,3,0.6,8.1,6.0,8.0,6.8,9.0,10.0,6.9,10.0,7.0,8,5,8,0.15,0.0081,0.0,0.5317,came over (0.15); pain of a (0.1667); ok no (0.1667); okay no (0.1667),,,False,
167,bobolink,word,,,B AA1 B OW0 L IH0 NG K,3,8,4,3,0.68,8.07,3.7,10.0,6.9,9.0,10.0,6.9,10.0,6.33,8,5,6,0.0929,0.0077,0.0,0.4417,by boiling (0.0929); go bowling (0.1429); boggling (0.1429); gobbling (0.1429),,,False,
168,gombolo,invented,,,G AA0 M B OW1 L OW0,3,7,4,2,0.6,8.03,2.0,10.0,8.4,9.0,10.0,6.8,10.0,7.67,6,9,8,0.05,0.002,0.0,0.4667,boileau (0.05); polo (0.1125); by low (0.15); gonna boil (0.1571),,gamboa (0.00664%),False,
169,hey kazimir,launcher,kazimir,hey,HH EY1 K AE1 Z IH0 M IH2 R,4,9,5,3,0.77,8.03,3.4,10.0,10.0,9.0,10.0,7.8,6.0,6.67,7,6,7,0.0857,0,0.0,0.3333,casimir (0.0857); cashmere (0.16); music as mary (0.1938); weight as mary (0.1938),,,False,
170,periwinkle,word,,,P EH1 R IY0 W IH2 L K AH0 N,4,10,6,4,0.85,8.03,5.2,10.0,5.2,9.0,10.0,6.8,10.0,6.33,8,5,6,0.13,0.0265,0.0,0.4667,mary will come (0.13); we will come (0.1313); very welcoming (0.15); very welcome (0.15),,,False,
171,zuktavo,invented,,,Z UW0 K T AA1 V OW0,3,7,4,3,0.6,8.0,4.0,10.0,10.0,8.0,10.0,8.0,6.0,7.67,6,9,8,0.1,0,0.0,0.455,trans activist (0.1); of activists (0.1343); these activities (0.1714); tom's activities (0.1714),,,False,
172,hi kazimir,launcher,kazimir,hi,HH AY1 K AE1 Z IH0 M IH2 R,4,9,5,3,0.77,7.97,3.4,10.0,9.7,9.0,10.0,7.7,6.0,6.67,7,6,7,0.0857,0.0002,0.0,0.3571,casimir (0.0857); cashmere (0.16); like an american (0.175); height as me (0.1875),,,False,
173,hey pomona,launcher,pomona,hey,HH EY1 P OW0 M OW1 N AH0,4,8,4,3,0.68,7.93,0.0,10.0,9.1,10.0,10.0,6.4,10.0,6.67,7,4,9,0.0,0.0008,0.0,0.0,pomona (0.0); kimono (0.1667); tom own a (0.1667); wait a moment (0.1857),,,False,
174,hi pomona,launcher,pomona,hi,HH AY1 P OW0 M OW1 N AH0,4,8,4,3,0.68,7.93,0.0,10.0,9.1,10.0,10.0,6.4,10.0,6.67,7,4,9,0.0,0.0008,0.0,0.3,pomona (0.0); kimono (0.1667); tom own a (0.1667); a kimono (0.2071),,,False,
175,okay kallara (kuh-LAR-uh),launcher,kallara (kuh-LAR-uh),okay,OW2 K EY1 K AH0 L AA1 R AH0,5,9,3,4,0.77,7.91,5.7,10.0,7.1,9.0,10.0,7.6,6.0,7.0,7,6,8,0.1437,0.0064,0.0,0.4333,people are a (0.1437); cattle are (0.1875); the people aren't (0.2); couple are (0.2),,,False,
176,hello kallara (kuh-LAR-uh),launcher,kallara (kuh-LAR-uh),hello,HH AH0 L OW1 K AH0 L AA1 R AH0,5,10,4,3,0.85,7.9,4.0,10.0,8.0,10.0,10.0,7.3,6.0,7.33,7,6,9,0.1,0.003,0.0,0.4333,local or (0.1); local art (0.125); a local bar (0.1778); a local farmer (0.1778),,,False,
177,hey tavira (tuh-VEER-uh),launcher,tavira (tuh-VEER-uh),hey,HH EY1 T AH0 V IH1 R AH0,4,8,4,3,0.68,7.84,4.6,10.0,7.1,10.0,10.0,7.2,6.0,7.33,7,6,9,0.1143,0.0064,0.0,0.0,ate a very (0.1143); davila (0.1417); hate their (0.1429); great american (0.1457),,,False,
178,hey galileo,launcher,galileo,hey,HH EY1 G AE2 L AH0 L IY1 OW0,5,9,3,5,0.77,7.77,0.0,10.0,8.3,10.0,10.0,6.1,10.0,6.67,7,4,9,0.0,0.0022,0.0,0.0,galileo (0.0); by galileo (0.075); in galileo (0.125); galileo's (0.125),,,False,
179,hello talista (tuh-LISS-tuh),launcher,talista (tuh-LISS-tuh),hello,HH AH0 L OW1 T AH0 L IH1 S T AH0,5,11,4,3,0.94,7.76,6.0,10.0,6.7,8.0,10.0,7.6,6.0,7.33,7,6,9,0.15,0.0089,0.0,0.4071,absolutely stunned (0.15); absolutely stunning (0.15); was absolutely stunned (0.15); were absolutely stunned (0.15),,,False,
180,hi galileo,launcher,galileo,hi,HH AY1 G AE2 L AH0 L IY1 OW0,5,9,3,5,0.77,7.76,0.0,10.0,8.2,10.0,10.0,6.1,10.0,6.67,7,4,9,0.0,0.0025,0.0,0.3,galileo (0.0); by galileo (0.0); in galileo (0.125); galileo's (0.125),,,False,
181,hey kalamazoo,phrase,,,HH EY1 K AE2 L AH0 M AH0 Z UW1,5,10,5,4,0.85,7.74,0.0,10.0,8.9,9.0,10.0,6.3,10.0,6.67,8,4,8,0.0,0.0012,0.0,0.0,kalamazoo (0.0); tactical maneuvers (0.2167); column of (0.2175); calumny (0.225),,,False,
182,hey octavius,launcher,octavius,hey,HH EY1 AA0 K T EY1 V IY0 AH0 S,5,10,5,4,0.85,7.71,0.0,10.0,9.5,8.0,10.0,6.5,10.0,6.67,7,6,7,0.0,0.0004,0.0,0.0,octavius (0.0); octavia (0.125); octavio (0.2),,,False,
183,hi octavius,launcher,octavius,hi,HH AY1 AA0 K T EY1 V IY0 AH0 S,5,10,5,5,0.85,7.71,0.0,10.0,9.5,8.0,10.0,6.5,10.0,6.67,7,6,7,0.0,0.0004,0.0,0.3,octavius (0.0); octavia (0.125); octavio (0.2),,,False,
184,hey juniper,phrase,,,HH EY1 JH UW1 N AH0 P ER0,4,8,4,4,0.68,7.7,0.0,10.0,8.7,9.0,10.0,6.2,10.0,6.33,8,5,6,0.0,0.0015,0.0,0.0,juniper (0.0); the juniper (0.0929); jupiter (0.225); janitor (0.225),,,False,
185,hey jericho,launcher,jericho,hey,HH EY1 JH EH1 R IH0 K OW2,4,8,4,4,0.68,7.69,0.0,10.0,8.6,9.0,10.0,6.2,10.0,6.67,7,4,9,0.0,0.0016,0.0,0.0,jericho (0.0); fredericka (0.1814); be very cold (0.1857); way mary told (0.2143),,,False,
186,hey kestia (KESS-tee-uh),launcher,kestia (KESS-tee-uh),hey,HH EY1 K EH1 S T IY0 AH0,4,8,4,4,0.68,7.67,4.6,10.0,7.7,8.0,10.0,7.4,6.0,7.33,7,6,9,0.1143,0.004,0.0,0.3333,they kissed each (0.1143); hestia (0.1367); castillo (0.1417); shake a stick (0.15),,,False,
187,hi jericho,launcher,jericho,hi,HH AY1 JH EH1 R IH0 K OW2,4,8,4,4,0.68,7.67,0.0,10.0,8.5,9.0,10.0,6.2,10.0,6.67,7,4,9,0.0,0.0018,0.0,0.3,jericho (0.0); a very cold (0.1857); how jessica (0.2188); gerrit (0.225),,,False,
188,kobaria,aria,,,K OW0 B AA1 R IY0 AH0,4,7,3,4,0.6,7.66,2.8,10.0,7.9,10.0,10.0,6.9,6.0,7.67,8,7,8,0.07,0.0032,0.0,0.3,daria (0.07); doria (0.11); covariance (0.1171); bari (0.12),,,False,
189,hey montague,launcher,montague,hey,HH EY1 M AA1 N T AH0 G Y UW2,4,10,6,4,0.85,7.64,0.0,10.0,8.4,9.0,10.0,6.1,10.0,7.33,7,6,9,0.0,0.0021,0.0,0.0,montague (0.0); montagu (0.0); mountain you (0.1813); they wanted you (0.1944),,montague (0.00382%),False,
190,hi montague,launcher,montague,hi,HH AY1 M AA1 N T AH0 G Y UW2,4,10,6,4,0.85,7.64,0.0,10.0,8.4,9.0,10.0,6.1,10.0,7.33,7,6,9,0.0,0.0021,0.0,0.3,montague (0.0); montagu (0.0); mountain you (0.1813); i wanted you (0.1944),,montague (0.00382%),False,
191,hey bartholomew,launcher,bartholomew,hey,HH EY1 B AA0 R TH AA1 L AH0 M Y UW2,5,12,7,4,1.02,7.63,0.0,10.0,8.3,9.0,10.0,6.1,10.0,7.33,7,6,9,0.0,0.0022,0.0,0.0,bartholomew (0.0),,bartholomew (0.0052%),False,
192,hi bartholomew,launcher,bartholomew,hi,HH AY1 B AA0 R TH AA1 L AH0 M Y UW2,5,12,7,4,1.02,7.63,0.0,10.0,8.3,9.0,10.0,6.1,10.0,7.33,7,6,9,0.0,0.0022,0.0,0.3,bartholomew (0.0),,bartholomew (0.0052%),False,
193,hey kallara (kuh-LAR-uh),launcher,kallara (kuh-LAR-uh),hey,HH EY1 K AH0 L AA1 R AH0,4,8,4,3,0.68,7.61,4.6,10.0,5.9,10.0,10.0,6.8,6.0,7.33,7,6,9,0.1143,0.0161,0.0,0.0,people are a (0.1143); carrara (0.1333); vehicle or (0.1437); classical arabic (0.15),,,False,
194,tikka tokka,phrase,,,T IH1 K AH0 T AA1 K AH0,4,8,2,3,0.68,7.6,3.4,10.0,4.0,10.0,10.0,5.8,10.0,7.0,8,5,8,0.0857,0.0608,0.0,0.3375,tick tock (0.0857); ticket at (0.1214); ticket on (0.1429); tick tock tick (0.15),,,False,
195,bamboozle,word,,,B AE1 M B OW0 S L,2,7,4,2,0.6,7.59,2.7,10.0,9.1,6.0,8,7.3,10.0,6.33,8,5,6,0.0667,0.0009,0.0,0.6143,bimbos (0.0667); bamboo flute (0.1129); bumble (0.1857); bumblebee (0.1857),,,False,
196,nolavo,invented,,,N OW0 L AA1 V OW0,3,6,3,2,0.51,7.54,2.4,10.0,7.7,10.0,10.0,6.7,6.0,7.67,6,9,8,0.06,0.0039,0.0,0.6175,lazo (0.06); no love (0.08); know love (0.08); no laws (0.088),,collazo (0.00487%); nolasco (0.00394%),False,
197,dakumo,invented,,,D AH0 K UW1 M OW0,3,6,3,3,0.51,7.5,3.5,10.0,6.4,10.0,10.0,6.6,6.0,7.67,6,9,8,0.0875,0.011,0.0,0.3375,to mow (0.0875); heard a commotion (0.1167); chemo (0.125); como (0.1375),,,False,
198,hey bumblebee,phrase,,,HH EY1 B AH1 M B AH0 L B IY2,4,10,4,3,0.85,7.5,0.0,10.0,7.6,9.0,10.0,5.9,10.0,7.0,8,5,8,0.0,0.0042,0.0,0.0,bumblebee (0.0); a bumblebee (0.0667); the bumblebee (0.0722); bumblebees (0.1111),,,False,
199,okay talista (tuh-LISS-tuh),launcher,talista (tuh-LISS-tuh),okay,OW2 K EY1 T AH0 L IH1 S T AH0,5,10,4,4,0.85,7.47,5.1,10.0,6.9,7.0,10.0,7.3,6.0,7.0,7,6,8,0.1278,0.0073,0.0,0.4071,catalyst (0.1278); catalysts (0.1722); ok to let (0.2111); capitalistic (0.215),,,False,
200,hey marigold,phrase,,,HH EY1 M EH1 R AH0 G OW2 L D,4,10,6,4,0.85,7.41,0.0,10.0,7.2,9.0,10.0,5.7,10.0,6.33,8,5,6,0.0,0.0061,0.0,0.0,marigold (0.0); the marigold (0.0722); marigolds (0.1111); likes marigolds (0.135),,,False,
201,hey caretaker,phrase,,,HH EY1 K EH1 R T EY2 K ER0,4,9,4,3,0.77,7.41,0.0,10.0,7.2,9.0,10.0,5.7,10.0,6.33,8,5,6,0.0,0.0057,0.0,0.0,caretaker (0.0); a caretaker (0.075); the caretaker (0.0813); caretakers (0.125),,,False,
202,hey barnaby,launcher,barnaby,hey,HH EY1 B AA1 R N AH0 B IY0,4,9,4,4,0.77,7.4,0.0,8.0,9.1,9.0,10.0,5.7,10.0,7.33,7,6,9,0.0,0.0008,0.0,0.0,barnaby (0.0); carnegie (0.1643); born a boy (0.1714); gonna be (0.1929),,,False,
203,hi barnaby,launcher,barnaby,hi,HH AY1 B AA1 R N AH0 B IY0,4,9,4,4,0.77,7.4,0.0,8.0,9.1,9.0,10.0,5.7,10.0,7.33,7,6,9,0.0,0.0008,0.0,0.3,barnaby (0.0); carnegie (0.1643); born a boy (0.1714); gonna be (0.1929),,,False,
204,pokava,invented,,,P OW0 K AA1 V AH0,3,6,3,3,0.51,7.26,0.0,10.0,5.6,10.0,10.0,5.2,10.0,7.67,6,9,8,0.0,0.0193,0.0,0.205,cava (0.0); cause a (0.06); keep a positive (0.0983); anticavity (0.1417),,toccara (0.001%),False,
205,mamaloo,invented,,,M AA2 M AH0 L UW1,3,6,2,3,0.51,7.24,3.2,10.0,5.3,10.0,10.0,6.2,6.0,7.67,6,9,8,0.08,0.0249,0.0,0.28,mom all (0.08); mom alone (0.0917); mammal (0.1); anomaly (0.1333),,,False,
206,petrako,invented,,,P EH0 T R AA1 K OW0,3,7,4,3,0.6,7.13,0.0,10.0,8.7,9.0,10.0,6.2,6.0,7.67,6,9,8,0.0,0.0015,0.0,0.5583,rocco (0.0); roc o (0.0); butt rock (0.125); petrology (0.1429),,,False,
207,hey lantern,phrase,,,HH EY1 L AE1 N T ER0 N,3,8,4,3,0.68,7.13,0.0,10.0,5.7,9.0,10.0,5.2,10.0,6.33,8,5,6,0.0,0.0183,0.0,0.0,lantern (0.0); a lantern (0.0857); the lantern (0.0929); lanterns (0.1429),,,False,
208,hey ignatius,launcher,ignatius,hey,HH EY1 IH2 G N EY1 SH AH0 S,4,9,5,3,0.77,7.11,0.0,8.0,9.1,7.0,10.0,5.7,10.0,6.67,7,6,7,0.0,0.0008,0.0,0.0,ignatius (0.0); misdiagnosis (0.165); a gracious (0.1714); ignition (0.1929),,,False,
209,hey callista (CALL-iss-tuh),launcher,callista (CALL-iss-tuh),hey,HH EY1 K AO1 L IH0 S T AH0,4,9,5,4,0.77,7.03,2.3,10.0,6.6,8.0,10.0,6.3,6.0,7.33,7,6,9,0.0571,0.0096,0.0,0.0,calista (0.0571); callister (0.0857); tallest (0.1357); call it a (0.1429),,,False,
210,tokastra,invented,,,T OW0 K AE1 S T R AH0,3,8,4,3,0.68,7.01,4.3,10.0,5.3,7.0,10.0,6.5,6.0,7.0,6,9,6,0.1083,0.0249,0.0,0.4857,castro (0.1083); cast the (0.1367); stratocaster (0.1375); auto destruct (0.15),,,False,
211,kazimir,name,,,K AE1 Z IH0 M IH2 R,3,7,4,2,0.6,6.94,3.3,10.0,4.4,9.0,10.0,5.9,6.0,6.33,8,5,6,0.0833,0.047,0.0,0.25,as a mere (0.0833); casimir (0.0857); the mere (0.124); casimira (0.1357),,casimira (0.001%),False,
212,lomamba,invented,,,L OW0 M AA1 M B AH0,3,7,3,3,0.6,6.76,0.0,10.0,7.5,8.0,10.0,5.8,6.0,7.67,6,9,8,0.0,0.0046,0.0,0.4,mamba (0.0); bomba (0.11); mambo (0.13); mom but (0.1667),,romana (0.003%),False,
213,kovalo,invented,,,K OW1 V AH0 L OW0,3,6,3,2,0.51,6.7,0.0,10.0,5.7,10.0,10.0,5.2,6.0,7.67,6,9,8,0.0,0.0181,0.0,0.4125,koval (0.0); the low (0.05); velo (0.075); proposal and (0.0983),,covarrubias (0.00617%),False,
214,zimbalina,invented,,,Z IH2 M B AH0 L IY1 N AH0,4,9,5,3,0.77,6.67,2.3,10.0,4.7,8.0,10.0,5.7,6.0,7.0,4,9,8,0.0583,0.0383,0.0,0.3813,galena (0.0583); galina (0.0583); symbol in (0.075); resembling a (0.0778),,,False,
215,gazebo,word,,,G AH0 Z IY1 B OW0,3,6,3,3,0.51,6.61,3.4,3.2,6.4,9.0,10.0,4.3,10.0,7.0,8,5,8,0.0857,0.0111,2.71,0.505,a gazebo (0.0857); exhibited (0.125); exhibits (0.125); exhibitors (0.125),,,False,
216,begonia,word,,,B IH0 G OW1 N Y AH0,3,7,4,3,0.6,6.21,0.0,4.7,6.2,9.0,10.0,3.6,10.0,7.0,8,5,8,0.0,0.0128,2.13,0.4167,begonias (0.0); begun yet (0.1357); cabbage onions (0.1771); began yelling (0.1786),,,False,
217,bumblebee,word,,,B AH1 M B AH0 L B IY2,3,8,3,2,0.68,5.61,0.0,2.7,5.0,9.0,10.0,2.6,10.0,7.0,8,5,8,0.0,0.0299,2.92,0.4286,bumblebees (0.0); a bumblebee (0.0667); mumbled (0.1286); bowlby (0.13),,,False,
218,octavius,name,,,AA0 K T EY1 V IY0 AH0 S,4,8,4,4,0.68,5.44,0.0,1.7,6.6,7.0,10.0,2.8,10.0,6.33,8,5,6,0.0,0.0092,2.53,0.3817,octavia (0.0); octavio (0.0929); devious (0.15); productive isn't (0.1938),,octavia (0.008%); octavio (0.008%),False,
219,okay google,control,,,OW2 K EY1 G UW1 G AH0 L,4,8,3,4,0.68,9.21,7.4,10.0,9.2,9.0,10.0,8.9,10.0,3.33,4,0,6,0.1857,0.0007,0.0,0.54,to google (0.1857); by google (0.2); ok to go (0.2071); i google (0.2286),,,True,calibration control - not a product candidate
220,okay nabu,control,,,OW2 K EY1 N AE1 B UW0,4,7,3,4,0.6,9.0,6.9,10.0,8.6,9.0,10.0,8.5,10.0,4.0,4,0,8,0.1714,0.0016,0.0,0.425,ontario canada (0.1714); toronto canada (0.1714); a cocaine addict (0.1786); cocaine addict (0.1786),,,True,calibration control - not a product candidate
221,hello zaria,aria,,,HH AH0 L OW1 Z AA1 R IY0 AH0,5,9,4,4,0.77,8.73,6.0,10.0,8.1,9.0,10.0,8.0,10.0,6.67,8,4,8,0.15,0.0028,0.0,0.23,rosario (0.15); rosalia (0.1714); hello mary (0.1778); hello there (0.1911),,rosaria (0.003%),True,same sound as 'hello zaria' (spelling variant)
222,hey mycroft,control,,,HH EY1 M AY1 K R AO2 F T,3,9,6,3,0.77,8.59,5.2,10.0,8.1,9.0,10.0,7.8,10.0,4.0,6,0,6,0.13,0.0028,0.0,0.0,him across (0.13); my trust (0.1414); i crossed (0.1771); minecraft (0.1875),,,True,calibration control - not a product candidate
223,hello kolabamo,launcher,kolabamo,hello,HH AH0 L OW1 K OW2 L AH0 B AA1 M OW0,6,12,5,3,1.02,8.57,10.0,10.0,10.0,8.0,10.0,2.0,10.0,7.33,7,6,9,,0,0.0,0.5125,,G8_speakability,,True,text gates failed: G8_speakability
224,hello jedidiah,launcher,jedidiah,hello,HH AH0 L OW1 JH AH0 D IY1 D IY0 AH0,6,11,4,3,0.94,8.43,10.0,10.0,10.0,7.0,10.0,2.0,10.0,7.33,7,6,9,,0,0.0,0.3343,,G8_speakability,,True,text gates failed: G8_speakability
225,okay kolabamo,launcher,kolabamo,okay,OW2 K EY1 K OW2 L AH0 B AA1 M OW0,6,11,4,4,0.94,8.43,10.0,10.0,10.0,7.0,10.0,2.0,10.0,7.0,7,6,8,,0,0.0,0.5312,,G8_speakability,,True,text gates failed: G8_speakability
226,okay jedidiah,launcher,jedidiah,okay,OW2 K EY1 JH AH0 D IY1 D IY0 AH0,6,10,3,4,0.85,8.29,10.0,10.0,10.0,6.0,10.0,2.0,10.0,7.0,7,6,8,,0,0.0,0.3343,,G8_speakability,,True,text gates failed: G8_speakability
227,hello galileo,launcher,galileo,hello,HH AH0 L OW1 G AE2 L AH0 L IY1 OW0,6,11,3,4,0.94,8.16,7.1,10.0,10.0,8.0,10.0,2.0,10.0,6.67,7,4,9,0.1778,0,0.0,0.4214,by galileo (0.1778); the local area (0.2045); in galileo (0.22); galileo (0.2222),G8_speakability,,True,text gates failed: G8_speakability
228,okay tiberius,launcher,tiberius,okay,OW2 K EY1 T IH0 B EH1 R IY0 AH0 S,6,11,5,6,0.94,8.04,8.9,10.0,9.4,6.0,10.0,2.0,10.0,6.33,7,6,6,0.2227,0.0005,0.0,0.3625,populated areas (0.2227); protected areas (0.2318); located beneath (0.2382); located in boston (0.2409),G8_speakability,,True,text gates failed: G8_speakability
229,hello domakuro,launcher,domakuro,hello,HH AH0 L OW1 D OW2 M AH0 K UW1 R OW0,6,12,6,3,1.02,8.0,10.0,10.0,10.0,8.0,10.0,2.0,6.0,7.33,7,6,9,,0,0.0,0.5125,,G8_speakability,,True,text gates failed: G8_speakability
230,hello pakadoro,launcher,pakadoro,hello,HH AH0 L OW1 P AA2 K AH0 D AO1 R OW0,6,12,6,4,1.02,8.0,10.0,10.0,10.0,8.0,10.0,2.0,6.0,7.33,7,6,9,,0,0.0,0.45,,G8_speakability,,True,text gates failed: G8_speakability
231,hello lomabuko,launcher,lomabuko,hello,HH AH0 L OW1 L OW2 M AH0 B UW1 K OW0,6,12,5,3,1.02,8.0,10.0,10.0,10.0,8.0,10.0,2.0,6.0,7.33,7,6,9,,0,0.0,0.5125,,G8_speakability,,True,text gates failed: G8_speakability
232,hello tobamaku,launcher,tobamaku,hello,HH AH0 L OW1 T OW2 B AH0 M AA1 K UW0,6,12,6,4,1.02,8.0,10.0,10.0,10.0,8.0,10.0,2.0,6.0,7.33,7,6,9,,0,0.0,0.5063,,G8_speakability,,True,text gates failed: G8_speakability
233,hello octavius,launcher,octavius,hello,HH AH0 L OW1 AA0 K T EY1 V IY0 AH0 S,6,12,6,5,1.02,8.0,8.0,10.0,10.0,6.0,10.0,2.0,10.0,6.67,7,6,7,0.2,0,0.0,0.4738,octavius (0.2),G8_speakability,,True,text gates failed: G8_speakability
234,hello bartholomew,launcher,bartholomew,hello,HH AH0 L OW1 B AA0 R TH AA1 L AH0 M Y UW2,6,14,7,4,1.19,7.96,6.7,10.0,10.0,7.0,10.0,2.0,10.0,7.33,7,6,9,0.1667,0,0.0,0.5125,bartholomew (0.1667),G8_speakability,,True,text gates failed: G8_speakability
235,okay domakuro,launcher,domakuro,okay,OW2 K EY1 D OW2 M AH0 K UW1 R OW0,6,11,4,4,0.94,7.86,10.0,10.0,10.0,7.0,10.0,2.0,6.0,7.0,7,6,8,,0,0.0,0.525,,G8_speakability,,True,text gates failed: G8_speakability
236,okay pakadoro,launcher,pakadoro,okay,OW2 K EY1 P AA2 K AH0 D AO1 R OW0,6,11,4,5,0.94,7.86,10.0,10.0,10.0,7.0,10.0,2.0,6.0,7.0,7,6,8,,0,0.0,0.45,,G8_speakability,,True,text gates failed: G8_speakability
237,okay lomabuko,launcher,lomabuko,okay,OW2 K EY1 L OW2 M AH0 B UW1 K OW0,6,11,4,4,0.94,7.86,10.0,10.0,10.0,7.0,10.0,2.0,6.0,7.0,7,6,8,,0,0.0,0.55,,G8_speakability,,True,text gates failed: G8_speakability
238,okay tobamaku,launcher,tobamaku,okay,OW2 K EY1 T OW2 B AH0 M AA1 K UW0,6,11,4,5,0.94,7.86,10.0,10.0,10.0,7.0,10.0,2.0,6.0,7.0,7,6,8,,0,0.0,0.5063,,G8_speakability,,True,text gates failed: G8_speakability
239,okay gumaroba,launcher,gumaroba,okay,OW2 K EY1 G UW2 M AH0 R OW1 B AH0,6,11,5,4,0.94,7.86,10.0,10.0,10.0,7.0,10.0,2.0,6.0,7.0,7,6,8,,0,0.0,0.5111,,G8_speakability,,True,text gates failed: G8_speakability
240,okay octavius,launcher,octavius,okay,OW2 K EY1 AA0 K T EY1 V IY0 AH0 S,6,11,4,5,0.94,7.86,8.0,10.0,10.0,5.0,10.0,2.0,10.0,6.33,7,6,6,0.2,0,0.0,0.4738,octavius (0.2),G8_speakability,,True,text gates failed: G8_speakability
241,okay galileo,launcher,galileo,okay,OW2 K EY1 G AE2 L AH0 L IY1 OW0,6,10,3,5,0.85,7.84,6.2,10.0,9.7,7.0,10.0,2.0,10.0,6.33,7,4,8,0.1556,0.0002,0.0,0.4214,by galileo (0.1556); galileo (0.2222); in galileo (0.2222),G8_speakability,,True,text gates failed: G8_speakability
242,okay bartholomew,launcher,bartholomew,okay,OW2 K EY1 B AA0 R TH AA1 L AH0 M Y UW2,6,13,7,5,1.1,7.81,6.7,10.0,10.0,6.0,10.0,2.0,10.0,7.0,7,6,8,0.1667,0,0.0,0.55,bartholomew (0.1667),G8_speakability,,True,text gates failed: G8_speakability
243,okay takalumo,launcher,takalumo,okay,OW2 K EY1 T AA2 K AH0 L UW1 M OW0,6,11,4,5,0.94,7.8,9.6,10.0,10.0,7.0,10.0,2.0,6.0,7.0,7,6,8,0.2409,0,0.0,0.55,located along the (0.2409),G8_speakability,,True,text gates failed: G8_speakability
244,hello takalumo,launcher,takalumo,hello,HH AH0 L OW1 T AA2 K AH0 L UW1 M OW0,6,12,5,4,1.02,7.79,8.5,10.0,10.0,8.0,10.0,2.0,6.0,7.33,7,6,9,0.2136,0,0.0,0.5125,politically motivated (0.2136),G8_speakability,,True,text gates failed: G8_speakability
245,hello gumaroba,launcher,gumaroba,hello,HH AH0 L OW1 G UW2 M AH0 R OW1 B AH0,6,12,6,3,1.02,7.79,9.3,10.0,9.2,8.0,10.0,2.0,6.0,7.33,7,6,9,0.2333,0.0007,0.0,0.5111,buffalo buffalo buffalo (0.2333),G8_speakability,,True,text gates failed: G8_speakability
246,hello tiberius,launcher,tiberius,hello,HH AH0 L OW1 T IH0 B EH1 R IY0 AH0 S,6,12,6,5,1.02,7.77,6.4,10.0,9.0,7.0,10.0,2.0,10.0,6.67,7,6,7,0.1591,0.001,0.0,0.3625,hello to mary (0.1591); populated areas (0.2); isolated area (0.2227); the local area (0.2409),G8_speakability,,True,text gates failed: G8_speakability
247,okay ukulele,phrase,,,OW2 K EY1 Y UW2 K AH0 L EY1 L IY0,6,11,3,5,0.94,7.6,6.6,10.0,7.6,7.0,10.0,2.0,10.0,7.0,8,5,8,0.165,0.0042,0.0,0.4062,the ukulele (0.165); a ukulele (0.165); her ukulele (0.182); his ukulele (0.1973),G8_speakability,,True,text gates failed: G8_speakability
248,hi zebedee,launcher,zebedee,hi,HH AY1 Z EH1 B AH0 D IY2,4,8,4,4,0.68,7.5,6.2,10.0,8.3,9.0,7,2.0,10.0,7.33,7,6,9,0.1562,0.0023,0.0,0.3,has a body (0.1562); has added (0.1571); has a bad (0.1643); hey buddy (0.1917),G7_accent_casual_variant,,True,text gates failed: G7_accent_casual_variant
249,hello kestra (KESS-truh),launcher,kestra (KESS-truh),hello,HH AH0 L OW1 K EH1 S T R AH0,4,10,6,3,0.85,7.5,7.1,10.0,9.4,7.0,7,2.0,10.0,6.67,7,6,7,0.1778,0.0005,0.0,0.4571,apollo astronauts (0.1778); fellow astronaut (0.185); a little extra (0.1944); little extra (0.1944),G7_accent_casual_variant,,True,text gates failed: G7_accent_casual_variant
250,pocket tuba,phrase,,,P AA1 K AH0 T T UW1 B AH0,4,9,4,3,0.77,7.39,5.0,10.0,5.7,9.0,10.0,2.0,10.0,7.0,8,5,8,0.125,0.0189,0.0,0.4,pocket to (0.125); cut to the (0.1343); cat to the (0.1771); ticket to boston (0.1833),G2_near_high_frequency; G3_embedded_or_contains,,True,"text gates failed: G2_near_high_frequency, G3_embedded_or_contains"
251,bektavo,invented,,,B EH0 K T AA1 V OW0,3,7,4,3,0.6,7.2,6.3,8.0,8.1,9.0,7,2.0,10.0,7.67,6,9,8,0.1571,0.0026,0.0,0.455,back to those (0.1571); but tom and (0.1671); back tom (0.17); back to the (0.1714),G4_domain_names_commands; G7_accent_casual_variant,,True,"text gates failed: G4_domain_names_commands, G7_accent_casual_variant"
252,nabolo,invented,,,N AA0 B OW1 L OW0,3,6,3,2,0.51,7.19,2.0,10.0,6.3,10.0,10.0,2.0,10.0,7.67,6,9,8,0.05,0.012,0.0,0.53,boileau (0.05); nadolol (0.0583); sustainable and (0.1083); a reasonable assumption (0.1083),G3_embedded_or_contains,napolitano (0.00242%),True,text gates failed: G3_embedded_or_contains
253,jedidiah,name,,,JH AH0 D IY1 D IY0 AH0,4,7,2,2,0.6,7.19,4.8,10.0,4.5,9.0,10.0,2.0,10.0,7.0,8,5,8,0.12,0.044,0.0,0.2583,didi (0.12); d d (0.12); deedee (0.12); the tedium (0.1486),G2_near_high_frequency,,True,text gates failed: G2_near_high_frequency
254,hello zari (ZAR-ee),launcher,zari (ZAR-ee),hello,HH AH0 L OW1 Z AA1 R IY0,4,8,4,4,0.68,7.11,3.7,10.0,8.1,9.0,7,2.0,10.0,7.33,7,6,9,0.0929,0.0026,0.0,0.28,fellows are (0.0929); hello there (0.1171); heroes are (0.1286); hello are (0.1429),G7_accent_casual_variant,,True,text gates failed: G7_accent_casual_variant
255,okay tavira (tuh-VEER-uh),launcher,tavira (tuh-VEER-uh),okay,OW2 K EY1 T AH0 V IH1 R AH0,5,9,4,4,0.77,7.1,7.3,10.0,5.4,9.0,10.0,2.0,6.0,7.0,7,6,8,0.1822,0.0222,0.0,0.3833,located in a (0.1822); state of illinois (0.1944); located in algiers (0.2156); located in an (0.2156),G3_embedded_or_contains,,True,text gates failed: G3_embedded_or_contains
256,dagobert,name,,,D AE1 G AH0 B ER0 T,3,7,4,3,0.6,7.1,2.4,10.0,5.3,10.0,10.0,2.0,10.0,6.33,8,5,6,0.06,0.025,0.0,0.55,gabbert (0.06); gobert (0.08); egbert (0.1333); cupboard (0.18),G2_near_high_frequency,,True,text gates failed: G2_near_high_frequency
257,kika doodle,phrase,,,K IY1 K AH0 D UW1 D AH0 L,4,9,3,3,0.77,7.07,4.4,10.0,7.1,10.0,10.0,2.0,6.0,6.33,8,5,6,0.1111,0.0066,0.0,0.4643,cock a doodle (0.1111); a doodle (0.1429); colloidal (0.2071); a noodle (0.2214),G3_embedded_or_contains,,True,text gates failed: G3_embedded_or_contains
258,hi celestra (suh-LESS-truh),launcher,celestra (suh-LESS-truh),hi,HH AY1 S AH0 L EH1 S T R AH0,4,10,5,3,0.85,7.04,7.1,10.0,7.2,6.0,7,2.0,10.0,6.67,7,6,7,0.1775,0.0061,0.0,0.3,the last row (0.1775); high cholesterol (0.19); nasa astronauts (0.1944); nasa astronaut (0.1944),G7_accent_casual_variant,,True,text gates failed: G7_accent_casual_variant
259,hi zelora (zeh-LOR-uh),launcher,zelora (zeh-LOR-uh),hi,HH AY1 Z EH0 L AO1 R AH0,4,8,4,4,0.68,6.96,5.8,10.0,8.9,9.0,7,2.0,6.0,7.33,7,6,9,0.1457,0.0011,0.0,0.3,by the lord (0.1457); has a larger (0.1688); sell or (0.175); brazil or (0.1786),G7_accent_casual_variant,,True,text gates failed: G7_accent_casual_variant
260,aria bell,aria,,,AA1 R IY0 AH0 B EH1 L,4,7,3,4,0.6,6.96,4.3,10.0,3.4,9.0,10.0,2.0,10.0,7.0,8,7,6,0.1071,0.096,0.0,0.175,very appealing (0.1071); mary believes (0.1143); mary believe (0.1143); and mary believe (0.1143),G2_near_high_frequency; G3_embedded_or_contains; G4_domain_names_commands,arielle (0.003%); marianela (0.001%); archibald (0.00283%); caraballo (0.00425%); claribel (0.003%),True,"text gates failed: G2_near_high_frequency, G3_embedded_or_contains, G4_domain_names_commands"
261,bekuna,invented,,,B EH0 K UW1 N AH0,3,6,3,3,0.51,6.94,3.5,10.0,3.1,10.0,10.0,2.0,10.0,7.67,6,9,8,0.0875,0.118,0.0,0.25,tuna (0.0875); tune a (0.0875); cunha (0.0875); a tuna (0.13),G2_near_high_frequency; G3_embedded_or_contains,deluna (0.0034500000000000004%),True,"text gates failed: G2_near_high_frequency, G3_embedded_or_contains"
262,mirabo,invented,,,M IH0 R AA1 B OW0,3,6,3,3,0.51,6.87,3.5,10.0,2.6,10.0,10.0,2.0,10.0,7.67,6,9,8,0.0875,0.1658,0.0,0.5,rado (0.0875); miramontes (0.0917); labo (0.1); mirabella (0.125),G3_embedded_or_contains,miramontes (0.0030099999999999997%); altamirano (0.00417%); tirado (0.00455%),True,text gates failed: G3_embedded_or_contains
263,hi zestra (ZESS-truh),launcher,zestra (ZESS-truh),hi,HH AY1 Z EH1 S T R AH0,3,8,5,3,0.68,6.87,5.0,10.0,5.1,6.0,10.0,2.0,10.0,6.67,7,6,7,0.125,0.0293,0.0,0.3,highly strung (0.125); of astral (0.1271); i just ran (0.1529); i just read (0.1529),G2_near_high_frequency; G3_embedded_or_contains,,True,"text gates failed: G2_near_high_frequency, G3_embedded_or_contains"
264,hi kallara (kuh-LAR-uh),launcher,kallara (kuh-LAR-uh),hi,HH AY1 K AH0 L AA1 R AH0,4,8,4,3,0.68,6.84,3.4,10.0,6.5,10.0,10.0,2.0,6.0,7.33,7,6,9,0.0857,0.0106,0.0,0.3,like a large (0.0857); how tall are (0.1286); carrara (0.1333); cycle on (0.15),G3_embedded_or_contains,,True,text gates failed: G3_embedded_or_contains
265,bobolo,invented,,,B OW1 B OW0 L OW0,3,6,2,1,0.51,6.83,2.0,10.0,6.8,10.0,7,2.0,10.0,7.67,6,9,8,0.05,0.008,0.0,0.5875,boileau (0.05); mobilization (0.0917); mobile and (0.0917); demobilization (0.0917),G7_accent_casual_variant,,True,text gates failed: G7_accent_casual_variant
266,bonavita,invented,,,B OW2 N AH0 V IY1 T AH0,4,8,4,3,0.68,6.83,6.3,8.0,5.5,10.0,10.0,2.0,6.0,7.0,4,9,8,0.1583,0.022,0.0,0.3733,nevada (0.1583); nikita (0.1667); benefit of (0.1687); the benefit of (0.1687),G3_embedded_or_contains; G4_domain_names_commands,benavides (0.008060000000000001%); benavidez (0.00429%),True,"text gates failed: G3_embedded_or_contains, G4_domain_names_commands"
267,hi kestra (KESS-truh),launcher,kestra (KESS-truh),hi,HH AY1 K EH1 S T R AH0,3,8,5,3,0.68,6.83,5.7,10.0,6.1,7.0,7,2.0,10.0,6.67,7,6,7,0.1417,0.0136,0.0,0.3,castro (0.1417); highly strung (0.1625); like esperanto (0.1643); kissed the (0.17),G7_accent_casual_variant,dykstra (0.00268%),True,text gates failed: G7_accent_casual_variant
268,hey kestrel,phrase,,,HH EY1 K EH1 S T R AH0 L,3,9,6,3,0.77,6.83,3.4,10.0,5.4,7.0,10.0,2.0,10.0,5.67,8,5,4,0.0857,0.0226,0.0,0.0,castrol (0.0857); take a stroll (0.1188); orchestral (0.125); pastoral (0.15),G4_domain_names_commands,,True,text gates failed: G4_domain_names_commands
269,hi kestara (kess-TAR-uh),launcher,kestara (kess-TAR-uh),hi,HH AY1 K EH0 S T AA1 R AH0,4,9,5,4,0.77,6.81,5.4,10.0,9.3,8.0,7,2.0,6.0,7.33,7,6,9,0.1357,0.0006,0.0,0.5,test are (0.1357); like a storm (0.1375); like a star (0.1625); caspar (0.1643),G7_accent_casual_variant,,True,text gates failed: G7_accent_casual_variant
270,hey kestara (kess-TAR-uh),launcher,kestara (kess-TAR-uh),hey,HH EY1 K EH0 S T AA1 R AH0,4,9,5,4,0.77,6.79,5.4,10.0,9.1,8.0,7,2.0,6.0,7.33,7,6,9,0.1357,0.0008,0.0,0.3333,test are (0.1357); he kissed alice (0.1389); jessica started (0.1444); caspar (0.1643),G7_accent_casual_variant,,True,text gates failed: G7_accent_casual_variant
271,hey jarvis,control,,,HH EY1 JH AA1 R V AH0 S,3,8,5,3,0.68,6.76,0.0,10.0,8.3,7.0,10.0,2.0,10.0,4.0,6,0,6,0.0,0.0023,0.0,0.0,jarvis (0.0); jars of (0.155); ahead of us (0.1743); he harvested (0.1812),G4_domain_names_commands,,True,calibration control - not a product candidate; text gates failed: G4_domain_names_commands
272,hi tavira (tuh-VEER-uh),launcher,tavira (tuh-VEER-uh),hi,HH AY1 T AH0 V IH1 R AH0,4,8,4,3,0.68,6.7,5.4,10.0,6.5,10.0,7,2.0,6.0,7.33,7,6,9,0.1357,0.0106,0.0,0.3,out of air (0.1357); out a very (0.1357); davila (0.1417); white americans (0.1457),G7_accent_casual_variant,,True,text gates failed: G7_accent_casual_variant
273,tapioca,word,,,T AH0 P IY1 AH0 K AH0,4,7,3,2,0.6,6.7,4.8,8.0,2.1,10.0,10.0,2.0,10.0,7.0,8,5,8,0.12,0.2284,0.0,0.3833,peek a (0.12); topeka (0.1429); pick a (0.15); topic of conversation (0.1643),G3_embedded_or_contains; G4_domain_names_commands,tameika (0.002%); tomika (0.002%),True,"text gates failed: G3_embedded_or_contains, G4_domain_names_commands"
274,hey zestra (ZESS-truh),launcher,zestra (ZESS-truh),hey,HH EY1 Z EH1 S T R AH0,3,8,5,3,0.68,6.7,4.7,10.0,4.2,6.0,10.0,2.0,10.0,6.67,7,6,7,0.1187,0.0548,0.0,0.0,his estranged (0.1187); is a strong (0.15); is astronomy (0.15); of astral (0.1557),G2_near_high_frequency; G3_embedded_or_contains,,True,"text gates failed: G2_near_high_frequency, G3_embedded_or_contains"
275,aria nova,aria,,,AA1 R IY0 AH0 N OW1 V AH0,5,8,3,4,0.68,6.69,5.5,8.0,5.3,9.0,7,2.0,10.0,7.67,8,7,8,0.1375,0.0245,0.0,0.175,mary know that (0.1375); mary know they're (0.1375); mary know there's (0.1375); mary know their (0.1375),G2_near_high_frequency; G7_accent_casual_variant,,True,"text gates failed: G2_near_high_frequency, G7_accent_casual_variant"
276,hey zebedee,launcher,zebedee,hey,HH EY1 Z EH1 B AH0 D IY2,4,8,4,4,0.68,6.69,6.0,8.0,4.8,9.0,7,2.0,10.0,7.33,7,6,9,0.15,0.0357,0.0,0.0,he's a bad (0.15); has a body (0.1562); has added (0.1571); has a bad (0.1643),G2_near_high_frequency; G7_accent_casual_variant,,True,"text gates failed: G2_near_high_frequency, G7_accent_casual_variant"
277,hey zelora (zeh-LOR-uh),launcher,zelora (zeh-LOR-uh),hey,HH EY1 Z EH0 L AO1 R AH0,4,8,4,4,0.68,6.66,5.7,10.0,6.9,9.0,7,2.0,6.0,7.33,7,6,9,0.1437,0.0074,0.0,0.0,set his alarm (0.1437); his alarm clock (0.1437); may the lord (0.1457); has a larger (0.1688),G7_accent_casual_variant,,True,text gates failed: G7_accent_casual_variant
278,doravo,invented,,,D OW0 R AA1 V OW0,3,6,3,2,0.51,6.64,4.7,10.0,6.8,10.0,7,2.0,6.0,7.67,6,9,8,0.1167,0.0083,0.0,0.606,read a novel (0.1167); middle of a (0.1333); door of a (0.1333); model of a (0.1333),G4_domain_names_commands; G7_accent_casual_variant,,True,"text gates failed: G4_domain_names_commands, G7_accent_casual_variant"
279,aria care,aria,,,AA1 R IY0 AH0 K EH1 R,4,7,2,4,0.6,6.63,3.1,10.0,2.3,9.0,10.0,2.0,10.0,7.0,8,7,6,0.0786,0.2089,0.0,0.1167,mary appeared (0.0786); mary appears (0.0786); reappear (0.0917); mary carries (0.1143),G2_near_high_frequency; G3_embedded_or_contains,,True,"text gates failed: G2_near_high_frequency, G3_embedded_or_contains"
280,ariola,aria,,,AA2 R IY0 OW1 L AH0,4,6,2,4,0.51,6.61,1.6,10.0,3.7,9.0,10.0,2.0,10.0,7.67,8,7,8,0.04,0.0783,0.0,0.38,oriole (0.04); canary islands (0.1); the canary islands (0.1); very old fashioned (0.1),G3_embedded_or_contains,arreola (0.0073%); mariella (0.001%); faviola (0.001%); fabiola (0.005%); arielle (0.003%); marianna (0.007%); mariela (0.003%); maryellen (0.009%),True,text gates failed: G3_embedded_or_contains
281,gobanu,invented,,,G OW0 B AA1 N UW0,3,6,3,3,0.51,6.61,4.0,10.0,7.3,10.0,7,2.0,6.0,7.67,6,9,8,0.1,0.0055,0.0,0.35,gabon (0.1); vagabond (0.1); vagabonds (0.1); a vagabond (0.1),G7_accent_casual_variant,,True,text gates failed: G7_accent_casual_variant
282,hey kestra (KESS-truh),launcher,kestra (KESS-truh),hey,HH EY1 K EH1 S T R AH0,3,8,5,3,0.68,6.61,5.7,8.0,6.6,7.0,7,2.0,10.0,6.67,7,6,7,0.1417,0.0097,0.0,0.0,castro (0.1417); kissed the (0.17); cast the (0.17); kester (0.1833),G7_accent_casual_variant,,True,text gates failed: G7_accent_casual_variant
283,tokalo,invented,,,T OW0 K AA1 L OW0,3,6,3,2,0.51,6.6,0.0,10.0,4.2,10.0,10.0,2.0,10.0,7.67,6,9,8,0.0,0.0546,0.0,0.4125,calo (0.0); didn't apologize (0.0583); must apologize (0.0583); hasn't apologized (0.0583),G3_embedded_or_contains; G4_domain_names_commands,toccara (0.001%); toscano (0.00315%),True,"text gates failed: G3_embedded_or_contains, G4_domain_names_commands"
284,oolamo,invented,,,UW2 L AH0 M OW1,3,5,2,3,0.43,6.6,5.0,10.0,4.2,9.0,10.0,2.0,6.0,7.67,6,9,8,0.125,0.0552,0.0,0.5,limo (0.125); pseudomonas (0.14); you the most (0.164); to the most (0.164),G3_embedded_or_contains,zulema (0.002%),True,text gates failed: G3_embedded_or_contains
285,celestra (suh-LESS-truh),nominated,,,S AH0 L EH1 S T R AH0,3,8,4,2,0.68,6.59,5.4,10.0,2.7,6.0,10.0,2.0,10.0,7.33,8,8,6,0.1338,0.1536,0.0,0.4314,the last refuge (0.1338); lest the (0.1367); highly strung (0.1375); facial structure (0.14),G3_embedded_or_contains; G4_domain_names_commands,celesta (0.001%),True,"text gates failed: G3_embedded_or_contains, G4_domain_names_commands"
286,solaria,aria,,,S OW0 L AA1 R IY0 AH0,4,7,3,4,0.6,6.57,0.0,10.0,5.0,9.0,10.0,2.0,10.0,7.67,8,7,8,0.0,0.0314,0.0,0.22,solari (0.0); loria (0.04); laurie (0.12); lauri (0.12),G2_near_high_frequency,solorio (0.0045899999999999995%); hilaria (0.002%); floria (0.001%); solorzano (0.0050999999999999995%); rosaria (0.003%); candelaria (0.004%),True,text gates failed: G2_near_high_frequency
287,bonomo,invented,,,B OW0 N OW1 M OW0,3,6,3,1,0.51,6.56,3.0,10.0,7.9,10.0,7,2.0,6.0,7.67,6,9,8,0.075,0.0034,0.0,0.45,no no (0.075); know no (0.075); need a moment (0.1083); waited a moment (0.1083),G7_accent_casual_variant,,True,text gates failed: G7_accent_casual_variant
288,kaboda,invented,,,K AH0 B OW1 D AH0,3,6,3,2,0.51,6.56,0.0,10.0,3.9,10.0,10.0,2.0,10.0,7.67,6,9,8,0.0,0.0651,0.0,0.4083,boda (0.0); goda (0.0875); a buddha (0.11); commode (0.11),G3_embedded_or_contains; G4_domain_names_commands,,True,"text gates failed: G3_embedded_or_contains, G4_domain_names_commands"
289,aria please,aria,,,AA1 R IY0 AH0 P L IY1 Z,4,8,4,3,0.68,6.56,3.5,10.0,3.4,7.0,10.0,2.0,10.0,7.0,8,7,6,0.0875,0.0968,0.0,0.175,area please (0.0875); mary play the (0.1462); replays (0.15); are you pleased (0.15),G3_embedded_or_contains,,True,text gates failed: G3_embedded_or_contains
290,calaria,aria,,,K AH0 L AA1 R IY0 AH0,4,7,3,3,0.6,6.54,1.1,10.0,2.7,10.0,10.0,2.0,10.0,7.67,8,7,8,0.0286,0.1584,0.0,0.22,baccalaureate (0.0286); loria (0.04); local area (0.1); the local area (0.1),G3_embedded_or_contains; G4_domain_names_commands,candelaria (0.004%); clorinda (0.001%); hilaria (0.002%); galarza (0.00359%),True,"text gates failed: G3_embedded_or_contains, G4_domain_names_commands"
291,hey zivara (zih-VAR-uh),launcher,zivara (zih-VAR-uh),hey,HH EY1 Z IH0 V AA1 R AH0,4,8,4,4,0.68,6.51,5.6,10.0,6.0,9.0,7,2.0,6.0,7.33,7,6,9,0.14,0.0147,0.0,0.0,his authority (0.14); overstepped his authority (0.14); abusing his authority (0.14); abuses his authority (0.14),G3_embedded_or_contains; G7_accent_casual_variant,,True,"text gates failed: G3_embedded_or_contains, G7_accent_casual_variant"
292,okavo,invented,,,OW0 K AA1 V OW0,3,5,2,2,0.43,6.5,1.6,8.0,7.9,9.0,7,2.0,10.0,7.67,6,9,8,0.04,0.0033,0.0,0.3675,africa the (0.04); africa the middle (0.04); in africa the (0.04); the cause of (0.048),G4_domain_names_commands; G7_accent_casual_variant,collazo (0.00487%),True,"text gates failed: G4_domain_names_commands, G7_accent_casual_variant"
293,hi zivara (zih-VAR-uh),launcher,zivara (zih-VAR-uh),hi,HH AY1 Z IH0 V AA1 R AH0,4,8,4,4,0.68,6.49,5.0,10.0,6.4,9.0,7,2.0,6.0,7.33,7,6,9,0.125,0.0108,0.0,0.3,glasses of orange (0.125); sizes are (0.1487); has a foreign (0.15); by the virus (0.1529),G7_accent_casual_variant,,True,text gates failed: G7_accent_casual_variant
294,tomolo,invented,,,T OW0 M OW1 L OW0,3,6,3,1,0.51,6.47,2.0,10.0,5.3,10.0,10.0,2.0,6.0,7.67,6,9,8,0.05,0.0256,0.0,0.47,atenolol (0.05); nolo (0.075); arformoterol (0.1); guatemala (0.1083),G3_embedded_or_contains,,True,text gates failed: G3_embedded_or_contains
295,hi zaria,launcher,zaria,hi,HH AY1 Z AA1 R IY0 AH0,4,7,3,4,0.6,6.46,0.0,10.0,7.2,9.0,7,2.0,10.0,7.0,8,4,9,0.0,0.006,0.0,0.23,zaria (0.0); ivorian (0.0733); how sorry (0.1); rosaria (0.1),G7_accent_casual_variant,echevarria (0.00331%); rosaria (0.003%); hilaria (0.002%),True,text gates failed: G7_accent_casual_variant
296,bartholomew,name,,,B AA0 R TH AA1 L AH0 M Y UW2,4,10,6,3,0.85,6.46,7.7,0.2,6.3,9.0,10.0,2.0,10.0,7.0,8,5,8,0.1929,0.0119,3.12,0.56,harm you (0.1929); mary are amused (0.195); holland you (0.2062); fallen to (0.2143),G0_self_frequency,,True,text gates failed: G0_self_frequency
297,zubo,invented,,,Z UW1 B OW0,2,4,2,2,0.34,6.43,4.7,10.0,3.3,7.0,8,2.0,10.0,8.0,7,9,8,0.1167,0.1043,0.0,0.5733,udo (0.1167); jubilee (0.1175); juba (0.1175); jubilant (0.1175),G3_embedded_or_contains,dubose (0.00445%); kazuko (0.002%); shizuko (0.001%); dubois (0.00792%),True,text gates failed: G3_embedded_or_contains
298,gubo,invented,,,G UW1 B OW0,2,4,2,2,0.34,6.43,3.5,10.0,3.5,8.0,8,2.0,10.0,8.0,7,9,8,0.0875,0.0907,0.0,0.5667,do but (0.0875); do both (0.0875); to do but (0.0875); google translate (0.0875),G3_embedded_or_contains,dubose (0.00445%); verdugo (0.00244%); angulo (0.00431%); jacobo (0.00393%),True,text gates failed: G3_embedded_or_contains
299,aria listen,aria,,,AA1 R IY0 AH0 L IH1 S AH0 N,5,9,4,4,0.77,6.43,3.8,8.0,3.2,8.0,10.0,2.0,10.0,7.0,8,7,6,0.0938,0.1093,0.0,0.175,realism (0.0938); mary recently (0.1278); very recently (0.1278); are you listening (0.1333),G2_near_high_frequency; G3_embedded_or_contains,,True,"text gates failed: G2_near_high_frequency, G3_embedded_or_contains"
300,okabaro,invented,,,OW2 K AH0 B AA1 R OW0,4,7,3,3,0.6,6.39,5.1,10.0,2.6,9.0,10.0,2.0,6.0,7.0,4,9,8,0.1286,0.1676,0.0,0.4667,snow tomorrow (0.1286); go tomorrow (0.1286); to go tomorrow (0.1286); it'll snow tomorrow (0.1286),G3_embedded_or_contains,,True,text gates failed: G3_embedded_or_contains
301,molova,invented,,,M OW0 L OW1 V AH0,3,6,3,2,0.51,6.37,2.0,8.0,5.6,10.0,7,2.0,10.0,7.67,6,9,8,0.05,0.0192,0.0,0.55,lo the (0.05); low the (0.05); moldova (0.1429); live a (0.15),G7_accent_casual_variant,,True,text gates failed: G7_accent_casual_variant
302,hey tobias,name,,,HH EY1 T AH0 B AY1 AH0 S,4,8,4,3,0.68,6.34,0.0,8.0,5.4,9.0,10.0,2.0,10.0,6.33,8,5,6,0.0,0.0235,0.0,0.0,tobias (0.0); to buy us (0.1167); hit by a (0.1357); tobias is (0.1429),G2_near_high_frequency,tobias (0.005%),True,text gates failed: G2_near_high_frequency
303,dakrumo,invented,,,D AH0 K R UW1 M OW0,3,7,4,3,0.6,6.33,4.3,10.0,6.0,9.0,7,2.0,6.0,7.67,6,9,8,0.1083,0.0149,0.0,0.4917,back room (0.1083); backroom (0.1083); trade agreement with (0.1357); a trade agreement (0.1357),G3_embedded_or_contains; G7_accent_casual_variant,,True,"text gates failed: G3_embedded_or_contains, G7_accent_casual_variant"
304,kestovi,invented,,,K EH0 S T OW1 V IY0,3,7,4,3,0.6,6.29,0.0,10.0,7.0,8.0,7,2.0,10.0,7.67,6,9,8,0.0,0.0071,0.0,0.4225,tovey (0.0); speak estonian (0.1343); cast of (0.1417); test of (0.1667),G7_accent_casual_variant,,True,text gates failed: G7_accent_casual_variant
305,hey callista (kuh-LISS-tuh),launcher,callista (kuh-LISS-tuh),hey,HH EY1 K AH0 L IH1 S T AH0,4,9,5,3,0.77,6.29,0.0,10.0,4.0,8.0,10.0,2.0,10.0,7.33,7,6,9,0.0,0.0601,0.0,0.0,calista (0.0); cyclist (0.1188); make a list (0.125); take a little (0.125),G4_domain_names_commands,calista (0.001%),True,text gates failed: G4_domain_names_commands
306,hey vesta (VESS-tuh),launcher,vesta (VESS-tuh),hey,HH EY1 V EH1 S T AH0,3,7,4,3,0.6,6.27,0.0,10.0,3.9,8.0,10.0,2.0,10.0,7.33,7,6,9,0.0,0.0652,0.0,0.0,vesta (0.0); vest a (0.0); vista (0.04); festa (0.09),G3_embedded_or_contains,celesta (0.001%),True,text gates failed: G3_embedded_or_contains
307,kalimba,word,,,K AH0 L IH1 M B AH0,3,7,4,2,0.6,6.26,2.6,8.0,2.2,9.0,10.0,2.0,10.0,7.0,8,5,8,0.0643,0.2119,0.0,0.4571,electrical impulses (0.0643); columbus (0.0714); columbus's (0.0714); limbaugh (0.08),G2_near_high_frequency; G3_embedded_or_contains; G4_domain_names_commands,columbus (0.005%); michelina (0.001%); palumbo (0.00373%),True,"text gates failed: G2_near_high_frequency, G3_embedded_or_contains, G4_domain_names_commands"
308,ariamo,aria,,,AA2 R IY0 AA1 M OW0,4,6,2,3,0.51,6.24,3.3,10.0,3.4,9.0,10.0,2.0,6.0,7.67,8,7,8,0.0833,0.0969,0.0,0.42,soriano (0.0833); story on a (0.0833); mary a note (0.1167); italiano (0.1167),G3_embedded_or_contains; G4_domain_names_commands,soriano (0.00879%); marianna (0.007%); mariano (0.008%),True,"text gates failed: G3_embedded_or_contains, G4_domain_names_commands"
309,hi callista (kuh-LISS-tuh),launcher,callista (kuh-LISS-tuh),hi,HH AY1 K AH0 L IH1 S T AH0,4,9,5,3,0.77,6.23,0.0,10.0,3.6,8.0,10.0,2.0,10.0,7.33,7,6,9,0.0,0.0808,0.0,0.3,calista (0.0); cyclist (0.0437); cyclists (0.075); a cyclist (0.075),G4_domain_names_commands,calista (0.001%),True,text gates failed: G4_domain_names_commands
310,hi ignatius,launcher,ignatius,hi,HH AY1 IH2 G N EY1 SH AH0 S,4,9,5,4,0.77,6.17,0.0,8.0,6.2,7.0,10.0,2.0,10.0,6.67,7,6,7,0.0,0.013,0.0,0.3,ignatius (0.0); diagnosis (0.1525); a gracious (0.1714); misdiagnosis (0.1911),G2_near_high_frequency,,True,text gates failed: G2_near_high_frequency
311,lumaro,invented,,,L UW0 M AA1 R OW0,3,6,3,3,0.51,6.16,0.0,10.0,2.1,9.0,10.0,2.0,10.0,7.67,6,9,8,0.0,0.2272,0.0,0.4625,morrow (0.0); maro (0.0); moro (0.05); mauro (0.05),G2_near_high_frequency; G4_domain_names_commands,palomares (0.0024%),True,"text gates failed: G2_near_high_frequency, G4_domain_names_commands"
312,dekrova,invented,,,D EH0 K R OW1 V AH0,3,7,4,3,0.6,6.14,2.0,10.0,7.0,9.0,7,2.0,6.0,7.67,6,9,8,0.05,0.0069,0.0,0.475,row the (0.05); rosa (0.06); rose a (0.06); roza (0.06),G7_accent_casual_variant,,True,text gates failed: G7_accent_casual_variant
313,tiberius,name,,,T IH0 B EH1 R IY0 AH0 S,4,8,4,4,0.68,6.14,0.0,8.0,4.0,9.0,10.0,2.0,10.0,6.33,8,5,6,0.0,0.0606,0.0,0.2714,bury us (0.0); populated areas (0.1); forested areas (0.1); protected areas (0.1),G2_near_high_frequency; G3_embedded_or_contains,,True,"text gates failed: G2_near_high_frequency, G3_embedded_or_contains"
314,hi aria,aria,,,HH AY1 AA1 R IY0 AH0,4,6,2,4,0.51,6.13,0.0,10.0,3.9,10.0,7,2.0,10.0,8.33,10,7,8,0.0,0.0679,0.0,0.175,aria (0.0); indo aryan (0.12); indo aryan language (0.12); an indo aryan (0.12),G3_embedded_or_contains; G4_domain_names_commands; G7_accent_casual_variant,,True,"text gates failed: G3_embedded_or_contains, G4_domain_names_commands, G7_accent_casual_variant"
315,hey zaria,launcher,zaria,hey,HH EY1 Z AA1 R IY0 AH0,4,7,3,4,0.6,6.11,0.0,10.0,4.8,9.0,7,2.0,10.0,7.0,8,4,9,0.0,0.0355,0.0,0.0,zaria (0.0); rosaria (0.1); sharia (0.114); days are in (0.125),G4_domain_names_commands; G7_accent_casual_variant,echevarria (0.00331%); hilaria (0.002%); rosaria (0.003%); echeverria (0.0032400000000000003%),True,"text gates failed: G4_domain_names_commands, G7_accent_casual_variant"
316,hey zaria,aria,,,HH EY1 Z AA1 R IY0 AH0,4,7,3,4,0.6,6.11,0.0,10.0,4.8,9.0,7,2.0,10.0,6.67,8,4,8,0.0,0.0355,0.0,0.0,zaria (0.0); rosaria (0.1); sharia (0.114); days are in (0.125),G4_domain_names_commands; G7_accent_casual_variant,echevarria (0.00331%); hilaria (0.002%); rosaria (0.003%); echeverria (0.0032400000000000003%),True,"text gates failed: G4_domain_names_commands, G7_accent_casual_variant; same sound as 'hey zaria' (spelling variant)"
317,hi callista (CALL-iss-tuh),launcher,callista (CALL-iss-tuh),hi,HH AY1 K AO1 L IH0 S T AH0,4,9,5,4,0.77,6.09,2.3,10.0,4.3,8.0,10.0,2.0,6.0,7.33,7,6,9,0.0571,0.0497,0.0,0.3,calista (0.0571); callister (0.0857); cyclist (0.0938); cyclists (0.125),G2_near_high_frequency; G3_embedded_or_contains,,True,"text gates failed: G2_near_high_frequency, G3_embedded_or_contains"
318,kalamazoo,word,,,K AE2 L AH0 M AH0 Z UW1,4,8,4,3,0.68,6.09,4.2,2.5,4.9,9.0,10.0,2.0,10.0,6.67,8,4,8,0.1057,0.033,2.99,0.4,column of (0.1057); gallon of (0.1414); column is (0.1429); columns (0.1571),G3_embedded_or_contains,,True,text gates failed: G3_embedded_or_contains
319,tovara (toh-VAR-uh),nominated,,,T OW0 V AA1 R AH0,3,6,3,3,0.51,6.04,0.0,10.0,3.3,10.0,7,2.0,10.0,8.0,8,8,8,0.0,0.1006,0.0,0.3,vara (0.0); tovar (0.0); tomatoes are a (0.04); toes are (0.048),G3_embedded_or_contains; G4_domain_names_commands; G7_accent_casual_variant,covarrubias (0.00617%); tavares (0.00433%); tavarez (0.00346%); toccara (0.001%); tammara (0.002%),True,"text gates failed: G3_embedded_or_contains, G4_domain_names_commands, G7_accent_casual_variant"
320,kobastro,invented,,,K OW0 B AE1 S T R OW0,3,8,5,2,0.68,5.97,2.3,10.0,7.5,7.0,7,2.0,6.0,7.0,6,9,6,0.0583,0.0046,0.0,0.5,gastro (0.0583); bistro (0.0667); catastrophe (0.1); a catastrophe (0.1),G4_domain_names_commands; G7_accent_casual_variant,,True,"text gates failed: G4_domain_names_commands, G7_accent_casual_variant"
321,pakuma,invented,,,P AH0 K UW1 M AH0,3,6,3,2,0.51,5.96,3.5,10.0,4.2,10.0,6,2.0,6.0,7.67,6,9,8,0.0875,0.0537,0.0,0.175,puma (0.0875); cunha (0.0875); a coma (0.11); cocoon (0.13),G3_embedded_or_contains; G6_clipped_boundary,,True,"text gates failed: G3_embedded_or_contains, G6_clipped_boundary"
322,jaskoba,invented,,,JH AH0 S K OW1 B AH0,3,7,4,2,0.6,5.96,3.5,10.0,3.2,7.0,10.0,2.0,6.0,7.67,6,9,8,0.0875,0.1078,0.0,0.3,coda (0.0875); koga (0.0875); a scuba (0.0917); koba (0.1),G3_embedded_or_contains,jacoby (0.00318%),True,text gates failed: G3_embedded_or_contains
323,hi zari (ZAR-ee),launcher,zari (ZAR-ee),hi,HH AY1 Z AA1 R IY0,3,6,3,3,0.51,5.96,2.4,10.0,5.3,9.0,3,2.0,10.0,7.33,7,6,9,0.06,0.0249,0.0,0.28,vari (0.06); how very (0.065); size are (0.07); how sorry (0.1),G6_clipped_boundary; G7_accent_casual_variant,,True,"text gates failed: G6_clipped_boundary, G7_accent_casual_variant"
324,hi vesta (VESS-tuh),launcher,vesta (VESS-tuh),hi,HH AY1 V EH1 S T AH0,3,7,4,3,0.6,5.96,0.0,10.0,4.7,8.0,7,2.0,10.0,7.33,7,6,9,0.0,0.0389,0.0,0.3,vesta (0.0); vest a (0.0); vista (0.04); festa (0.09),G3_embedded_or_contains; G7_accent_casual_variant,,True,"text gates failed: G3_embedded_or_contains, G7_accent_casual_variant"
325,kabuki,word,,,K AH0 B UW1 K IY2,3,6,2,3,0.51,5.94,1.5,3.5,4.6,10.0,10.0,2.0,10.0,7.0,8,5,8,0.0375,0.042,2.59,0.4917,bookie (0.0375); make a booking (0.05); booty (0.0875); bootie (0.0875),G3_embedded_or_contains,,True,text gates failed: G3_embedded_or_contains
326,petunia,word,,,P AH0 T UW1 N IY0 AH0,4,7,3,3,0.6,5.94,0.0,3.8,5.8,10.0,10.0,2.0,10.0,7.0,8,5,8,0.0,0.0171,2.48,0.3,petunias (0.0); to me a (0.06); tonia (0.11); pettine (0.1333),G3_embedded_or_contains,,True,text gates failed: G3_embedded_or_contains
327,kovo,invented,,,K OW1 V OW0,2,4,2,1,0.34,5.93,0.0,10.0,3.5,8.0,8,2.0,10.0,8.0,7,9,8,0.0,0.0855,0.0,0.49,cove (0.0); mexico the (0.05); morocco the (0.05); in mexico the (0.05),G3_embedded_or_contains; G4_domain_names_commands,covarrubias (0.00617%); kovach (0.0030600000000000002%); jacobo (0.00393%); kozak (0.00254%); kovacs (0.0030800000000000003%); coppola (0.00294%); covert (0.0028399999999999996%),True,"text gates failed: G3_embedded_or_contains, G4_domain_names_commands"
328,boktari,invented,,,B AA0 K T AA1 R IY0,3,7,4,2,0.6,5.93,2.0,10.0,5.5,9.0,7,2.0,6.0,7.67,6,9,8,0.05,0.0213,0.0,0.175,tory (0.05); tori (0.05); torrey (0.05); torry (0.05),G2_near_high_frequency; G3_embedded_or_contains; G7_accent_casual_variant,,True,"text gates failed: G2_near_high_frequency, G3_embedded_or_contains, G7_accent_casual_variant"
329,gomaya,invented,,,G OW0 M AY1 AH0,3,5,2,3,0.43,5.9,0.0,10.0,3.3,10.0,10.0,2.0,6.0,7.67,6,9,8,0.0,0.1025,0.0,0.3333,maya (0.0); maia (0.0); go my (0.0); my a (0.0),G2_near_high_frequency; G3_embedded_or_contains,,True,"text gates failed: G2_near_high_frequency, G3_embedded_or_contains"
330,gektora,invented,,,G EH0 K T AO1 R AH0,3,7,4,3,0.6,5.89,0.0,10.0,4.2,9.0,10.0,2.0,6.0,7.67,6,9,8,0.0,0.0557,0.0,0.325,torah (0.0); tore a (0.0); tara (0.05); cora (0.0875),G2_near_high_frequency,,True,text gates failed: G2_near_high_frequency
331,jistova,invented,,,JH IH0 S T OW1 V AH0,3,7,4,3,0.6,5.87,2.0,10.0,3.1,7.0,7,2.0,10.0,7.67,6,9,8,0.05,0.1173,0.0,0.455,toe the (0.05); gist of (0.1083); tov (0.15); teva (0.15),G2_near_high_frequency; G3_embedded_or_contains; G7_accent_casual_variant,,True,"text gates failed: G2_near_high_frequency, G3_embedded_or_contains, G7_accent_casual_variant"
332,ukulele,word,,,Y UW2 K AH0 L EY1 L IY0,4,8,3,4,0.68,5.87,2.7,2.5,4.9,9.0,10.0,2.0,10.0,7.0,8,5,8,0.0667,0.034,3.01,0.4062,a ukulele (0.0667); the ukulele (0.16); you canadians (0.175); you canadian (0.175),G0_self_frequency; G3_embedded_or_contains,,True,"text gates failed: G0_self_frequency, G3_embedded_or_contains"
333,vimba,invented,,,V IH1 M B AH0,2,5,3,2,0.43,5.83,2.4,10.0,1.4,7.0,8,2.0,10.0,8.0,7,9,8,0.06,0.3798,0.0,0.4125,of embarrassment (0.06); died of embarrassment (0.06); kind of embarrassing (0.06); of embarrassing (0.06),G2_near_high_frequency; G3_embedded_or_contains; G4_domain_names_commands,trimble (0.00553%); kimball (0.0079%); kimble (0.0061200000000000004%),True,"text gates failed: G2_near_high_frequency, G3_embedded_or_contains, G4_domain_names_commands"
334,hey aria,aria,,,HH EY1 AA1 R IY0 AH0,4,6,2,4,0.51,5.71,0.0,8.0,3.0,10.0,7,2.0,10.0,8.33,10,7,8,0.0,0.1221,0.0,0.0,aria (0.0); hey Ari (0.1); indo aryan (0.12); indo aryan language (0.12),G3_embedded_or_contains; G4_domain_names_commands; G7_accent_casual_variant,hilaria (0.002%),True,"text gates failed: G3_embedded_or_contains, G4_domain_names_commands, G7_accent_casual_variant"
335,hey krysta (KRISS-tuh),launcher,krysta (KRISS-tuh),hey,HH EY1 K R IH1 S T AH0,3,8,5,3,0.68,5.69,1.6,8.0,4.2,8.0,6,2.0,10.0,7.33,7,6,9,0.04,0.0551,0.0,0.0,rest a (0.04); risk a (0.07); a crystal (0.0929); arista (0.1),G4_domain_names_commands; G6_clipped_boundary,crista (0.002%); cristobal (0.004%); crysta (0.001%); krysta (0.002%),True,"text gates failed: G4_domain_names_commands, G6_clipped_boundary"
336,hey talista (tuh-LISS-tuh),launcher,talista (tuh-LISS-tuh),hey,HH EY1 T AH0 L IH1 S T AH0,4,9,4,3,0.77,5.69,2.0,10.0,4.8,8.0,7,2.0,6.0,7.33,7,6,9,0.05,0.0347,0.0,0.0,calista (0.05); fatalistic (0.0944); hit list (0.1187); wait a little (0.125),G7_accent_casual_variant,,True,text gates failed: G7_accent_casual_variant
337,barnaby,name,,,B AA1 R N AH0 B IY0,3,7,3,3,0.6,5.69,2.3,2.7,3.8,9.0,10.0,2.0,10.0,7.0,8,5,8,0.0583,0.0731,2.93,0.325,gonna be a (0.0583); barnabas (0.0857); barnum (0.0917); nabil (0.1),G2_near_high_frequency,barbee (0.0038900000000000002%); barbie (0.003%); barney (0.009%),True,text gates failed: G2_near_high_frequency
338,kestia (KESS-tee-uh),nominated,,,K EH1 S T IY0 AH0,3,6,3,3,0.51,5.67,0.0,10.0,3.7,8.0,10.0,2.0,6.0,8.0,8,8,8,0.0,0.0784,0.0,0.3,tia (0.0); tea a (0.0); t a (0.0); testy (0.07),G3_embedded_or_contains; G4_domain_names_commands,castanon (0.0026%); kecia (0.003%); kirstie (0.001%); casteel (0.00287%); testa (0.0029500000000000004%); christiana (0.003%),True,"text gates failed: G3_embedded_or_contains, G4_domain_names_commands"
339,dorivo,invented,,,D AO0 R IY1 V OW0,3,6,3,3,0.51,5.63,1.6,8.0,4.8,10.0,3,2.0,10.0,7.67,6,9,8,0.04,0.0351,0.0,0.4125,find a reason (0.04); had a reason (0.04); need a reason (0.04); reso (0.06),G4_domain_names_commands; G6_clipped_boundary; G7_accent_casual_variant,doreatha (0.001%); olivo (0.0035499999999999998%),True,"text gates failed: G4_domain_names_commands, G6_clipped_boundary, G7_accent_casual_variant"
340,bumaro,invented,,,B UW0 M AA1 R OW0,3,6,3,3,0.51,5.6,0.0,10.0,1.2,10.0,6,2.0,10.0,7.67,6,9,8,0.0,0.4363,0.0,0.45,morrow (0.0); maro (0.0); moro (0.05); mauro (0.05),G2_near_high_frequency; G4_domain_names_commands; G6_clipped_boundary,,True,"text gates failed: G2_near_high_frequency, G4_domain_names_commands, G6_clipped_boundary"
341,tikastro,invented,,,T IY0 K AE1 S T R OW0,3,8,4,3,0.68,5.6,0.0,10.0,4.2,7.0,10.0,2.0,6.0,7.0,6,9,6,0.0,0.0551,0.0,0.5667,castro (0.0); gastro (0.075); take a stroll (0.0938); took a stroll (0.1125),G3_embedded_or_contains; G4_domain_names_commands,,True,"text gates failed: G3_embedded_or_contains, G4_domain_names_commands"
342,galileo,name,,,G AE2 L AH0 L IY1 OW0,4,7,2,4,0.6,5.6,0.0,2.0,5.2,10.0,10.0,2.0,10.0,6.67,8,4,8,0.0,0.027,3.2,0.325,galilee (0.0); galileo's (0.0); galilean (0.0929); an illegal alien (0.1357),G0_self_frequency,,True,text gates failed: G0_self_frequency
343,gotrika,invented,,,G OW0 T R IY1 K AH0,3,7,4,3,0.6,5.59,0.0,10.0,5.1,9.0,7,2.0,6.0,7.67,6,9,8,0.0,0.0288,0.0,0.25,rica (0.0); go trick (0.025); go trick or (0.0786); rita (0.0875),G3_embedded_or_contains; G4_domain_names_commands; G7_accent_casual_variant,,True,"text gates failed: G3_embedded_or_contains, G4_domain_names_commands, G7_accent_casual_variant"
344,gardenia,name,,,G AA0 R D IY1 N Y AH0,3,8,5,3,0.68,5.59,3.6,3.9,3.6,9.0,7,2.0,10.0,7.0,8,5,8,0.09,0.0809,2.43,0.3857,dania (0.09); regarding your (0.1125); garden yesterday (0.1125); gardena (0.125),G7_accent_casual_variant,bernardina (0.001%),True,text gates failed: G7_accent_casual_variant
345,hi talista (tuh-LISS-tuh),launcher,talista (tuh-LISS-tuh),hi,HH AY1 T AH0 L IH1 S T AH0,4,9,4,3,0.77,5.56,2.0,10.0,3.9,8.0,7,2.0,6.0,7.33,7,6,9,0.05,0.0688,0.0,0.3,calista (0.05); cyclist (0.0875); cyclists (0.1187); a cyclist (0.1187),G2_near_high_frequency; G3_embedded_or_contains; G7_accent_casual_variant,,True,"text gates failed: G2_near_high_frequency, G3_embedded_or_contains, G7_accent_casual_variant"
346,magnolia,name,,,M AE0 G N OW1 L Y AH0,3,8,5,3,0.68,5.54,0.0,2.0,5.8,9.0,10.0,2.0,10.0,7.0,8,5,8,0.0,0.0169,3.21,0.33,magnolias (0.0); nola (0.2); dalia (0.24); mongolia (0.2438),G0_self_frequency,mcmillian (0.0039900000000000005%),True,text gates failed: G0_self_frequency
347,juniper,word,,,JH UW1 N AH0 P ER0,3,6,3,3,0.51,5.53,0.0,2.1,5.6,9.0,10.0,2.0,10.0,6.33,8,5,6,0.0,0.0206,3.15,0.45,juniper (0.0); junot (0.07); napper (0.075); nutter (0.0875),G0_self_frequency,,True,text gates failed: G0_self_frequency
348,hey willow,phrase,,,HH EY1 W IH1 L OW2,3,6,3,3,0.51,5.51,0.0,8.0,2.6,10.0,6,2.0,10.0,7.0,8,5,8,0.0,0.164,0.0,0.0,willow (0.0); will o (0.0); say will (0.07); he will (0.09),G2_near_high_frequency; G3_embedded_or_contains; G6_clipped_boundary,,True,"text gates failed: G2_near_high_frequency, G3_embedded_or_contains, G6_clipped_boundary"
349,zanobi,invented,,,Z AH0 N OW1 B IY0,3,6,3,3,0.51,5.49,0.0,10.0,1.4,9.0,10.0,2.0,6.0,7.67,6,9,8,0.0,0.3674,0.0,0.35,zenobia (0.0); the nobility (0.045); the nobel (0.07); the nobel prize (0.07),G3_embedded_or_contains,zenobia (0.003%); jacoby (0.00318%),True,text gates failed: G3_embedded_or_contains
350,hey zari (ZAR-ee),launcher,zari (ZAR-ee),hey,HH EY1 Z AA1 R IY0,3,6,3,3,0.51,5.49,2.4,10.0,2.0,9.0,3,2.0,10.0,7.33,7,6,9,0.06,0.2509,0.0,0.0,vari (0.06); his are (0.07); say they're eager (0.0783); say sorry (0.09),G2_near_high_frequency; G3_embedded_or_contains; G4_domain_names_commands; G6_clipped_boundary; G7_accent_casual_variant,echevarria (0.00331%); hilaria (0.002%); hilario (0.005%),True,"text gates failed: G2_near_high_frequency, G3_embedded_or_contains, G4_domain_names_commands, G6_clipped_boundary, G7_accent_casual_variant"
351,montague,name,,,M AA1 N T AH0 G Y UW2,3,8,5,3,0.68,5.46,0.0,2.3,4.9,9.0,10.0,2.0,10.0,7.0,8,5,8,0.0,0.0329,3.08,0.4571,montagu (0.0); tongue you (0.11); want a beautiful (0.1312); tide you (0.16),G0_self_frequency,,True,text gates failed: G0_self_frequency
352,pomona,name,,,P OW0 M OW1 N AH0,3,6,3,2,0.51,5.43,0.0,2.8,6.2,10.0,7,2.0,10.0,6.67,8,4,8,0.0,0.0127,2.89,0.2375,mona (0.0); moma (0.075); known a (0.075); just a moment (0.1083),G7_accent_casual_variant,romona (0.005%),True,text gates failed: G7_accent_casual_variant
353,dandelion,word,,,D AE1 N D AH0 L AY2 AH0 N,4,9,3,3,0.77,5.41,0.0,2.8,4.1,9.0,10.0,2.0,10.0,6.33,8,5,6,0.0,0.057,2.9,0.3667,dandelions (0.0); a dandelion (0.06); the lion (0.1367); a lion (0.1667),G2_near_high_frequency; G3_embedded_or_contains,danielson (0.00435%); pendleton (0.005679999999999999%),True,"text gates failed: G2_near_high_frequency, G3_embedded_or_contains"
354,jovia (JOH-vee-uh),nominated,,,JH OW1 V IY0 AH0,3,5,2,3,0.43,5.4,0.0,8.0,6.8,9.0,6,2.0,6.0,8.0,8,8,8,0.0,0.0081,0.0,0.3133,via (0.0); jovi (0.0); jovial (0.0); jovian (0.0),G3_embedded_or_contains; G4_domain_names_commands; G6_clipped_boundary,segovia (0.00447%); zofia (0.002%); valdovinos (0.00344%); josephina (0.004%),True,"text gates failed: G3_embedded_or_contains, G4_domain_names_commands, G6_clipped_boundary"
355,velika,invented,,,V EH0 L IY1 K AH0,3,6,3,3,0.51,5.39,2.7,10.0,0.0,10.0,7,2.0,6.0,7.67,6,9,8,0.0667,1.4944,0.0,0.28,very concerned (0.0667); very comfortable (0.0667); very concerned about (0.0667); very confused (0.0667),G3_embedded_or_contains; G4_domain_names_commands; G7_accent_casual_variant,felica (0.003%); felipa (0.004%); angelika (0.002%); avelina (0.002%); evelina (0.002%); venita (0.004%); malika (0.002%),True,"text gates failed: G3_embedded_or_contains, G4_domain_names_commands, G7_accent_casual_variant"
356,zebedee,name,,,Z EH1 B AH0 D IY2,3,6,3,3,0.51,5.34,0.0,8.0,2.4,9.0,6,2.0,10.0,7.0,8,5,8,0.0,0.1913,0.0,0.35,buddy (0.0); a buddy (0.06); the bud (0.084); buggy (0.0875),G2_near_high_frequency; G3_embedded_or_contains; G6_clipped_boundary,,True,"text gates failed: G2_near_high_frequency, G3_embedded_or_contains, G6_clipped_boundary"
357,tazu,invented,,,T AA1 Z UW0,2,4,2,2,0.34,5.33,1.2,8.0,8.1,7.0,1,2.0,10.0,8.0,7,9,8,0.03,0.0026,0.0,0.45,tasia (0.03); taj (0.04); positive (0.0875); causes (0.0875),G6_clipped_boundary; G7_accent_casual_variant,kazuko (0.002%); tajuana (0.001%); baltazar (0.00442%),True,"text gates failed: G6_clipped_boundary, G7_accent_casual_variant"
358,ignatius,name,,,IH2 G N EY1 SH AH0 S,3,7,4,3,0.6,5.31,4.1,0.7,4.4,6.0,10.0,2.0,10.0,6.33,8,5,6,0.1029,0.046,2.94,0.5,misdiagnosis (0.1029); gracious (0.1167); be gracious (0.1214); very gracious (0.1214),G3_embedded_or_contains,ignacia (0.002%),True,text gates failed: G3_embedded_or_contains
359,zestra (ZESS-truh),nominated,,,Z EH1 S T R AH0,2,6,4,2,0.51,5.3,1.3,10.0,1.8,4.0,8,2.0,10.0,7.33,8,8,6,0.0333,0.2814,0.0,0.264,disastrous (0.0333); disastrously (0.0333); is astronomical (0.0333); astra (0.04),G3_embedded_or_contains; G4_domain_names_commands,restrepo (0.00252%); vesta (0.006%); estrella (0.003%),True,"text gates failed: G3_embedded_or_contains, G4_domain_names_commands"
360,hey beacon,phrase,,,HH EY1 B IY1 K AH0 N,3,7,4,3,0.6,5.3,0.0,8.0,4.1,10.0,3,2.0,10.0,6.33,8,5,6,0.0,0.0578,0.0,0.0,beacon (0.0); baby can (0.05); beckon (0.06); beaten (0.07),G2_near_high_frequency; G4_domain_names_commands; G6_clipped_boundary; G7_accent_casual_variant,,True,"text gates failed: G2_near_high_frequency, G4_domain_names_commands, G6_clipped_boundary, G7_accent_casual_variant"
361,hi krysta (KRISS-tuh),launcher,krysta (KRISS-tuh),hi,HH AY1 K R IH1 S T AH0,3,8,5,3,0.68,5.23,1.6,8.0,4.0,8.0,3,2.0,10.0,7.33,7,6,9,0.04,0.0616,0.0,0.3,rest a (0.04); a crystal (0.0643); risk a (0.07); arista (0.1),G4_domain_names_commands; G6_clipped_boundary; G7_accent_casual_variant,crista (0.002%); cristobal (0.004%); crysta (0.001%); krysta (0.002%),True,"text gates failed: G4_domain_names_commands, G6_clipped_boundary, G7_accent_casual_variant"
362,kestara (kess-TAR-uh),nominated,,,K EH0 S T AA1 R AH0,3,7,4,3,0.6,5.19,0.0,10.0,3.3,8.0,7,2.0,6.0,8.0,8,8,8,0.0,0.1018,0.0,0.325,tara (0.0); torah (0.05); tore a (0.05); test are (0.0583),G3_embedded_or_contains; G4_domain_names_commands; G7_accent_casual_variant,alcantara (0.00428%); castanon (0.0026%),True,"text gates failed: G3_embedded_or_contains, G4_domain_names_commands, G7_accent_casual_variant"
363,velora (veh-LOR-uh),nominated,,,V EH0 L AO1 R AH0,3,6,3,3,0.51,5.19,0.0,8.0,3.3,10.0,3,2.0,10.0,8.0,8,8,8,0.0,0.1018,0.0,0.235,laura (0.0); lora (0.0); lara (0.05); there are a (0.1),G2_near_high_frequency; G3_embedded_or_contains; G4_domain_names_commands; G6_clipped_boundary; G7_accent_casual_variant,velarde (0.00276%); delora (0.003%); deloras (0.001%); florance (0.002%); florida (0.004%),True,"text gates failed: G2_near_high_frequency, G3_embedded_or_contains, G4_domain_names_commands, G6_clipped_boundary, G7_accent_casual_variant"
364,zeloka,invented,,,Z EH0 L OW1 K AH0,3,6,3,3,0.51,5.19,0.0,8.0,1.3,9.0,6,2.0,10.0,7.67,6,9,8,0.0,0.3932,0.0,0.454,loca (0.0); is a local (0.05); the local (0.07); at the local (0.07),G2_near_high_frequency; G3_embedded_or_contains; G4_domain_names_commands; G6_clipped_boundary,anjelica (0.001%); angelika (0.002%),True,"text gates failed: G2_near_high_frequency, G3_embedded_or_contains, G4_domain_names_commands, G6_clipped_boundary"
365,komodo,word,,,K AH0 M OW1 D OW0,3,6,3,2,0.51,5.16,0.0,3.4,3.7,10.0,7,2.0,10.0,6.67,8,4,8,0.0,0.074,2.64,0.32,commode (0.0); okamoto (0.075); come i don't (0.1); prices of commodities (0.1083),G3_embedded_or_contains; G4_domain_names_commands; G7_accent_casual_variant,tomoko (0.002%),True,"text gates failed: G3_embedded_or_contains, G4_domain_names_commands, G7_accent_casual_variant"
366,hey compass,phrase,,,HH EY1 K AH1 M P AH0 S,3,8,5,2,0.68,5.14,0.0,8.0,5.0,8.0,3,2.0,10.0,6.33,8,5,6,0.0,0.031,0.0,0.0,compass (0.0); campus (0.05); a compass (0.0857); the compass (0.0929),G6_clipped_boundary; G7_accent_casual_variant,,True,"text gates failed: G6_clipped_boundary, G7_accent_casual_variant"
367,nomaro,invented,,,N OW0 M AA1 R OW0,3,6,3,2,0.51,5.09,0.0,8.0,2.6,10.0,3,2.0,10.0,7.67,6,9,8,0.0,0.1664,0.0,0.39,morrow (0.0); maro (0.0); no more (0.04); know more (0.04),G2_near_high_frequency; G3_embedded_or_contains; G4_domain_names_commands; G6_clipped_boundary; G7_accent_casual_variant,romano (0.00984%); palomares (0.0024%),True,"text gates failed: G2_near_high_frequency, G3_embedded_or_contains, G4_domain_names_commands, G6_clipped_boundary, G7_accent_casual_variant"
368,kestra (KESS-truh),nominated,,,K EH1 S T R AH0,2,6,4,2,0.51,5.04,0.0,8.0,2.3,5.0,8,2.0,10.0,7.33,8,8,6,0.0,0.2058,0.0,0.36,Kestrel (0.0); orchestral (0.0); astra (0.04); orchestra (0.05),G3_embedded_or_contains; G4_domain_names_commands,dykstra (0.00268%); kester (0.0024500000000000004%); castanon (0.0026%); chestnut (0.00269%); estrella (0.003%); restrepo (0.00252%),True,"text gates failed: G3_embedded_or_contains, G4_domain_names_commands"
369,tavira (tuh-VEER-uh),nominated,,,T AH0 V IH1 R AH0,3,6,3,2,0.51,5.03,1.5,8.0,1.7,10.0,6,2.0,6.0,8.0,8,8,8,0.0375,0.3078,0.0,0.175,viera (0.0375); vera (0.05); government of iran (0.0667); state of illinois (0.0667),G2_near_high_frequency; G3_embedded_or_contains; G4_domain_names_commands; G6_clipped_boundary,chavira (0.0029100000000000003%); altagracia (0.004%); quintanilla (0.00766%); chavarria (0.0062699999999999995%),True,"text gates failed: G2_near_high_frequency, G3_embedded_or_contains, G4_domain_names_commands, G6_clipped_boundary"
370,hullabaloo,word,,,HH AH2 L AH0 B AH0 L UW1,4,8,3,2,0.68,5.03,3.7,2.3,4.2,10.0,3,2.0,10.0,7.0,8,5,8,0.0929,0.0534,2.28,0.5,fallible (0.0929); horrible (0.1143); colorful balloons (0.1187); syllable (0.1214),G2_near_high_frequency; G6_clipped_boundary; G7_accent_casual_variant,,True,"text gates failed: G2_near_high_frequency, G6_clipped_boundary, G7_accent_casual_variant"
371,pemo,invented,,,P EH1 M OW0,2,4,2,2,0.34,4.99,2.0,8.0,3.9,8.0,1,2.0,10.0,8.0,7,9,8,0.05,0.0685,0.0,0.35,help him up (0.05); pamela (0.05); up emotionally (0.05); stop imitating (0.05),G2_near_high_frequency; G3_embedded_or_contains; G6_clipped_boundary; G7_accent_casual_variant,pemberton (0.00382%); remona (0.001%); sparrow (0.0025800000000000003%),True,"text gates failed: G2_near_high_frequency, G3_embedded_or_contains, G6_clipped_boundary, G7_accent_casual_variant"
372,kestrel,word,,,K EH1 S T R AH0 L,2,7,5,2,0.6,4.99,0.0,8.0,1.9,5.0,8,2.0,10.0,5.67,8,5,4,0.0,0.2649,0.0,0.2333,Kestrel (0.0); orchestral (0.0); astral (0.0333); castrol (0.0857),G2_near_high_frequency; G3_embedded_or_contains; G4_domain_names_commands,,True,"text gates failed: G2_near_high_frequency, G3_embedded_or_contains, G4_domain_names_commands"
373,callista (CALL-iss-tuh),nominated,,,K AO1 L IH0 S T AH0,3,7,4,3,0.6,4.96,1.2,10.0,1.5,8.0,6,2.0,6.0,8.0,8,8,8,0.03,0.3469,0.0,0.424,least a (0.03); leased a (0.03); lift a (0.048); tallest of (0.05),G2_near_high_frequency; G3_embedded_or_contains; G4_domain_names_commands; G6_clipped_boundary,calista (0.001%); christoper (0.006%); crista (0.002%),True,"text gates failed: G2_near_high_frequency, G3_embedded_or_contains, G4_domain_names_commands, G6_clipped_boundary"
374,pagoda,word,,,P AH0 G OW1 D AH0,3,6,3,2,0.51,4.94,0.0,2.9,3.7,10.0,6,2.0,10.0,7.0,8,5,8,0.0,0.0789,2.85,0.5,pagodas (0.0); goda (0.0); a pagoda (0.0857); boda (0.0875),G3_embedded_or_contains; G6_clipped_boundary,,True,"text gates failed: G3_embedded_or_contains, G6_clipped_boundary"
375,dabo,invented,,,D AA1 B OW0,2,4,2,2,0.34,4.9,0.0,10.0,3.3,8.0,1,2.0,10.0,8.0,7,9,8,0.0,0.1015,0.0,0.4,abo (0.0); dob (0.0); daub (0.0667); baba (0.0875),G3_embedded_or_contains; G4_domain_names_commands; G6_clipped_boundary; G7_accent_casual_variant,dagostino (0.0028399999999999996%); guardado (0.00429%); dubose (0.00445%); osvaldo (0.006%); coronado (0.00937%),True,"text gates failed: G3_embedded_or_contains, G4_domain_names_commands, G6_clipped_boundary, G7_accent_casual_variant"
376,callista (kuh-LISS-tuh),nominated,,,K AH0 L IH1 S T AH0,3,7,4,2,0.6,4.9,0.0,8.0,0.3,8.0,6,2.0,10.0,8.0,8,8,8,0.0,0.7862,0.0,0.424,Calista (0.0); calista (0.0); least a (0.03); leased a (0.03),G2_near_high_frequency; G3_embedded_or_contains; G4_domain_names_commands; G6_clipped_boundary,christoper (0.006%); crista (0.002%); cristobal (0.004%),True,"text gates failed: G2_near_high_frequency, G3_embedded_or_contains, G4_domain_names_commands, G6_clipped_boundary"
377,zari (ZAR-ee),nominated,,,Z AA1 R IY0,2,4,2,2,0.34,4.86,0.0,10.0,0.0,7.0,5,2.0,10.0,8.0,8,8,8,0.0,2.1402,0.0,0.1667,ari (0.0); tsar (0.0); rosario (0.0); czar (0.0),G2_near_high_frequency; G3_embedded_or_contains; G4_domain_names_commands; G7_accent_casual_variant,rosaria (0.003%); echevarria (0.00331%); cazares (0.00547%),True,"text gates failed: G2_near_high_frequency, G3_embedded_or_contains, G4_domain_names_commands, G7_accent_casual_variant"
378,domboro,invented,,,D AA0 M B AO1 R OW0,3,7,4,3,0.6,4.84,2.0,8.0,3.9,9.0,3,2.0,6.0,7.67,6,9,8,0.05,0.0673,0.0,0.4375,borrow (0.05); baro (0.05); barro (0.05); doro (0.0875),G6_clipped_boundary; G7_accent_casual_variant,amparo (0.009%); lombardo (0.00529%),True,"text gates failed: G6_clipped_boundary, G7_accent_casual_variant"
379,avocado,word,,,AE2 V AH0 K AA1 D OW0,4,7,3,4,0.6,4.81,0.0,1.4,4.4,9.0,7,1.9,10.0,7.0,8,5,8,0.0,0.0477,3.45,0.525,avocados (0.0); as a god (0.115); vaccaro (0.1167); of a god (0.125),G0_self_frequency; G7_accent_casual_variant,,True,"text gates failed: G0_self_frequency, G7_accent_casual_variant"
380,kumbo,invented,,,K UW1 M B OW0,2,5,3,2,0.43,4.77,0.0,8.0,5.4,7.0,5,2.0,6.0,8.0,7,9,8,0.0,0.0232,0.0,0.425,coombe (0.0); akimbo (0.12); combination (0.14); combinations (0.14),G3_embedded_or_contains; G7_accent_casual_variant,gamboa (0.00664%); kimball (0.0079%); kimble (0.0061200000000000004%),True,"text gates failed: G3_embedded_or_contains, G7_accent_casual_variant"
381,calypso,word,,,K AH0 L IH1 P S OW2,3,7,4,3,0.6,4.77,2.7,0.9,3.8,8.0,6,2.0,10.0,5.33,8,0,8,0.0667,0.0731,2.86,0.514,collapse (0.0667); clips (0.1); calyx (0.1083); lips i (0.12),G2_near_high_frequency; G3_embedded_or_contains; G6_clipped_boundary,,True,"text gates failed: G2_near_high_frequency, G3_embedded_or_contains, G6_clipped_boundary"
382,toko,invented,,,T OW1 K OW0,2,4,2,1,0.34,4.74,3.5,8.0,0.7,8.0,1,2.0,10.0,8.0,7,9,8,0.0875,0.6187,0.0,0.55,spoken (0.0875); spoken to (0.0875); spoken in (0.0875); a total (0.0875),G2_near_high_frequency; G3_embedded_or_contains; G6_clipped_boundary; G7_accent_casual_variant,toccara (0.001%); coppola (0.00294%); mitsuko (0.001%); hiroko (0.002%); kiyoko (0.001%); kyoko (0.001%); miyoko (0.001%); santoyo (0.0029500000000000004%),True,"text gates failed: G2_near_high_frequency, G3_embedded_or_contains, G6_clipped_boundary, G7_accent_casual_variant"
383,tumbaro,invented,,,T UW0 M B AA1 R OW0,3,7,4,3,0.6,4.69,0.0,8.0,0.8,9.0,3,2.0,10.0,7.67,6,9,8,0.0,0.5944,0.0,0.4875,borrow (0.0); baro (0.0); barro (0.0); tom borrowed (0.1),G2_near_high_frequency; G3_embedded_or_contains; G4_domain_names_commands; G6_clipped_boundary; G7_accent_casual_variant,,True,"text gates failed: G2_near_high_frequency, G3_embedded_or_contains, G4_domain_names_commands, G6_clipped_boundary, G7_accent_casual_variant"
384,bodu,invented,,,B OW1 D UW0,2,4,2,2,0.34,4.66,0.0,10.0,1.6,8.0,5,2.0,6.0,8.0,7,9,8,0.0,0.3322,0.0,0.5,bowed (0.0); bode (0.0); oh do (0.0); boy doesn't (0.05),G3_embedded_or_contains; G7_accent_casual_variant,bowden (0.00833%); abdul (0.007%); obdulia (0.002%),True,"text gates failed: G3_embedded_or_contains, G7_accent_casual_variant"
385,domino,word,,,D AA1 M AH0 N OW2,3,6,3,3,0.51,4.64,0.0,1.9,0.0,10.0,10.0,0.6,10.0,7.0,8,5,8,0.0,7.9783,3.23,0.15,dominoes (0.0); donnan (0.06); bahman (0.07); tom a note (0.075),G0_self_frequency; G2_near_high_frequency; G3_embedded_or_contains; G4_domain_names_commands,diamond (0.002%),True,"text gates failed: G0_self_frequency, G2_near_high_frequency, G3_embedded_or_contains, G4_domain_names_commands"
386,toucan,word,,,T UW1 K AH0 N,2,5,3,2,0.43,4.57,0.0,8.0,0.0,8.0,4,2.0,10.0,6.33,8,5,6,0.0,11.3749,0.0,0.2333,can (0.0); to convince (0.0); to continue (0.0); to convince tom (0.0),G2_near_high_frequency; G3_embedded_or_contains; G4_domain_names_commands; G6_clipped_boundary,keaton (0.0033%); keeton (0.0033%),True,"text gates failed: G2_near_high_frequency, G3_embedded_or_contains, G4_domain_names_commands, G6_clipped_boundary"
387,zelora (zeh-LOR-uh),nominated,,,Z EH0 L AO1 R AH0,3,6,3,3,0.51,4.5,0.0,8.0,3.5,9.0,3,2.0,6.0,8.0,8,8,8,0.0,0.0897,0.0,0.235,laura (0.0); lora (0.0); lara (0.05); there are a (0.0867),G2_near_high_frequency; G4_domain_names_commands; G6_clipped_boundary; G7_accent_casual_variant,delora (0.003%); deloras (0.001%); candelaria (0.004%); hannelore (0.002%),True,"text gates failed: G2_near_high_frequency, G4_domain_names_commands, G6_clipped_boundary, G7_accent_casual_variant"
388,jericho,name,,,JH EH1 R IH0 K OW2,3,6,3,3,0.51,4.47,1.5,0.0,3.2,9.0,6,1.6,10.0,6.67,8,4,8,0.0375,0.1115,3.33,0.358,rico (0.0375); ricoh (0.0375); reco (0.05); gerrit (0.07),G0_self_frequency; G2_near_high_frequency; G3_embedded_or_contains; G4_domain_names_commands; G6_clipped_boundary,jerica (0.001%); jerrica (0.001%); mariko (0.001%); angelika (0.002%); angelic (0.002%); sherika (0.001%),True,"text gates failed: G0_self_frequency, G2_near_high_frequency, G3_embedded_or_contains, G4_domain_names_commands, G6_clipped_boundary"
389,zivara (zih-VAR-uh),nominated,,,Z IH0 V AA1 R AH0,3,6,3,3,0.51,4.37,0.0,8.0,2.6,9.0,3,2.0,6.0,8.0,8,8,8,0.0,0.166,0.0,0.3,vara (0.0); expensive aren't (0.075); these aren't (0.085); these aren't my (0.085),G2_near_high_frequency; G3_embedded_or_contains; G4_domain_names_commands; G6_clipped_boundary; G7_accent_casual_variant,devora (0.002%); saldivar (0.005849999999999999%),True,"text gates failed: G2_near_high_frequency, G3_embedded_or_contains, G4_domain_names_commands, G6_clipped_boundary, G7_accent_casual_variant"
390,timbuktu,word,,,T IH2 M B AH0 K T UW1,3,8,4,3,0.68,4.36,0.0,1.4,2.7,9.0,6,1.4,10.0,6.67,8,4,8,0.0,0.1521,2.63,0.5929,buck to (0.0); back to (0.06); back two (0.06); back too (0.06),G2_near_high_frequency; G3_embedded_or_contains; G6_clipped_boundary,,True,"text gates failed: G2_near_high_frequency, G3_embedded_or_contains, G6_clipped_boundary"
391,marigold,word,,,M EH1 R AH0 G OW2 L D,3,8,5,3,0.68,4.36,0.0,1.1,0.0,9.0,10.0,0.4,10.0,6.33,8,5,6,0.0,1.5233,2.75,0.5071,marigolds (0.0); is a gold (0.1286); the gold (0.1367); the marigold (0.16),G2_near_high_frequency; G3_embedded_or_contains,,True,"text gates failed: G2_near_high_frequency, G3_embedded_or_contains"
392,krysta (KRISS-tuh),nominated,,,K R IH1 S T AH0,2,6,4,2,0.51,4.3,0.0,8.0,0.1,6.0,4,2.0,10.0,8.0,8,8,8,0.0,0.9258,0.0,0.424,crystal (0.0); Krista (0.0); Crystal (0.0); christopher (0.0),G2_near_high_frequency; G3_embedded_or_contains; G4_domain_names_commands; G6_clipped_boundary,christal (0.006%); christel (0.003%),True,"text gates failed: G2_near_high_frequency, G3_embedded_or_contains, G4_domain_names_commands, G6_clipped_boundary"
393,talista (tuh-LISS-tuh),nominated,,,T AH0 L IH1 S T AH0,3,7,3,2,0.6,4.29,0.0,8.0,0.0,8.0,6,2.0,6.0,8.0,8,8,8,0.0,1.0678,0.0,0.4071,environmentalist and (0.0); least a (0.03); leased a (0.03); lift a (0.048),G2_near_high_frequency; G3_embedded_or_contains; G4_domain_names_commands; G6_clipped_boundary,calista (0.001%); trista (0.005%); crista (0.002%); crysta (0.001%),True,"text gates failed: G2_near_high_frequency, G3_embedded_or_contains, G4_domain_names_commands, G6_clipped_boundary"
394,kallara (kuh-LAR-uh),nominated,,,K AH0 L AA1 R AH0,3,6,3,2,0.51,4.26,0.0,8.0,0.8,10.0,3,2.0,6.0,8.0,8,8,8,0.0,0.5603,0.0,0.285,lara (0.0); laura (0.05); lora (0.05); people aren't (0.0583),G3_embedded_or_contains; G4_domain_names_commands; G6_clipped_boundary; G7_accent_casual_variant,klara (0.001%); clora (0.001%); mclaurin (0.00273%); khalilah (0.001%); claretha (0.001%); galarza (0.00359%),True,"text gates failed: G3_embedded_or_contains, G4_domain_names_commands, G6_clipped_boundary, G7_accent_casual_variant"
395,valora,invented,,,V AH0 L AO1 R AH0,3,6,3,2,0.51,4.23,0.0,8.0,0.6,10.0,3,2.0,6.0,7.67,6,9,8,0.0,0.6685,0.0,0.235,laura (0.0); lora (0.0); lara (0.05); beautiful aren't (0.075),G2_near_high_frequency; G3_embedded_or_contains; G4_domain_names_commands; G6_clipped_boundary; G7_accent_casual_variant,florance (0.002%); florida (0.004%); delora (0.003%),True,"text gates failed: G2_near_high_frequency, G3_embedded_or_contains, G4_domain_names_commands, G6_clipped_boundary, G7_accent_casual_variant"
396,tikamo,invented,,,T IY1 K AH0 M OW0,3,6,3,3,0.51,4.2,0.0,8.0,0.4,10.0,3,2.0,6.0,7.67,6,9,8,0.0,0.7554,0.0,0.2625,tea come (0.0); comeau (0.0); take a moment (0.075); to come over (0.0833),G2_near_high_frequency; G3_embedded_or_contains; G6_clipped_boundary; G7_accent_casual_variant,,True,"text gates failed: G2_near_high_frequency, G3_embedded_or_contains, G6_clipped_boundary, G7_accent_casual_variant"
397,dakota,name,,,D AH0 K OW1 T AH0,3,6,3,2,0.51,4.07,0.0,0.0,1.9,10.0,6,0.6,10.0,7.0,8,5,8,0.0,0.2665,4.09,0.4125,dakotas (0.0); dakota's (0.0); cota (0.0); coat a (0.0),G0_self_frequency; G3_embedded_or_contains; G4_domain_names_commands; G6_clipped_boundary,buxton (0.00269%),True,"text gates failed: G0_self_frequency, G3_embedded_or_contains, G4_domain_names_commands, G6_clipped_boundary"
398,computer,control,,,K AH0 M P Y UW1 T ER0,3,8,5,3,0.68,4.0,0.0,0.0,0.0,8.0,10.0,0.0,10.0,3.33,6,0,4,0.0,1.2343,4.97,0.5,computers (0.0); compute (0.0); a computer (0.0667); computer a (0.0667),G0_self_frequency; G2_near_high_frequency; G3_embedded_or_contains,,True,"calibration control - not a product candidate; text gates failed: G0_self_frequency, G2_near_high_frequency, G3_embedded_or_contains"
399,aria,aria,,,AA1 R IY0 AH0,3,4,1,3,0.34,3.71,0.0,0.0,0.0,9.0,7,0.0,10.0,8.33,10,7,8,0.0,2.6992,3.39,0.0,mary about (0.0); mary admitted (0.0); Daria (0.0); hilarious (0.0),G0_self_frequency; G2_near_high_frequency; G3_embedded_or_contains; G4_domain_names_commands; G7_accent_casual_variant,,True,"text gates failed: G0_self_frequency, G2_near_high_frequency, G3_embedded_or_contains, G4_domain_names_commands, G7_accent_casual_variant"
400,zaria,aria,,,Z AA1 R IY0 AH0,3,5,2,3,0.43,3.7,0.0,2.3,0.6,9.0,3,1.0,10.0,6.67,8,4,8,0.0,0.6417,2.27,0.0,aria (0.0); ria (0.0); rhea (0.0); rosaria (0.0),G2_near_high_frequency; G3_embedded_or_contains; G4_domain_names_commands; G6_clipped_boundary; G7_accent_casual_variant,rosaria (0.003%); echevarria (0.00331%),True,"text gates failed: G2_near_high_frequency, G3_embedded_or_contains, G4_domain_names_commands, G6_clipped_boundary, G7_accent_casual_variant"
401,victoria,name,,,V IH0 K T AO1 R IY0 AH0,4,8,4,4,0.68,3.3,0.0,0.0,0.8,9.0,3,0.3,10.0,7.0,8,5,8,0.0,0.5841,4.44,0.14,Victoria (0.0); victorian (0.0); victorious (0.0); victoria's (0.0),G0_self_frequency; G2_near_high_frequency; G3_embedded_or_contains; G4_domain_names_commands; G6_clipped_boundary; G7_accent_casual_variant,victorina (0.001%),True,"text gates failed: G0_self_frequency, G2_near_high_frequency, G3_embedded_or_contains, G4_domain_names_commands, G6_clipped_boundary, G7_accent_casual_variant"
402,alexa,control,,,AH0 L EH1 K S AH0,3,6,3,2,0.51,3.3,0.0,0.0,0.1,7.0,6,0.0,10.0,4.67,6,0,8,0.0,0.9375,3.52,0.45,national exhibition (0.0); pacific national exhibition (0.0); special exhibition (0.0); collection (0.02),G0_self_frequency; G2_near_high_frequency; G3_embedded_or_contains; G4_domain_names_commands; G6_clipped_boundary,alexia (0.003%); analisa (0.001%); annalisa (0.002%); felicidad (0.001%),True,"calibration control - not a product candidate; text gates failed: G0_self_frequency, G2_near_high_frequency, G3_embedded_or_contains, G4_domain_names_commands, G6_clipped_boundary"
403,vesta (VESS-tuh),nominated,,,V EH1 S T AH0,2,5,3,2,0.43,3.14,0.0,1.5,0.0,6.0,4,0.5,10.0,8.0,8,8,8,0.0,1.3495,2.59,0.34,investigation (0.0); investigate (0.0); investigations (0.0); invested (0.0),G2_near_high_frequency; G3_embedded_or_contains; G4_domain_names_commands; G6_clipped_boundary,vest (0.00387%); maestas (0.00281%); weston (0.006%); justa (0.001%); celesta (0.001%),True,"text gates failed: G2_near_high_frequency, G3_embedded_or_contains, G4_domain_names_commands, G6_clipped_boundary"
